x_m,z_m,half_breadth_m
0,0,0
0,6.24651316307e-05,0
0,0.000249822899863,0
0,0.000561960447384,0
0,0.000998689754205,0
0,0.00155974775092,0
0,0.00224479647718,0
0,0.00305342328524,0
0,0.00398514108855,0
0,0.00503938865514,0
0,0.0062155309457,0
0,0.0075128594961,0
0,0.00893059284412,0
0,0.0104678770002,0
0,0.0121237859619,0
0,0.0138973222715,0
0,0.0157874176171,0
0,0.0177929334759,0
0,0.0199126618001,0
0,0.0221453257447,0
0,0.0244895804365,0
0,0.0269440137839,0
0,0.0295071473283,0
0,0.0321774371336,0
0,0.0349532747173,0
0,0.0378329880186,0
0,0.0408148424058,0
0,0.0438970417214,0
0,0.0470777293637,0
0,0.0503549894054,0
0,0.0537268477477,0
0,0.0571912733091,0
0,0.0607461792493,0
0,0.0643894242258,0
0,0.0681188136841,0
0,0.0719321011795,0
0,0.07582698973,0
0,0.0798011332006,0
0,0.0838521377157,0
0,0.0879775631017,0
0,0.0921749243567,0
0,0.0964416931472,0
0,0.100775299331,0
0,0.105173132506,0
0,0.109632543582,0
0,0.114150846377,0
0,0.118725319233,0
0,0.12335320666,0
0,0.128031720991,0
0,0.132758044063,0
0,0.137529328917,0
0,0.14234270151,0
0,0.147195262445,0
0,0.152084088721,0
0,0.157006235492,0
0,0.16195873784,0
0,0.166938612565,0
0,0.171942859974,0
0,0.176968465698,0
0,0.182012402498,0
0,0.187071632096,0
0,0.192143107002,0
0,0.197223772347,0
0,0.20231056773,0
0,0.207400429055,0
0,0.212490290381,0
0,0.217577085764,0
0,0.222657751109,0
0,0.227729226015,0
0,0.232788455613,0
0,0.237832392413,0
0,0.242857998136,0
0,0.247862245546,0
0,0.252842120271,0
0,0.257794622619,0
0,0.26271676939,0
0,0.267605595666,0
0,0.272458156601,0
0,0.277271529193,0
0,0.282042814048,0
0,0.28676913712,0
0,0.291447651451,0
0,0.296075538878,0
0,0.300650011734,0
0,0.305168314528,0
0,0.309627725605,0
0,0.31402555878,0
0,0.318359164964,0
0,0.322625933754,0
0,0.326823295009,0
0,0.330948720395,0
0,0.33499972491,0
0,0.338973868381,0
0,0.342868756931,0
0,0.346682044427,0
0,0.350411433885,0
0,0.354054678862,0
0,0.357609584802,0
0,0.361074010363,0
0,0.364445868705,0
0,0.367723128747,0
0,0.370903816389,0
0,0.373986015705,0
0,0.376967870092,0
0,0.379847583394,0
0,0.382623420977,0
0,0.385293710783,0
0,0.387856844327,0
0,0.390311277674,0
0,0.392655532366,0
0,0.394888196311,0
0,0.397007924635,0
0,0.399013440494,0
0,0.400903535839,0
0,0.402677072149,0
0,0.404332981111,0
0,0.405870265267,0
0,0.407287998615,0
0,0.408585327165,0
0,0.409761469456,0
0,0.410815717022,0
0,0.411747434826,0
0,0.412556061634,0
0,0.41324111036,0
0,0.413802168357,0
0,0.414238897663,0
0,0.414551035211,0
0,0.414738392979,0
0,0.414800858111,0
0.0525,0,0.204668134549
0.0525,6.24651316307e-05,0.20466807065
0.0525,0.000249822899863,0.204667265256
0.0525,0.000561960447384,0.204664133365
0.0525,0.000998689754205,0.204656318555
0.0525,0.00155974775092,0.204640775206
0.0525,0.00224479647718,0.204613823349
0.0525,0.00305342328524,0.204571191533
0.0525,0.00398514108855,0.204508053148
0.0525,0.00503938865514,0.204419058679
0.0525,0.0062155309457,0.204298365213
0.0525,0.0075128594961,0.204139663905
0.0525,0.00893059284412,0.203936205817
0.0525,0.0104678770002,0.203680826341
0.0525,0.0121237859619,0.2033659683
0.0525,0.0138973222715,0.202983703752
0.0525,0.0157874176171,0.202525754447
0.0525,0.0177929334759,0.201983510863
0.0525,0.0199126618001,0.201348049696
0.0525,0.0221453257447,0.200610149665
0.0525,0.0244895804365,0.199760305438
0.0525,0.0269440137839,0.198788739482
0.0525,0.0295071473283,0.197685411569
0.0525,0.0321774371336,0.196440025653
0.0525,0.0349532747173,0.19504203376
0.0525,0.0378329880186,0.193480636476
0.0525,0.0408148424058,0.191744779519
0.0525,0.0438970417214,0.189823145785
0.0525,0.0470777293637,0.187704142104
0.0525,0.0503549894054,0.185375879774
0.0525,0.0537268477477,0.182826147691
0.0525,0.0571912733091,0.180042376597
0.0525,0.0607461792493,0.177011592544
0.0525,0.0643894242258,0.173720357133
0.0525,0.0681188136841,0.170154691342
0.0525,0.0719321011795,0.166299978717
0.0525,0.07582698973,0.162140842307
0.0525,0.0798011332006,0.157660987667
0.0525,0.0838521377157,0.152843001368
0.0525,0.0879775631017,0.147668090164
0.0525,0.0921749243567,0.142115739494
0.0525,0.0964416931472,0.136163260085
0.0525,0.100775299331,0.129785175595
0.0525,0.105173132506,0.122952378283
0.0525,0.109632543582,0.115630935517
0.0525,0.114150846377,0.107780351075
0.0525,0.118725319233,0.0993509370865
0.0525,0.12335320666,0.0902796556379
0.0525,0.128031720991,0.0804831450539
0.0525,0.132758044063,0.0698450988131
0.0525,0.137529328917,0.0581909078427
0.0525,0.14234270151,0.0452282550721
0.0525,0.147195262445,0.0303675287204
0.0525,0.152084088721,0.0117579090434
0.0525,0.157006235492,0
0.0525,0.16195873784,0
0.0525,0.166938612565,0
0.0525,0.171942859974,0
0.0525,0.176968465698,0
0.0525,0.182012402498,0
0.0525,0.187071632096,0
0.0525,0.192143107002,0
0.0525,0.197223772347,0
0.0525,0.20231056773,0
0.0525,0.207400429055,0
0.0525,0.212490290381,0
0.0525,0.217577085764,0
0.0525,0.222657751109,0
0.0525,0.227729226015,0
0.0525,0.232788455613,0
0.0525,0.237832392413,0
0.0525,0.242857998136,0
0.0525,0.247862245546,0
0.0525,0.252842120271,0
0.0525,0.257794622619,0
0.0525,0.26271676939,0
0.0525,0.267605595666,0
0.0525,0.272458156601,0
0.0525,0.277271529193,0
0.0525,0.282042814048,0
0.0525,0.28676913712,0
0.0525,0.291447651451,0
0.0525,0.296075538878,0
0.0525,0.300650011734,0
0.0525,0.305168314528,0
0.0525,0.309627725605,0
0.0525,0.31402555878,0
0.0525,0.318359164964,0
0.0525,0.322625933754,0
0.0525,0.326823295009,0
0.0525,0.330948720395,0
0.0525,0.33499972491,0
0.0525,0.338973868381,0
0.0525,0.342868756931,0
0.0525,0.346682044427,0
0.0525,0.350411433885,0
0.0525,0.354054678862,0
0.0525,0.357609584802,0
0.0525,0.361074010363,0
0.0525,0.364445868705,0
0.0525,0.367723128747,0
0.0525,0.370903816389,0
0.0525,0.373986015705,0
0.0525,0.376967870092,0
0.0525,0.379847583394,0
0.0525,0.382623420977,0
0.0525,0.385293710783,0
0.0525,0.387856844327,0
0.0525,0.390311277674,0
0.0525,0.392655532366,0
0.0525,0.394888196311,0
0.0525,0.397007924635,0
0.0525,0.399013440494,0
0.0525,0.400903535839,0
0.0525,0.402677072149,0
0.0525,0.404332981111,0
0.0525,0.405870265267,0
0.0525,0.407287998615,0
0.0525,0.408585327165,0
0.0525,0.409761469456,0
0.0525,0.410815717022,0
0.0525,0.411747434826,0
0.0525,0.412556061634,0
0.0525,0.41324111036,0
0.0525,0.413802168357,0
0.0525,0.414238897663,0
0.0525,0.414551035211,0
0.0525,0.414738392979,0
0.0525,0.414800858111,0
0.105,0,0.299624196832
0.105,6.24651316307e-05,0.299624137585
0.105,0.000249822899863,0.299623373437
0.105,0.000561960447384,0.299620359306
0.105,0.000998689754205,0.299612763372
0.105,0.00155974775092,0.299597540953
0.105,0.00224479647718,0.299570984914
0.105,0.00305342328524,0.299528765876
0.105,0.00398514108855,0.299465966957
0.105,0.00503938865514,0.299377115222
0.105,0.0062155309457,0.299256211019
0.105,0.0075128594961,0.299096755827
0.105,0.00893059284412,0.298891778994
0.105,0.0104678770002,0.298633863563
0.105,0.0121237859619,0.298315171277
0.105,0.0138973222715,0.297927466795
0.105,0.0157874176171,0.297462141089
0.105,0.0177929334759,0.296910233981
0.105,0.0199126618001,0.296262455716
0.105,0.0221453257447,0.295509207491
0.105,0.0244895804365,0.294640600808
0.105,0.0269440137839,0.293646475511
0.105,0.0295071473283,0.292516416362
0.105,0.0321774371336,0.291239767975
0.105,0.0349532747173,0.289805647909
0.105,0.0378329880186,0.288202957714
0.105,0.0408148424058,0.286420391654
0.105,0.0438970417214,0.284446442826
0.105,0.0470777293637,0.282269406336
0.105,0.0503549894054,0.279877379115
0.105,0.0537268477477,0.277258255901
0.105,0.0571912733091,0.274399720813
0.105,0.0607461792493,0.271289233808
0.105,0.0643894242258,0.267914011163
0.105,0.0681188136841,0.264260998929
0.105,0.0719321011795,0.260316838039
0.105,0.07582698973,0.2560678194
0.105,0.0798011332006,0.25149982689
0.105,0.0838521377157,0.246598265543
0.105,0.0879775631017,0.241347971464
0.105,0.0921749243567,0.235733098888
0.105,0.0964416931472,0.229736978344
0.105,0.100775299331,0.223341937784
0.105,0.105173132506,0.216529075581
0.105,0.109632543582,0.209277969983
0.105,0.114150846377,0.201566303262
0.105,0.118725319233,0.193369369135
0.105,0.12335320666,0.184659417018
0.105,0.128031720991,0.175404762667
0.105,0.132758044063,0.165568554884
0.105,0.137529328917,0.15510701934
0.105,0.14234270151,0.143966876526
0.105,0.147195262445,0.13208139425
0.105,0.152084088721,0.119364052082
0.105,0.157006235492,0.105697722707
0.105,0.16195873784,0.0909146213425
0.105,0.166938612565,0.0747546691291
0.105,0.171942859974,0.0567629290542
0.105,0.176968465698,0.0359498843271
0.105,0.182012402498,0.00828374215158
0.105,0.187071632096,0
0.105,0.192143107002,0
0.105,0.197223772347,0
0.105,0.20231056773,0
0.105,0.207400429055,0
0.105,0.212490290381,0
0.105,0.217577085764,0
0.105,0.222657751109,0
0.105,0.227729226015,0
0.105,0.232788455613,0
0.105,0.237832392413,0
0.105,0.242857998136,0
0.105,0.247862245546,0
0.105,0.252842120271,0
0.105,0.257794622619,0
0.105,0.26271676939,0
0.105,0.267605595666,0
0.105,0.272458156601,0
0.105,0.277271529193,0
0.105,0.282042814048,0
0.105,0.28676913712,0
0.105,0.291447651451,0
0.105,0.296075538878,0
0.105,0.300650011734,0
0.105,0.305168314528,0
0.105,0.309627725605,0
0.105,0.31402555878,0
0.105,0.318359164964,0
0.105,0.322625933754,0
0.105,0.326823295009,0
0.105,0.330948720395,0
0.105,0.33499972491,0
0.105,0.338973868381,0
0.105,0.342868756931,0
0.105,0.346682044427,0
0.105,0.350411433885,0
0.105,0.354054678862,0
0.105,0.357609584802,0
0.105,0.361074010363,0
0.105,0.364445868705,0
0.105,0.367723128747,0
0.105,0.370903816389,0
0.105,0.373986015705,0
0.105,0.376967870092,0
0.105,0.379847583394,0
0.105,0.382623420977,0
0.105,0.385293710783,0
0.105,0.387856844327,0
0.105,0.390311277674,0
0.105,0.392655532366,0
0.105,0.394888196311,0
0.105,0.397007924635,0
0.105,0.399013440494,0
0.105,0.400903535839,0
0.105,0.402677072149,0
0.105,0.404332981111,0
0.105,0.405870265267,0
0.105,0.407287998615,0
0.105,0.408585327165,0
0.105,0.409761469456,0
0.105,0.410815717022,0
0.105,0.411747434826,0
0.105,0.412556061634,0
0.105,0.41324111036,0
0.105,0.413802168357,0
0.105,0.414238897663,0
0.105,0.414551035211,0
0.105,0.414738392979,0
0.105,0.414800858111,0
0.1575,0,0.374421397198
0.1575,6.24651316307e-05,0.374421342187
0.1575,0.000249822899863,0.374420619717
0.1575,0.000561960447384,0.374417737854
0.1575,0.000998689754205,0.374410418315
0.1575,0.00155974775092,0.374395662369
0.1575,0.00224479647718,0.374369796701
0.1575,0.00305342328524,0.374328510624
0.1575,0.00398514108855,0.374266888757
0.1575,0.00503938865514,0.374179441056
0.1575,0.0062155309457,0.374060131221
0.1575,0.0075128594961,0.373902404047
0.1575,0.00893059284412,0.373699212022
0.1575,0.0104678770002,0.373443041356
0.1575,0.0121237859619,0.373125937516
0.1575,0.0138973222715,0.372739530285
0.1575,0.0157874176171,0.372275058314
0.1575,0.0177929334759,0.371723393131
0.1575,0.0199126618001,0.371075062517
0.1575,0.0221453257447,0.370320273155
0.1575,0.0244895804365,0.369448932468
0.1575,0.0269440137839,0.368450669504
0.1575,0.0295071473283,0.367314854756
0.1575,0.0321774371336,0.366030618775
0.1575,0.0349532747173,0.364586869426
0.1575,0.0378329880186,0.362972307614
0.1575,0.0408148424058,0.361175441313
0.1575,0.0438970417214,0.359184597673
0.1575,0.0470777293637,0.356987933001
0.1575,0.0503549894054,0.354573440328
0.1575,0.0537268477477,0.351928954283
0.1575,0.0571912733091,0.349042152909
0.1575,0.0607461792493,0.345900556024
0.1575,0.0643894242258,0.342491519616
0.1575,0.0681188136841,0.338802225711
0.1575,0.0719321011795,0.334819666993
0.1575,0.07582698973,0.330530625313
0.1575,0.0798011332006,0.325921643048
0.1575,0.0838521377157,0.320978985971
0.1575,0.0879775631017,0.315688596034
0.1575,0.0921749243567,0.310036031972
0.1575,0.0964416931472,0.304006395126
0.1575,0.100775299331,0.297584237115
0.1575,0.105173132506,0.290753444992
0.1575,0.109632543582,0.283497098124
0.1575,0.114150846377,0.275797289181
0.1575,0.118725319233,0.267634898909
0.1575,0.12335320666,0.258989310556
0.1575,0.128031720991,0.249838044293
0.1575,0.132758044063,0.240156283633
0.1575,0.137529328917,0.229916253316
0.1575,0.14234270151,0.219086388306
0.1575,0.147195262445,0.207630201774
0.1575,0.152084088721,0.195504706629
0.1575,0.157006235492,0.182658152563
0.1575,0.16195873784,0.169026671312
0.1575,0.166938612565,0.154529095561
0.1575,0.171942859974,0.139058537674
0.1575,0.176968465698,0.122467774854
0.1575,0.182012402498,0.104541572809
0.1575,0.187071632096,0.0849374320569
0.1575,0.192143107002,0.0630324540081
0.1575,0.197223772347,0.0373662955122
0.1575,0.20231056773,0
0.1575,0.207400429055,0
0.1575,0.212490290381,0
0.1575,0.217577085764,0
0.1575,0.222657751109,0
0.1575,0.227729226015,0
0.1575,0.232788455613,0
0.1575,0.237832392413,0
0.1575,0.242857998136,0
0.1575,0.247862245546,0
0.1575,0.252842120271,0
0.1575,0.257794622619,0
0.1575,0.26271676939,0
0.1575,0.267605595666,0
0.1575,0.272458156601,0
0.1575,0.277271529193,0
0.1575,0.282042814048,0
0.1575,0.28676913712,0
0.1575,0.291447651451,0
0.1575,0.296075538878,0
0.1575,0.300650011734,0
0.1575,0.305168314528,0
0.1575,0.309627725605,0
0.1575,0.31402555878,0
0.1575,0.318359164964,0
0.1575,0.322625933754,0
0.1575,0.326823295009,0
0.1575,0.330948720395,0
0.1575,0.33499972491,0
0.1575,0.338973868381,0
0.1575,0.342868756931,0
0.1575,0.346682044427,0
0.1575,0.350411433885,0
0.1575,0.354054678862,0
0.1575,0.357609584802,0
0.1575,0.361074010363,0
0.1575,0.364445868705,0
0.1575,0.367723128747,0
0.1575,0.370903816389,0
0.1575,0.373986015705,0
0.1575,0.376967870092,0
0.1575,0.379847583394,0
0.1575,0.382623420977,0
0.1575,0.385293710783,0
0.1575,0.387856844327,0
0.1575,0.390311277674,0
0.1575,0.392655532366,0
0.1575,0.394888196311,0
0.1575,0.397007924635,0
0.1575,0.399013440494,0
0.1575,0.400903535839,0
0.1575,0.402677072149,0
0.1575,0.404332981111,0
0.1575,0.405870265267,0
0.1575,0.407287998615,0
0.1575,0.408585327165,0
0.1575,0.409761469456,0
0.1575,0.410815717022,0
0.1575,0.411747434826,0
0.1575,0.412556061634,0
0.1575,0.41324111036,0
0.1575,0.413802168357,0
0.1575,0.414238897663,0
0.1575,0.414551035211,0
0.1575,0.414738392979,0
0.1575,0.414800858111,0
0.21,0,0.43851451188
0.21,6.24651316307e-05,0.438514460589
0.21,0.000249822899863,0.438513776465
0.21,0.000561960447384,0.438511021243
0.21,0.000998689754205,0.438503976387
0.21,0.00155974775092,0.438489701696
0.21,0.00224479647718,0.438464576853
0.21,0.00305342328524,0.438424335694
0.21,0.00398514108855,0.438364096756
0.21,0.00503938865514,0.438278391743
0.21,0.0062155309457,0.438161192795
0.21,0.0075128594961,0.438005939044
0.21,0.00893059284412,0.437805562726
0.21,0.0104678770002,0.437552514993
0.21,0.0121237859619,0.437238791484
0.21,0.0138973222715,0.436855957659
0.21,0.0157874176171,0.436395173871
0.21,0.0177929334759,0.435847220112
0.21,0.0199126618001,0.435202520369
0.21,0.0221453257447,0.434451166481
0.21,0.0244895804365,0.433582941422
0.21,0.0269440137839,0.43258734188
0.21,0.0295071473283,0.431453600027
0.21,0.0321774371336,0.430170704356
0.21,0.0349532747173,0.428727419441
0.21,0.0378329880186,0.427112304499
0.21,0.0408148424058,0.425313730586
0.21,0.0438970417214,0.423319896267
0.21,0.0470777293637,0.421118841588
0.21,0.0503549894054,0.418698460144
0.21,0.0537268477477,0.416046509013
0.21,0.0571912733091,0.413150616321
0.21,0.0607461792493,0.409998286134
0.21,0.0643894242258,0.406576900338
0.21,0.0681188136841,0.40287371713
0.21,0.0719321011795,0.398875865634
0.21,0.07582698973,0.394570336107
0.21,0.0798011332006,0.389943965063
0.21,0.0838521377157,0.384983414498
0.21,0.0879775631017,0.379675144257
0.21,0.0921749243567,0.374005376315
0.21,0.0964416931472,0.367960049479
0.21,0.100775299331,0.361524762632
0.21,0.105173132506,0.354684704167
0.21,0.109632543582,0.347424564565
0.21,0.114150846377,0.33972842828
0.21,0.118725319233,0.33157963985
0.21,0.12335320666,0.322960637616
0.21,0.128031720991,0.31385274621
0.21,0.132758044063,0.304235915838
0.21,0.137529328917,0.294088391961
0.21,0.14234270151,0.283386292455
0.21,0.147195262445,0.272103059626
0.21,0.152084088721,0.260208739627
0.21,0.157006235492,0.247669018557
0.21,0.16195873784,0.234443906818
0.21,0.166938612565,0.220485900165
0.21,0.171942859974,0.205737335384
0.21,0.176968465698,0.190126455988
0.21,0.182012402498,0.173561309149
0.21,0.187071632096,0.155919771799
0.21,0.192143107002,0.137032121775
0.21,0.197223772347,0.116647732065
0.21,0.20231056773,0.0943628503492
0.21,0.207400429055,0.0694301752095
0.21,0.212490290381,0.0400376385903
0.21,0.217577085764,0
0.21,0.222657751109,0
0.21,0.227729226015,0
0.21,0.232788455613,0
0.21,0.237832392413,0
0.21,0.242857998136,0
0.21,0.247862245546,0
0.21,0.252842120271,0
0.21,0.257794622619,0
0.21,0.26271676939,0
0.21,0.267605595666,0
0.21,0.272458156601,0
0.21,0.277271529193,0
0.21,0.282042814048,0
0.21,0.28676913712,0
0.21,0.291447651451,0
0.21,0.296075538878,0
0.21,0.300650011734,0
0.21,0.305168314528,0
0.21,0.309627725605,0
0.21,0.31402555878,0
0.21,0.318359164964,0
0.21,0.322625933754,0
0.21,0.326823295009,0
0.21,0.330948720395,0
0.21,0.33499972491,0
0.21,0.338973868381,0
0.21,0.342868756931,0
0.21,0.346682044427,0
0.21,0.350411433885,0
0.21,0.354054678862,0
0.21,0.357609584802,0
0.21,0.361074010363,0
0.21,0.364445868705,0
0.21,0.367723128747,0
0.21,0.370903816389,0
0.21,0.373986015705,0
0.21,0.376967870092,0
0.21,0.379847583394,0
0.21,0.382623420977,0
0.21,0.385293710783,0
0.21,0.387856844327,0
0.21,0.390311277674,0
0.21,0.392655532366,0
0.21,0.394888196311,0
0.21,0.397007924635,0
0.21,0.399013440494,0
0.21,0.400903535839,0
0.21,0.402677072149,0
0.21,0.404332981111,0
0.21,0.405870265267,0
0.21,0.407287998615,0
0.21,0.408585327165,0
0.21,0.409761469456,0
0.21,0.410815717022,0
0.21,0.411747434826,0
0.21,0.412556061634,0
0.21,0.41324111036,0
0.21,0.413802168357,0
0.21,0.414238897663,0
0.21,0.414551035211,0
0.21,0.414738392979,0
0.21,0.414800858111,0
0.2625,0,0.495638337568
0.2625,6.24651316307e-05,0.495638289559
0.2625,0.000249822899863,0.495637640313
0.2625,0.000561960447384,0.495635003108
0.2625,0.000998689754205,0.495628219703
0.2625,0.00155974775092,0.495614412274
0.2625,0.00224479647718,0.495590020917
0.2625,0.00305342328524,0.495550835107
0.2625,0.00398514108855,0.495492022149
0.2625,0.00503938865514,0.495408154054
0.2625,0.0062155309457,0.495293233595
0.2625,0.0075128594961,0.495140719951
0.2625,0.00893059284412,0.494943554174
0.2625,0.0104678770002,0.49469418458
0.2625,0.0121237859619,0.494384592119
0.2625,0.0138973222715,0.494006315705
0.2625,0.0157874176171,0.49355047748
0.2625,0.0177929334759,0.493007807936
0.2625,0.0199126618001,0.49236867083
0.2625,0.0221453257447,0.491623087793
0.2625,0.0244895804365,0.490760762539
0.2625,0.0269440137839,0.489771104559
0.2625,0.0295071473283,0.488643252206
0.2625,0.0321774371336,0.487366095033
0.2625,0.0349532747173,0.485928295278
0.2625,0.0378329880186,0.484318308355
0.2625,0.0408148424058,0.482524402226
0.2625,0.0438970417214,0.48053467551
0.2625,0.0470777293637,0.478337074164
0.2625,0.0503549894054,0.475919406589
0.2625,0.0537268477477,0.473269356962
0.2625,0.0571912733091,0.4703744966
0.2625,0.0607461792493,0.467222293134
0.2625,0.0643894242258,0.463800117226
0.2625,0.0681188136841,0.460095246546
0.2625,0.0719321011795,0.456094866655
0.2625,0.07582698973,0.451786068413
0.2625,0.0798011332006,0.44715584142
0.2625,0.0838521377157,0.442191062951
0.2625,0.0879775631017,0.4368784817
0.2625,0.0921749243567,0.431204695521
0.2625,0.0964416931472,0.425156122191
0.2625,0.100775299331,0.418718961967
0.2625,0.105173132506,0.41187915044
0.2625,0.109632543582,0.404622299819
0.2625,0.114150846377,0.396933626292
0.2625,0.118725319233,0.388797860459
0.2625,0.12335320666,0.380199137031
0.2625,0.128031720991,0.371120858816
0.2625,0.132758044063,0.361545528495
0.2625,0.137529328917,0.351454539584
0.2625,0.14234270151,0.340827914981
0.2625,0.147195262445,0.329643977306
0.2625,0.152084088721,0.317878929118
0.2625,0.157006235492,0.305506312043
0.2625,0.16195873784,0.292496300192
0.2625,0.166938612565,0.278814761997
0.2625,0.171942859974,0.264421990681
0.2625,0.176968465698,0.249270947537
0.2625,0.182012402498,0.233304765946
0.2625,0.187071632096,0.216453091105
0.2625,0.192143107002,0.198626502514
0.2625,0.197223772347,0.179707602158
0.2625,0.20231056773,0.159535892762
0.2625,0.207400429055,0.137880013928
0.2625,0.212490290381,0.114380927473
0.2625,0.217577085764,0.0884154131919
0.2625,0.222657751109,0.0586662739224
0.2625,0.227729226015,0.0205481076223
0.2625,0.232788455613,0
0.2625,0.237832392413,0
0.2625,0.242857998136,0
0.2625,0.247862245546,0
0.2625,0.252842120271,0
0.2625,0.257794622619,0
0.2625,0.26271676939,0
0.2625,0.267605595666,0
0.2625,0.272458156601,0
0.2625,0.277271529193,0
0.2625,0.282042814048,0
0.2625,0.28676913712,0
0.2625,0.291447651451,0
0.2625,0.296075538878,0
0.2625,0.300650011734,0
0.2625,0.305168314528,0
0.2625,0.309627725605,0
0.2625,0.31402555878,0
0.2625,0.318359164964,0
0.2625,0.322625933754,0
0.2625,0.326823295009,0
0.2625,0.330948720395,0
0.2625,0.33499972491,0
0.2625,0.338973868381,0
0.2625,0.342868756931,0
0.2625,0.346682044427,0
0.2625,0.350411433885,0
0.2625,0.354054678862,0
0.2625,0.357609584802,0
0.2625,0.361074010363,0
0.2625,0.364445868705,0
0.2625,0.367723128747,0
0.2625,0.370903816389,0
0.2625,0.373986015705,0
0.2625,0.376967870092,0
0.2625,0.379847583394,0
0.2625,0.382623420977,0
0.2625,0.385293710783,0
0.2625,0.387856844327,0
0.2625,0.390311277674,0
0.2625,0.392655532366,0
0.2625,0.394888196311,0
0.2625,0.397007924635,0
0.2625,0.399013440494,0
0.2625,0.400903535839,0
0.2625,0.402677072149,0
0.2625,0.404332981111,0
0.2625,0.405870265267,0
0.2625,0.407287998615,0
0.2625,0.408585327165,0
0.2625,0.409761469456,0
0.2625,0.410815717022,0
0.2625,0.411747434826,0
0.2625,0.412556061634,0
0.2625,0.41324111036,0
0.2625,0.413802168357,0
0.2625,0.414238897663,0
0.2625,0.414551035211,0
0.2625,0.414738392979,0
0.2625,0.414800858111,0
0.315,0,0.547732340253
0.315,6.24651316307e-05,0.547732295163
0.315,0.000249822899863,0.547731677677
0.315,0.000561960447384,0.547729149865
0.315,0.000998689754205,0.547722612415
0.315,0.00155974775092,0.547709250451
0.315,0.00224479647718,0.547685567263
0.315,0.00305342328524,0.547647413079
0.315,0.00398514108855,0.547590011499
0.315,0.00503938865514,0.547507984795
0.315,0.0062155309457,0.547395378735
0.315,0.0075128594961,0.547245687266
0.315,0.00893059284412,0.547051877248
0.315,0.0104678770002,0.546806413326
0.315,0.0121237859619,0.546501282955
0.315,0.0138973222715,0.546128021568
0.315,0.0157874176171,0.54567773784
0.315,0.0177929334759,0.545141138974
0.315,0.0199126618001,0.544508555929
0.315,0.0221453257447,0.5437699685
0.315,0.0244895804365,0.542915030151
0.315,0.0269440137839,0.541933092488
0.315,0.0295071473283,0.54081322927
0.315,0.0321774371336,0.539544259844
0.315,0.0349532747173,0.538114771875
0.315,0.0378329880186,0.536513143269
0.315,0.0408148424058,0.534727563144
0.315,0.0438970417214,0.532746051733
0.315,0.0470777293637,0.530556479071
0.315,0.0503549894054,0.528146582327
0.315,0.0537268477477,0.525503981619
0.315,0.0571912733091,0.522616194144
0.315,0.0607461792493,0.519470646435
0.315,0.0643894242258,0.516054684535
0.315,0.0681188136841,0.512355581853
0.315,0.0719321011795,0.508360544433
0.315,0.07582698973,0.504056713331
0.315,0.0798011332006,0.499431163736
0.315,0.0838521377157,0.494470900423
0.315,0.0879775631017,0.489162849035
0.315,0.0921749243567,0.483493842601
0.315,0.0964416931472,0.477450602593
0.315,0.100775299331,0.471019713648
0.315,0.105173132506,0.464187590924
0.315,0.109632543582,0.456940438796
0.315,0.114150846377,0.449264199309
0.315,0.118725319233,0.441144488409
0.315,0.12335320666,0.432566517468
0.315,0.128031720991,0.423514996932
0.315,0.132758044063,0.413974018055
0.315,0.137529328917,0.403926907482
0.315,0.14234270151,0.393356047821
0.315,0.147195262445,0.382242655105
0.315,0.152084088721,0.370566500967
0.315,0.157006235492,0.358305562861
0.315,0.16195873784,0.345435579297
0.315,0.166938612565,0.331929477575
0.315,0.171942859974,0.31775662719
0.315,0.176968465698,0.302881849955
0.315,0.182012402498,0.287264082539
0.315,0.187071632096,0.270854528949
0.315,0.192143107002,0.253594040839
0.315,0.197223772347,0.235409285219
0.315,0.20231056773,0.216206922488
0.315,0.207400429055,0.195864340088
0.315,0.212490290381,0.17421400962
0.315,0.217577085764,0.151014968052
0.315,0.222657751109,0.125895053555
0.315,0.227729226015,0.098214358954
0.315,0.232788455613,0.0666482113837
0.315,0.237832392413,0.0269229730199
0.315,0.242857998136,0
0.315,0.247862245546,0
0.315,0.252842120271,0
0.315,0.257794622619,0
0.315,0.26271676939,0
0.315,0.267605595666,0
0.315,0.272458156601,0
0.315,0.277271529193,0
0.315,0.282042814048,0
0.315,0.28676913712,0
0.315,0.291447651451,0
0.315,0.296075538878,0
0.315,0.300650011734,0
0.315,0.305168314528,0
0.315,0.309627725605,0
0.315,0.31402555878,0
0.315,0.318359164964,0
0.315,0.322625933754,0
0.315,0.326823295009,0
0.315,0.330948720395,0
0.315,0.33499972491,0
0.315,0.338973868381,0
0.315,0.342868756931,0
0.315,0.346682044427,0
0.315,0.350411433885,0
0.315,0.354054678862,0
0.315,0.357609584802,0
0.315,0.361074010363,0
0.315,0.364445868705,0
0.315,0.367723128747,0
0.315,0.370903816389,0
0.315,0.373986015705,0
0.315,0.376967870092,0
0.315,0.379847583394,0
0.315,0.382623420977,0
0.315,0.385293710783,0
0.315,0.387856844327,0
0.315,0.390311277674,0
0.315,0.392655532366,0
0.315,0.394888196311,0
0.315,0.397007924635,0
0.315,0.399013440494,0
0.315,0.400903535839,0
0.315,0.402677072149,0
0.315,0.404332981111,0
0.315,0.405870265267,0
0.315,0.407287998615,0
0.315,0.408585327165,0
0.315,0.409761469456,0
0.315,0.410815717022,0
0.315,0.411747434826,0
0.315,0.412556061634,0
0.315,0.41324111036,0
0.315,0.413802168357,0
0.315,0.414238897663,0
0.315,0.414551035211,0
0.315,0.414738392979,0
0.315,0.414800858111,0
0.3675,0,0.595958884921
0.3675,6.24651316307e-05,0.595958842448
0.3675,0.000249822899863,0.595958253996
0.3675,0.000561960447384,0.595955827617
0.3675,0.000998689754205,0.595949520857
0.3675,0.00155974775092,0.595936580945
0.3675,0.00224479647718,0.595913574978
0.3675,0.00305342328524,0.595876416159
0.3675,0.00398514108855,0.595820388277
0.3675,0.00503938865514,0.595740169479
0.3675,0.0062155309457,0.595629855861
0.3675,0.0075128594961,0.595482985175
0.3675,0.00893059284412,0.595292560787
0.3675,0.0104678770002,0.595051075963
0.3675,0.0121237859619,0.594750538469
0.3675,0.0138973222715,0.594382495482
0.3675,0.0157874176171,0.593938058724
0.3675,0.0177929334759,0.593407929772
0.3675,0.0199126618001,0.592782425443
0.3675,0.0221453257447,0.592051503169
0.3675,0.0244895804365,0.591204786243
0.3675,0.0269440137839,0.590231588854
0.3675,0.0295071473283,0.589120940778
0.3675,0.0321774371336,0.587861611631
0.3675,0.0349532747173,0.586442134556
0.3675,0.0378329880186,0.58485082923
0.3675,0.0408148424058,0.583075824083
0.3675,0.0438970417214,0.581105077577
0.3675,0.0470777293637,0.578926398458
0.3675,0.0503549894054,0.576527464804
0.3675,0.0537268477477,0.573895841761
0.3675,0.0571912733091,0.571018997801
0.3675,0.0607461792493,0.567884319339
0.3675,0.0643894242258,0.564479123538
0.3675,0.0681188136841,0.560790669095
0.3675,0.0719321011795,0.556806164798
0.3675,0.07582698973,0.552512775589
0.3675,0.0798011332006,0.547897625867
0.3675,0.0838521377157,0.542947799671
0.3675,0.0879775631017,0.537650337386
0.3675,0.0921749243567,0.531992228491
0.3675,0.0964416931472,0.525960399833
0.3675,0.100775299331,0.519541698763
0.3675,0.105173132506,0.512722870372
0.3675,0.109632543582,0.505490527883
0.3675,0.114150846377,0.497831115057
0.3675,0.118725319233,0.489730859193
0.3675,0.12335320666,0.481175712997
0.3675,0.128031720991,0.472151283116
0.3675,0.132758044063,0.462642742601
0.3675,0.137529328917,0.452634723807
0.3675,0.14234270151,0.442111187243
0.3675,0.147195262445,0.431055260556
0.3675,0.152084088721,0.419449040018
0.3675,0.157006235492,0.407273344391
0.3675,0.16195873784,0.394507407503
0.3675,0.166938612565,0.381128490911
0.3675,0.171942859974,0.367111390705
0.3675,0.176968465698,0.35242780179
0.3675,0.182012402498,0.337045486625
0.3675,0.187071632096,0.32092716999
0.3675,0.192143107002,0.304029040673
0.3675,0.197223772347,0.286298673459
0.3675,0.20231056773,0.267672068575
0.3675,0.207400429055,0.248069296013
0.3675,0.212490290381,0.22738783258
0.3675,0.217577085764,0.20549186615
0.3675,0.222657751109,0.182194043108
0.3675,0.227729226015,0.157221713133
0.3675,0.232788455613,0.130147182818
0.3675,0.237832392413,0.100217753566
0.3675,0.242857998136,0.0658072108522
0.3675,0.247862245546,0.0208591320674
0.3675,0.252842120271,0
0.3675,0.257794622619,0
0.3675,0.26271676939,0
0.3675,0.267605595666,0
0.3675,0.272458156601,0
0.3675,0.277271529193,0
0.3675,0.282042814048,0
0.3675,0.28676913712,0
0.3675,0.291447651451,0
0.3675,0.296075538878,0
0.3675,0.300650011734,0
0.3675,0.305168314528,0
0.3675,0.309627725605,0
0.3675,0.31402555878,0
0.3675,0.318359164964,0
0.3675,0.322625933754,0
0.3675,0.326823295009,0
0.3675,0.330948720395,0
0.3675,0.33499972491,0
0.3675,0.338973868381,0
0.3675,0.342868756931,0
0.3675,0.346682044427,0
0.3675,0.350411433885,0
0.3675,0.354054678862,0
0.3675,0.357609584802,0
0.3675,0.361074010363,0
0.3675,0.364445868705,0
0.3675,0.367723128747,0
0.3675,0.370903816389,0
0.3675,0.373986015705,0
0.3675,0.376967870092,0
0.3675,0.379847583394,0
0.3675,0.382623420977,0
0.3675,0.385293710783,0
0.3675,0.387856844327,0
0.3675,0.390311277674,0
0.3675,0.392655532366,0
0.3675,0.394888196311,0
0.3675,0.397007924635,0
0.3675,0.399013440494,0
0.3675,0.400903535839,0
0.3675,0.402677072149,0
0.3675,0.404332981111,0
0.3675,0.405870265267,0
0.3675,0.407287998615,0
0.3675,0.408585327165,0
0.3675,0.409761469456,0
0.3675,0.410815717022,0
0.3675,0.411747434826,0
0.3675,0.412556061634,0
0.3675,0.41324111036,0
0.3675,0.413802168357,0
0.3675,0.414238897663,0
0.3675,0.414551035211,0
0.3675,0.414738392979,0
0.3675,0.414800858111,0
0.42,0,0.641080254025
0.42,6.24651316307e-05,0.641080213915
0.42,0.000249822899863,0.641079652119
0.42,0.000561960447384,0.641077319986
0.42,0.000998689754205,0.641071229616
0.42,0.00155974775092,0.641058688836
0.42,0.00224479647718,0.641036328068
0.42,0.00305342328524,0.641000124156
0.42,0.00398514108855,0.640945422981
0.42,0.00503938865514,0.640866961737
0.42,0.0062155309457,0.640758891319
0.42,0.0075128594961,0.640614799044
0.42,0.00893059284412,0.640427731818
0.42,0.0104678770002,0.640190219792
0.42,0.0121237859619,0.639894300498
0.42,0.0138973222715,0.639531543416
0.42,0.0157874176171,0.639093074912
0.42,0.0177929334759,0.638569603471
0.42,0.0199126618001,0.637951445128
0.42,0.0221453257447,0.637228549005
0.42,0.0244895804365,0.636390522846
0.42,0.0269440137839,0.63542665844
0.42,0.0295071473283,0.634325956832
0.42,0.0321774371336,0.633077153197
0.42,0.0349532747173,0.631668741274
0.42,0.0378329880186,0.630088997233
0.42,0.0408148424058,0.628326002877
0.42,0.0438970417214,0.626367668034
0.42,0.0470777293637,0.624201752048
0.42,0.0503549894054,0.621815884218
0.42,0.0537268477477,0.619197583062
0.42,0.0571912733091,0.616334274284
0.42,0.0607461792493,0.613213307273
0.42,0.0643894242258,0.609821969994
0.42,0.0681188136841,0.606147502094
0.42,0.0719321011795,0.602177106035
0.42,0.07582698973,0.597897956041
0.42,0.0798011332006,0.593297204622
0.42,0.0838521377157,0.588361986399
0.42,0.0879775631017,0.583079418926
0.42,0.0921749243567,0.577436600131
0.42,0.0964416931472,0.57142060196
0.42,0.100775299331,0.565018459713
0.42,0.105173132506,0.55821715648
0.42,0.109632543582,0.551003601943
0.42,0.114150846377,0.543364604692
0.42,0.118725319233,0.535286836991
0.42,0.12335320666,0.526756790698
0.42,0.128031720991,0.517760722761
0.42,0.132758044063,0.508284588288
0.42,0.137529328917,0.498313958728
0.42,0.14234270151,0.487833922016
0.42,0.147195262445,0.476828960678
0.42,0.152084088721,0.465282802752
0.42,0.157006235492,0.453178238797
0.42,0.16195873784,0.440496896152
0.42,0.166938612565,0.427218958633
0.42,0.171942859974,0.413322815701
0.42,0.176968465698,0.398784619121
0.42,0.182012402498,0.383577716424
0.42,0.187071632096,0.367671917405
0.42,0.192143107002,0.351032529916
0.42,0.197223772347,0.333619069864
0.42,0.20231056773,0.315383499506
0.42,0.207400429055,0.296267762858
0.42,0.212490290381,0.276200237974
0.42,0.217577085764,0.255090452271
0.42,0.222657751109,0.232820875043
0.42,0.227729226015,0.209233490426
0.42,0.232788455613,0.184106318001
0.42,0.237832392413,0.15710854424
0.42,0.242857998136,0.127703361272
0.42,0.247862245546,0.0948929122564
0.42,0.252842120271,0.0562656526643
0.42,0.257794622619,0
0.42,0.26271676939,0
0.42,0.267605595666,0
0.42,0.272458156601,0
0.42,0.277271529193,0
0.42,0.282042814048,0
0.42,0.28676913712,0
0.42,0.291447651451,0
0.42,0.296075538878,0
0.42,0.300650011734,0
0.42,0.305168314528,0
0.42,0.309627725605,0
0.42,0.31402555878,0
0.42,0.318359164964,0
0.42,0.322625933754,0
0.42,0.326823295009,0
0.42,0.330948720395,0
0.42,0.33499972491,0
0.42,0.338973868381,0
0.42,0.342868756931,0
0.42,0.346682044427,0
0.42,0.350411433885,0
0.42,0.354054678862,0
0.42,0.357609584802,0
0.42,0.361074010363,0
0.42,0.364445868705,0
0.42,0.367723128747,0
0.42,0.370903816389,0
0.42,0.373986015705,0
0.42,0.376967870092,0
0.42,0.379847583394,0
0.42,0.382623420977,0
0.42,0.385293710783,0
0.42,0.387856844327,0
0.42,0.390311277674,0
0.42,0.392655532366,0
0.42,0.394888196311,0
0.42,0.397007924635,0
0.42,0.399013440494,0
0.42,0.400903535839,0
0.42,0.402677072149,0
0.42,0.404332981111,0
0.42,0.405870265267,0
0.42,0.407287998615,0
0.42,0.408585327165,0
0.42,0.409761469456,0
0.42,0.410815717022,0
0.42,0.411747434826,0
0.42,0.412556061634,0
0.42,0.41324111036,0
0.42,0.413802168357,0
0.42,0.414238897663,0
0.42,0.414551035211,0
0.42,0.414738392979,0
0.42,0.414800858111,0
0.4725,0,0.68362847143
0.4725,6.24651316307e-05,0.683628433465
0.4725,0.000249822899863,0.683627896242
0.4725,0.000561960447384,0.683625651901
0.4725,0.000998689754205,0.683619764752
0.4725,0.00155974775092,0.683607601412
0.4725,0.00224479647718,0.683585854558
0.4725,0.00305342328524,0.683550564458
0.4725,0.00398514108855,0.683497139806
0.4725,0.00503938865514,0.683420378548
0.4725,0.0062155309457,0.683314489092
0.4725,0.0075128594961,0.683173112045
0.4725,0.00893059284412,0.682989342591
0.4725,0.0104678770002,0.682755753494
0.4725,0.0121237859619,0.682464418725
0.4725,0.0138973222715,0.682106937653
0.4725,0.0157874176171,0.681674459721
0.4725,0.0177929334759,0.681157709536
0.4725,0.0199126618001,0.680547012263
0.4725,0.0221453257447,0.679832319241
0.4725,0.0244895804365,0.679003233689
0.4725,0.0269440137839,0.678049036419
0.4725,0.0295071473283,0.676958711425
0.4725,0.0321774371336,0.675720971249
0.4725,0.0349532747173,0.674324281998
0.4725,0.0378329880186,0.672756887915
0.4725,0.0408148424058,0.671006835367
0.4725,0.0438970417214,0.669061996154
0.4725,0.0470777293637,0.666910090018
0.4725,0.0503549894054,0.664538706214
0.4725,0.0537268477477,0.661935324052
0.4725,0.0571912733091,0.659087332252
0.4725,0.0607461792493,0.655982046996
0.4725,0.0643894242258,0.65260672853
0.4725,0.0681188136841,0.648948596157
0.4725,0.0719321011795,0.644994841469
0.4725,0.07582698973,0.640732639613
0.4725,0.0798011332006,0.636149158415
0.4725,0.0838521377157,0.631231565097
0.4725,0.0879775631017,0.625967030362
0.4725,0.0921749243567,0.620342729517
0.4725,0.0964416931472,0.614345840298
0.4725,0.100775299331,0.607963536989
0.4725,0.105173132506,0.601182980347
0.4725,0.109632543582,0.593991302774
0.4725,0.114150846377,0.586375588043
0.4725,0.118725319233,0.578322844764
0.4725,0.12335320666,0.569819972589
0.4725,0.128031720991,0.560853719955
0.4725,0.132758044063,0.551410631858
0.4725,0.137529328917,0.541476985826
0.4725,0.14234270151,0.531038713772
0.4725,0.147195262445,0.520081306837
0.4725,0.152084088721,0.508589699537
0.4725,0.157006235492,0.496548128488
0.4725,0.16195873784,0.483939959596
0.4725,0.166938612565,0.470747475711
0.4725,0.171942859974,0.456951614111
0.4725,0.176968465698,0.442531639569
0.4725,0.182012402498,0.427464733541
0.4725,0.187071632096,0.411725472543
0.4725,0.192143107002,0.395285157676
0.4725,0.197223772347,0.378110940597
0.4725,0.20231056773,0.360164665285
0.4725,0.207400429055,0.341401303774
0.4725,0.212490290381,0.32176679611
0.4725,0.217577085764,0.301194988736
0.4725,0.222657751109,0.2796031581
0.4725,0.227729226015,0.25688521566
0.4725,0.232788455613,0.232900906329
0.4725,0.237832392413,0.207457609734
0.4725,0.242857998136,0.180277265342
0.4725,0.247862245546,0.150929721799
0.4725,0.252842120271,0.118676580987
0.4725,0.257794622619,0.0820027323494
0.4725,0.26271676939,0.0362137405734
0.4725,0.267605595666,0
0.4725,0.272458156601,0
0.4725,0.277271529193,0
0.4725,0.282042814048,0
0.4725,0.28676913712,0
0.4725,0.291447651451,0
0.4725,0.296075538878,0
0.4725,0.300650011734,0
0.4725,0.305168314528,0
0.4725,0.309627725605,0
0.4725,0.31402555878,0
0.4725,0.318359164964,0
0.4725,0.322625933754,0
0.4725,0.326823295009,0
0.4725,0.330948720395,0
0.4725,0.33499972491,0
0.4725,0.338973868381,0
0.4725,0.342868756931,0
0.4725,0.346682044427,0
0.4725,0.350411433885,0
0.4725,0.354054678862,0
0.4725,0.357609584802,0
0.4725,0.361074010363,0
0.4725,0.364445868705,0
0.4725,0.367723128747,0
0.4725,0.370903816389,0
0.4725,0.373986015705,0
0.4725,0.376967870092,0
0.4725,0.379847583394,0
0.4725,0.382623420977,0
0.4725,0.385293710783,0
0.4725,0.387856844327,0
0.4725,0.390311277674,0
0.4725,0.392655532366,0
0.4725,0.394888196311,0
0.4725,0.397007924635,0
0.4725,0.399013440494,0
0.4725,0.400903535839,0
0.4725,0.402677072149,0
0.4725,0.404332981111,0
0.4725,0.405870265267,0
0.4725,0.407287998615,0
0.4725,0.408585327165,0
0.4725,0.409761469456,0
0.4725,0.410815717022,0
0.4725,0.411747434826,0
0.4725,0.412556061634,0
0.4725,0.41324111036,0
0.4725,0.413802168357,0
0.4725,0.414238897663,0
0.4725,0.414551035211,0
0.4725,0.414738392979,0
0.4725,0.414800858111,0
0.525,0,0.723992235474
0.525,6.24651316307e-05,0.723992199467
0.525,0.000249822899863,0.723991684978
0.525,0.000561960447384,0.723989522626
0.525,0.000998689754205,0.723983826641
0.525,0.00155974775092,0.723972020493
0.525,0.00224479647718,0.723950857721
0.525,0.00305342328524,0.723916441283
0.525,0.00398514108855,0.723864242675
0.525,0.00503938865514,0.723789121368
0.525,0.0062155309457,0.723685344854
0.525,0.0075128594961,0.723546609435
0.525,0.00893059284412,0.723366061787
0.525,0.0104678770002,0.723136321315
0.525,0.0121237859619,0.722849503245
0.525,0.0138973222715,0.722497242406
0.525,0.0157874176171,0.722070717604
0.525,0.0177929334759,0.721560676514
0.525,0.0199126618001,0.720957460987
0.525,0.0221453257447,0.720251032661
0.525,0.0244895804365,0.719430998776
0.525,0.0269440137839,0.718486638076
0.525,0.0295071473283,0.717406926689
0.525,0.0321774371336,0.716180563871
0.525,0.0349532747173,0.714795997498
0.525,0.0378329880186,0.713241449198
0.525,0.0408148424058,0.711504939
0.525,0.0438970417214,0.709574309399
0.525,0.0470777293637,0.707437248708
0.525,0.0503549894054,0.705081313598
0.525,0.0537268477477,0.702493950688
0.525,0.0571912733091,0.699662517084
0.525,0.0607461792493,0.696574299729
0.525,0.0643894242258,0.693216533433
0.525,0.0681188136841,0.689576417455
0.525,0.0719321011795,0.68564113047
0.525,0.07582698973,0.681397843774
0.525,0.0798011332006,0.676833732535
0.525,0.0838521377157,0.671935984901
0.525,0.0879775631017,0.666691808739
0.525,0.0921749243567,0.661088435739
0.525,0.0964416931472,0.655113122606
0.525,0.100775299331,0.648753148993
0.525,0.105173132506,0.641995811781
0.525,0.109632543582,0.634828415237
0.525,0.114150846377,0.627238256512
0.525,0.118725319233,0.619212605805
0.525,0.12335320666,0.610738680418
0.525,0.128031720991,0.601803611746
0.525,0.132758044063,0.592394404029
0.525,0.137529328917,0.582497883467
0.525,0.14234270151,0.572100635913
0.525,0.147195262445,0.561188930981
0.525,0.152084088721,0.549748629808
0.525,0.157006235492,0.537765073014
0.525,0.16195873784,0.525222944413
0.525,0.166938612565,0.512106104771
0.525,0.171942859974,0.498397388147
0.525,0.176968465698,0.484078350992
0.525,0.182012402498,0.469128960856
0.525,0.187071632096,0.45352720691
0.525,0.192143107002,0.437248607779
0.525,0.197223772347,0.42026558235
0.525,0.20231056773,0.402546634608
0.525,0.207400429055,0.384055281007
0.525,0.212490290381,0.364748613587
0.525,0.217577085764,0.344575334587
0.525,0.222657751109,0.323473001771
0.525,0.227729226015,0.30136405442
0.525,0.232788455613,0.27814987838
0.525,0.237832392413,0.253701560558
0.525,0.242857998136,0.22784470846
0.525,0.247862245546,0.200332785154
0.525,0.252842120271,0.170795858745
0.525,0.257794622619,0.138628743717
0.525,0.26271676939,0.102693806655
0.525,0.267605595666,0.0601844418465
0.525,0.272458156601,0
0.525,0.277271529193,0
0.525,0.282042814048,0
0.525,0.28676913712,0
0.525,0.291447651451,0
0.525,0.296075538878,0
0.525,0.300650011734,0
0.525,0.305168314528,0
0.525,0.309627725605,0
0.525,0.31402555878,0
0.525,0.318359164964,0
0.525,0.322625933754,0
0.525,0.326823295009,0
0.525,0.330948720395,0
0.525,0.33499972491,0
0.525,0.338973868381,0
0.525,0.342868756931,0
0.525,0.346682044427,0
0.525,0.350411433885,0
0.525,0.354054678862,0
0.525,0.357609584802,0
0.525,0.361074010363,0
0.525,0.364445868705,0
0.525,0.367723128747,0
0.525,0.370903816389,0
0.525,0.373986015705,0
0.525,0.376967870092,0
0.525,0.379847583394,0
0.525,0.382623420977,0
0.525,0.385293710783,0
0.525,0.387856844327,0
0.525,0.390311277674,0
0.525,0.392655532366,0
0.525,0.394888196311,0
0.525,0.397007924635,0
0.525,0.399013440494,0
0.525,0.400903535839,0
0.525,0.402677072149,0
0.525,0.404332981111,0
0.525,0.405870265267,0
0.525,0.407287998615,0
0.525,0.408585327165,0
0.525,0.409761469456,0
0.525,0.410815717022,0
0.525,0.411747434826,0
0.525,0.412556061634,0
0.525,0.41324111036,0
0.525,0.413802168357,0
0.525,0.414238897663,0
0.525,0.414551035211,0
0.525,0.414738392979,0
0.525,0.414800858111,0
0.5775,0,0.762465665038
0.5775,6.24651316307e-05,0.762465630826
0.5775,0.000249822899863,0.762465137439
0.5775,0.000561960447384,0.762463051846
0.5775,0.000998689754205,0.762457535989
0.5775,0.00155974775092,0.762446068233
0.5775,0.00224479647718,0.762425461414
0.5775,0.00305342328524,0.762391880126
0.5775,0.00398514108855,0.762340858192
0.5775,0.00503938865514,0.762267316762
0.5775,0.0062155309457,0.76216558323
0.5775,0.0075128594961,0.762029411078
0.5775,0.00893059284412,0.761852000647
0.5775,0.0104678770002,0.761626020831
0.5775,0.0121237859619,0.761343631623
0.5775,0.0138973222715,0.760996507465
0.5775,0.0157874176171,0.760575861288
0.5775,0.0177929334759,0.760072469173
0.5775,0.0199126618001,0.759476695518
0.5775,0.0221453257447,0.758778518599
0.5775,0.0244895804365,0.757967556425
0.5775,0.0269440137839,0.757033092766
0.5775,0.0295071473283,0.755964103249
0.5775,0.0321774371336,0.754749281392
0.5775,0.0349532747173,0.75337706448
0.5775,0.0378329880186,0.751835659159
0.5775,0.0408148424058,0.750113066639
0.5775,0.0438970417214,0.748197107384
0.5775,0.0470777293637,0.746075445193
0.5775,0.0503549894054,0.743735610547
0.5775,0.0537268477477,0.741165023106
0.5775,0.0571912733091,0.73835101325
0.5775,0.0607461792493,0.735280842538
0.5775,0.0643894242258,0.731941722966
0.5775,0.0681188136841,0.728320834882
0.5775,0.0719321011795,0.724405343449
0.5775,0.07582698973,0.720182413469
0.5775,0.0798011332006,0.71563922245
0.5775,0.0838521377157,0.710762971707
0.5775,0.0879775631017,0.705540895315
0.5775,0.0921749243567,0.6999602667
0.5775,0.0964416931472,0.694008402603
0.5775,0.100775299331,0.68767266414
0.5775,0.105173132506,0.680940454623
0.5775,0.109632543582,0.673799213759
0.5775,0.114150846377,0.666236407759
0.5775,0.118725319233,0.658239514841
0.5775,0.12335320666,0.649796005467
0.5775,0.128031720991,0.640893316553
0.5775,0.132758044063,0.63151881873
0.5775,0.137529328917,0.621659775518
0.5775,0.14234270151,0.611303293044
0.5775,0.147195262445,0.600436258599
0.5775,0.152084088721,0.58904526593
0.5775,0.157006235492,0.57711652462
0.5775,0.16195873784,0.564635750223
0.5775,0.166938612565,0.551588030926
0.5775,0.171942859974,0.537957665255
0.5775,0.176968465698,0.523727963762
0.5775,0.182012402498,0.508881005354
0.5775,0.187071632096,0.49339733587
0.5775,0.192143107002,0.477255592181
0.5775,0.197223772347,0.460432028892
0.5775,0.20231056773,0.442899915752
0.5775,0.207400429055,0.424628760502
0.5775,0.212490290381,0.405583291638
0.5775,0.217577085764,0.385722103855
0.5775,0.222657751109,0.364995818154
0.5775,0.227729226015,0.343344524046
0.5775,0.232788455613,0.320694125259
0.5775,0.237832392413,0.296950945972
0.5775,0.242857998136,0.271993449036
0.5775,0.247862245546,0.245658883888
0.5775,0.252842120271,0.217720384452
0.5775,0.257794622619,0.187844352945
0.5775,0.26271676939,0.155501710927
0.5775,0.267605595666,0.119749274554
0.5775,0.272458156601,0.0785115699918
0.5775,0.277271529193,0.0236600465227
0.5775,0.282042814048,0
0.5775,0.28676913712,0
0.5775,0.291447651451,0
0.5775,0.296075538878,0
0.5775,0.300650011734,0
0.5775,0.305168314528,0
0.5775,0.309627725605,0
0.5775,0.31402555878,0
0.5775,0.318359164964,0
0.5775,0.322625933754,0
0.5775,0.326823295009,0
0.5775,0.330948720395,0
0.5775,0.33499972491,0
0.5775,0.338973868381,0
0.5775,0.342868756931,0
0.5775,0.346682044427,0
0.5775,0.350411433885,0
0.5775,0.354054678862,0
0.5775,0.357609584802,0
0.5775,0.361074010363,0
0.5775,0.364445868705,0
0.5775,0.367723128747,0
0.5775,0.370903816389,0
0.5775,0.373986015705,0
0.5775,0.376967870092,0
0.5775,0.379847583394,0
0.5775,0.382623420977,0
0.5775,0.385293710783,0
0.5775,0.387856844327,0
0.5775,0.390311277674,0
0.5775,0.392655532366,0
0.5775,0.394888196311,0
0.5775,0.397007924635,0
0.5775,0.399013440494,0
0.5775,0.400903535839,0
0.5775,0.402677072149,0
0.5775,0.404332981111,0
0.5775,0.405870265267,0
0.5775,0.407287998615,0
0.5775,0.408585327165,0
0.5775,0.409761469456,0
0.5775,0.410815717022,0
0.5775,0.411747434826,0
0.5775,0.412556061634,0
0.5775,0.41324111036,0
0.5775,0.413802168357,0
0.5775,0.414238897663,0
0.5775,0.414551035211,0
0.5775,0.414738392979,0
0.5775,0.414800858111,0
0.63,0,0.799277573514
0.63,6.24651316307e-05,0.799277540953
0.63,0.000249822899863,0.799277067212
0.63,0.000561960447384,0.799275053639
0.63,0.000998689754205,0.799269707801
0.63,0.00155974775092,0.799258561008
0.63,0.00224479647718,0.799238483747
0.63,0.00305342328524,0.799205701002
0.63,0.00398514108855,0.79915580815
0.63,0.00503938865514,0.799083787753
0.63,0.0062155309457,0.798984027395
0.63,0.0075128594961,0.798850338585
0.63,0.00893059284412,0.798675976759
0.63,0.0104678770002,0.798453662297
0.63,0.0121237859619,0.798175602529
0.63,0.0138973222715,0.797833514629
0.63,0.0157874176171,0.797418649302
0.63,0.0177929334759,0.796921815187
0.63,0.0199126618001,0.796333403843
0.63,0.0221453257447,0.795643415223
0.63,0.0244895804365,0.794841483517
0.63,0.0269440137839,0.79391690326
0.63,0.0295071473283,0.792858655567
0.63,0.0321774371336,0.791655434409
0.63,0.0349532747173,0.790295672785
0.63,0.0378329880186,0.788767568706
0.63,0.0408148424058,0.787059110854
0.63,0.0438970417214,0.785158103812
0.63,0.0470777293637,0.783052192763
0.63,0.0503549894054,0.78072888753
0.63,0.0537268477477,0.778175585856
0.63,0.0571912733091,0.775379595814
0.63,0.0607461792493,0.772328157223
0.63,0.0643894242258,0.769008461958
0.63,0.0681188136841,0.765407673042
0.63,0.0719321011795,0.761512942367
0.63,0.07582698973,0.757311426941
0.63,0.0798011332006,0.75279030349
0.63,0.0838521377157,0.747936781272
0.63,0.0879775631017,0.742738112917
0.63,0.0921749243567,0.737181603117
0.63,0.0964416931472,0.731254614925
0.63,0.100775299331,0.724944573437
0.63,0.105173132506,0.718238966564
0.63,0.109632543582,0.711125342558
0.63,0.114150846377,0.703591303927
0.63,0.118725319233,0.695624497277
0.63,0.12335320666,0.687212598553
0.63,0.128031720991,0.678343293054
0.63,0.132758044063,0.669004249455
0.63,0.137529328917,0.659183086933
0.63,0.14234270151,0.648867334288
0.63,0.147195262445,0.6380443797
0.63,0.152084088721,0.626701409464
0.63,0.157006235492,0.614825333645
0.63,0.16195873784,0.602402696055
0.63,0.166938612565,0.589419565325
0.63,0.171942859974,0.575861402938
0.63,0.176968465698,0.561712902915
0.63,0.182012402498,0.546957796316
0.63,0.187071632096,0.531578611533
0.63,0.192143107002,0.515556378445
0.63,0.197223772347,0.498870260396
0.63,0.20231056773,0.481497092072
0.63,0.207400429055,0.463410792919
0.63,0.212490290381,0.444581613201
0.63,0.217577085764,0.424975150912
0.63,0.222657751109,0.404551048427
0.63,0.227729226015,0.383261231092
0.63,0.232788455613,0.361047472984
0.63,0.237832392413,0.337837943406
0.63,0.242857998136,0.313542152275
0.63,0.247862245546,0.288043268797
0.63,0.252842120271,0.261185896759
0.63,0.257794622619,0.232755453668
0.63,0.26271676939,0.202440651074
0.63,0.267605595666,0.169757810846
0.63,0.272458156601,0.133873429886
0.63,0.277271529193,0.0930720713495
0.63,0.282042814048,0.0420422594916
0.63,0.28676913712,0
0.63,0.291447651451,0
0.63,0.296075538878,0
0.63,0.300650011734,0
0.63,0.305168314528,0
0.63,0.309627725605,0
0.63,0.31402555878,0
0.63,0.318359164964,0
0.63,0.322625933754,0
0.63,0.326823295009,0
0.63,0.330948720395,0
0.63,0.33499972491,0
0.63,0.338973868381,0
0.63,0.342868756931,0
0.63,0.346682044427,0
0.63,0.350411433885,0
0.63,0.354054678862,0
0.63,0.357609584802,0
0.63,0.361074010363,0
0.63,0.364445868705,0
0.63,0.367723128747,0
0.63,0.370903816389,0
0.63,0.373986015705,0
0.63,0.376967870092,0
0.63,0.379847583394,0
0.63,0.382623420977,0
0.63,0.385293710783,0
0.63,0.387856844327,0
0.63,0.390311277674,0
0.63,0.392655532366,0
0.63,0.394888196311,0
0.63,0.397007924635,0
0.63,0.399013440494,0
0.63,0.400903535839,0
0.63,0.402677072149,0
0.63,0.404332981111,0
0.63,0.405870265267,0
0.63,0.407287998615,0
0.63,0.408585327165,0
0.63,0.409761469456,0
0.63,0.410815717022,0
0.63,0.411747434826,0
0.63,0.412556061634,0
0.63,0.41324111036,0
0.63,0.413802168357,0
0.63,0.414238897663,0
0.63,0.414551035211,0
0.63,0.414738392979,0
0.63,0.414800858111,0
0.6825,0,0.834610018288
0.6825,6.24651316307e-05,0.834609987252
0.6825,0.000249822899863,0.834609531847
0.6825,0.000561960447384,0.834607585988
0.6825,0.000998689754205,0.834602400884
0.6825,0.00155974775092,0.834591558888
0.6825,0.00224479647718,0.834571986464
0.6825,0.00305342328524,0.834539967626
0.6825,0.00398514108855,0.834491158327
0.6825,0.00503938865514,0.834420601995
0.6825,0.0062155309457,0.834322746307
0.6825,0.0075128594961,0.834191461197
0.6825,0.00893059284412,0.83402005807
0.6825,0.0104678770002,0.833801310171
0.6825,0.0121237859619,0.833527474032
0.6825,0.0138973222715,0.833190311906
0.6825,0.0157874176171,0.832781115086
0.6825,0.0177929334759,0.83229072802
0.6825,0.0199126618001,0.831709573098
0.6825,0.0221453257447,0.831027675997
0.6825,0.0244895804365,0.830234691485
0.6825,0.0269440137839,0.829319929547
0.6825,0.0295071473283,0.828272381729
0.6825,0.0321774371336,0.827080747584
0.6825,0.0349532747173,0.825733461094
0.6825,0.0378329880186,0.824218716968
0.6825,0.0408148424058,0.822524496688
0.6825,0.0438970417214,0.820638594205
0.6825,0.0470777293637,0.818548641161
0.6825,0.0503549894054,0.816242131536
0.6825,0.0537268477477,0.813706445612
0.6825,0.0571912733091,0.810928873133
0.6825,0.0607461792493,0.807896635562
0.6825,0.0643894242258,0.804596907319
0.6825,0.0681188136841,0.80101683588
0.6825,0.0719321011795,0.797143560627
0.6825,0.07582698973,0.792964230306
0.6825,0.0798011332006,0.788466018983
0.6825,0.0838521377157,0.783636140335
0.6825,0.0879775631017,0.778461860123
0.6825,0.0921749243567,0.772930506681
0.6825,0.0964416931472,0.767029479228
0.6825,0.100775299331,0.760746253771
0.6825,0.105173132506,0.754068386382
0.6825,0.109632543582,0.746983513531
0.6825,0.114150846377,0.739479349185
0.6825,0.118725319233,0.731543678259
0.6825,0.12335320666,0.723164346001
0.6825,0.128031720991,0.714329242759
0.6825,0.132758044063,0.705026283526
0.6825,0.137529328917,0.695243381483
0.6825,0.14234270151,0.684968414668
0.6825,0.147195262445,0.67418918464
0.6825,0.152084088721,0.662893365821
0.6825,0.157006235492,0.651068443855
0.6825,0.16195873784,0.638701640945
0.6825,0.166938612565,0.625779825626
0.6825,0.171942859974,0.612289403753
0.6825,0.176968465698,0.598216186661
0.6825,0.182012402498,0.583545231262
0.6825,0.187071632096,0.568260645352
0.6825,0.192143107002,0.552345349301
0.6825,0.197223772347,0.535780782445
0.6825,0.20231056773,0.518546538513
0.6825,0.207400429055,0.500619908766
0.6825,0.212490290381,0.481975303352
0.6825,0.217577085764,0.462583509393
0.6825,0.222657751109,0.442410726193
0.6825,0.227729226015,0.421417290143
0.6825,0.232788455613,0.399555957614
0.6825,0.237832392413,0.376769541812
0.6825,0.242857998136,0.352987576569
0.6825,0.247862245546,0.328121462119
0.6825,0.252842120271,0.302057141261
0.6825,0.257794622619,0.274643547989
0.6825,0.26271676939,0.245673346309
0.6825,0.267605595666,0.214848419782
0.6825,0.272458156601,0.181711744579
0.6825,0.277271529193,0.145492820362
0.6825,0.282042814048,0.104670006079
0.6825,0.28676913712,0.0550447198322
0.6825,0.291447651451,0
0.6825,0.296075538878,0
0.6825,0.300650011734,0
0.6825,0.305168314528,0
0.6825,0.309627725605,0
0.6825,0.31402555878,0
0.6825,0.318359164964,0
0.6825,0.322625933754,0
0.6825,0.326823295009,0
0.6825,0.330948720395,0
0.6825,0.33499972491,0
0.6825,0.338973868381,0
0.6825,0.342868756931,0
0.6825,0.346682044427,0
0.6825,0.350411433885,0
0.6825,0.354054678862,0
0.6825,0.357609584802,0
0.6825,0.361074010363,0
0.6825,0.364445868705,0
0.6825,0.367723128747,0
0.6825,0.370903816389,0
0.6825,0.373986015705,0
0.6825,0.376967870092,0
0.6825,0.379847583394,0
0.6825,0.382623420977,0
0.6825,0.385293710783,0
0.6825,0.387856844327,0
0.6825,0.390311277674,0
0.6825,0.392655532366,0
0.6825,0.394888196311,0
0.6825,0.397007924635,0
0.6825,0.399013440494,0
0.6825,0.400903535839,0
0.6825,0.402677072149,0
0.6825,0.404332981111,0
0.6825,0.405870265267,0
0.6825,0.407287998615,0
0.6825,0.408585327165,0
0.6825,0.409761469456,0
0.6825,0.410815717022,0
0.6825,0.411747434826,0
0.6825,0.412556061634,0
0.6825,0.41324111036,0
0.6825,0.413802168357,0
0.6825,0.414238897663,0
0.6825,0.414551035211,0
0.6825,0.414738392979,0
0.6825,0.414800858111,0
0.735,0,0.868610573857
0.735,6.24651316307e-05,0.868610544233
0.735,0.000249822899863,0.868610105981
0.735,0.000561960447384,0.868608223907
0.735,0.000998689754205,0.868603190987
0.735,0.00155974775092,0.868592638775
0.735,0.00224479647718,0.868573548039
0.735,0.00305342328524,0.868542260401
0.735,0.00398514108855,0.86849449128
0.735,0.00503938865514,0.868425344221
0.735,0.0062155309457,0.868329326635
0.735,0.0075128594961,0.868200366927
0.735,0.00893059284412,0.868031832948
0.735,0.0104678770002,0.867816551713
0.735,0.0121237859619,0.867546830288
0.735,0.0138973222715,0.867214477761
0.735,0.0157874176171,0.866810828181
0.735,0.0177929334759,0.866326764368
0.735,0.0199126618001,0.865752742475
0.735,0.0221453257447,0.865078817184
0.735,0.0244895804365,0.86429466743
0.735,0.0269440137839,0.86338962252
0.735,0.0295071473283,0.862352688538
0.735,0.0321774371336,0.861172574918
0.735,0.0349532747173,0.859837721062
0.735,0.0378329880186,0.858336322905
0.735,0.0408148424058,0.856656359281
0.735,0.0438970417214,0.854785618021
0.735,0.0470777293637,0.852711721627
0.735,0.0503549894054,0.850422152457
0.735,0.0537268477477,0.847904277274
0.735,0.0571912733091,0.845145371078
0.735,0.0607461792493,0.842132640102
0.735,0.0643894242258,0.838853243862
0.735,0.0681188136841,0.835294316157
0.735,0.0719321011795,0.831442984898
0.735,0.07582698973,0.827286390654
0.735,0.0798011332006,0.822811703781
0.735,0.0838521377157,0.818006140017
0.735,0.0879775631017,0.812856974379
0.735,0.0921749243567,0.807351553229
0.735,0.0964416931472,0.801477304316
0.735,0.100775299331,0.795221744619
0.735,0.105173132506,0.788572485764
0.735,0.109632543582,0.781517236768
0.735,0.114150846377,0.77404380384
0.735,0.118725319233,0.766140086897
0.735,0.12335320666,0.757794072426
0.735,0.128031720991,0.74899382223
0.735,0.132758044063,0.739727457549
0.735,0.137529328917,0.729983137911
0.735,0.14234270151,0.719749033969
0.735,0.147195262445,0.709013293409
0.735,0.152084088721,0.697763998844
0.735,0.157006235492,0.685989116338
0.735,0.16195873784,0.673676432921
0.735,0.166938612565,0.660813481051
0.735,0.171942859974,0.647387447487
0.735,0.176968465698,0.633385063365
0.735,0.182012402498,0.618792471434
0.735,0.187071632096,0.603595065258
0.735,0.192143107002,0.587777293685
0.735,0.197223772347,0.571322421816
0.735,0.20231056773,0.55421223689
0.735,0.207400429055,0.536426683575
0.735,0.212490290381,0.517943407571
0.735,0.217577085764,0.498737178428
0.735,0.222657751109,0.478779150733
0.735,0.227729226015,0.458035905105
0.735,0.232788455613,0.436468183366
0.735,0.237832392413,0.414029189289
0.735,0.242857998136,0.390662256455
0.735,0.247862245546,0.36629756647
0.735,0.252842120271,0.340847392492
0.735,0.257794622619,0.314198956898
0.735,0.26271676939,0.28620323281
0.735,0.267605595666,0.256656412808
0.735,0.272458156601,0.225267039676
0.735,0.277271529193,0.191592025572
0.735,0.282042814048,0.154894518371
0.735,0.28676913712,0.113755650291
0.735,0.291447651451,0.0645028678081
0.735,0.296075538878,0
0.735,0.300650011734,0
0.735,0.305168314528,0
0.735,0.309627725605,0
0.735,0.31402555878,0
0.735,0.318359164964,0
0.735,0.322625933754,0
0.735,0.326823295009,0
0.735,0.330948720395,0
0.735,0.33499972491,0
0.735,0.338973868381,0
0.735,0.342868756931,0
0.735,0.346682044427,0
0.735,0.350411433885,0
0.735,0.354054678862,0
0.735,0.357609584802,0
0.735,0.361074010363,0
0.735,0.364445868705,0
0.735,0.367723128747,0
0.735,0.370903816389,0
0.735,0.373986015705,0
0.735,0.376967870092,0
0.735,0.379847583394,0
0.735,0.382623420977,0
0.735,0.385293710783,0
0.735,0.387856844327,0
0.735,0.390311277674,0
0.735,0.392655532366,0
0.735,0.394888196311,0
0.735,0.397007924635,0
0.735,0.399013440494,0
0.735,0.400903535839,0
0.735,0.402677072149,0
0.735,0.404332981111,0
0.735,0.405870265267,0
0.735,0.407287998615,0
0.735,0.408585327165,0
0.735,0.409761469456,0
0.735,0.410815717022,0
0.735,0.411747434826,0
0.735,0.412556061634,0
0.735,0.41324111036,0
0.735,0.413802168357,0
0.735,0.414238897663,0
0.735,0.414551035211,0
0.735,0.414738392979,0
0.735,0.414800858111,0
0.7875,0,0.901400746552
0.7875,6.24651316307e-05,0.901400718238
0.7875,0.000249822899863,0.901400296067
0.7875,0.000561960447384,0.901398474179
0.7875,0.000998689754205,0.901393585544
0.7875,0.00155974775092,0.901383309151
0.7875,0.00224479647718,0.901364678412
0.7875,0.00305342328524,0.901334091106
0.7875,0.00398514108855,0.901287320924
0.7875,0.00503938865514,0.901219530637
0.7875,0.0062155309457,0.901125286834
0.7875,0.0075128594961,0.900998576186
0.7875,0.00893059284412,0.900832823157
0.7875,0.0104678770002,0.900620909072
0.7875,0.0121237859619,0.900355192454
0.7875,0.0138973222715,0.900027530522
0.7875,0.0157874176171,0.899629301744
0.7875,0.0177929334759,0.899151429327
0.7875,0.0199126618001,0.898584405539
0.7875,0.0221453257447,0.897918316738
0.7875,0.0244895804365,0.89714286898
0.7875,0.0269440137839,0.896247414108
0.7875,0.0295071473283,0.895220976183
0.7875,0.0321774371336,0.894052278145
0.7875,0.0349532747173,0.892729768591
0.7875,0.0378329880186,0.891241648543
0.7875,0.0408148424058,0.889575898108
0.7875,0.0438970417214,0.887720302903
0.7875,0.0470777293637,0.885662480136
0.7875,0.0503549894054,0.883389904249
0.7875,0.0537268477477,0.880889931996
0.7875,0.0571912733091,0.878149826864
0.7875,0.0607461792493,0.875156782724
0.7875,0.0643894242258,0.871897946605
0.7875,0.0681188136841,0.868360440498
0.7875,0.0719321011795,0.864531382053
0.7875,0.07582698973,0.860397904087
0.7875,0.0798011332006,0.855947172766
0.7875,0.0838521377157,0.851166404346
0.7875,0.0879775631017,0.846042880332
0.7875,0.0921749243567,0.84056396093
0.7875,0.0964416931472,0.834717096616
0.7875,0.100775299331,0.828489837665
0.7875,0.105173132506,0.821869841438
0.7875,0.109632543582,0.81484487722
0.7875,0.114150846377,0.807402828346
0.7875,0.118725319233,0.799531691352
0.7875,0.12335320666,0.791219571801
0.7875,0.128031720991,0.782454676413
0.7875,0.132758044063,0.773225301047
0.7875,0.137529328917,0.763519813996
0.7875,0.14234270151,0.753326633968
0.7875,0.147195262445,0.742634201992
0.7875,0.152084088721,0.731430946333
0.7875,0.157006235492,0.719705239309
0.7875,0.16195873784,0.707445344666
0.7875,0.166938612565,0.694639353834
0.7875,0.171942859974,0.681275109032
0.7875,0.176968465698,0.667340110636
0.7875,0.182012402498,0.652821405618
0.7875,0.187071632096,0.63770545296
0.7875,0.192143107002,0.621977960834
0.7875,0.197223772347,0.605623688809
0.7875,0.20231056773,0.588626206291
0.7875,0.207400429055,0.570967595564
0.7875,0.212490290381,0.55262808387
0.7875,0.217577085764,0.533585583425
0.7875,0.222657751109,0.513815110239
0.7875,0.227729226015,0.493288040902
0.7875,0.232788455613,0.471971148932
0.7875,0.237832392413,0.449825335324
0.7875,0.242857998136,0.426803925419
0.7875,0.247862245546,0.40285033513
0.7875,0.252842120271,0.377894793002
0.7875,0.257794622619,0.351849599955
0.7875,0.26271676939,0.324602030892
0.7875,0.267605595666,0.296003243476
0.7875,0.272458156601,0.265850005671
0.7875,0.277271529193,0.233852476671
0.7875,0.282042814048,0.199572006522
0.7875,0.28676913712,0.162284649146
0.7875,0.291447651451,0.120615982331
0.7875,0.296075538878,0.0711290031134
0.7875,0.300650011734,0
0.7875,0.305168314528,0
0.7875,0.309627725605,0
0.7875,0.31402555878,0
0.7875,0.318359164964,0
0.7875,0.322625933754,0
0.7875,0.326823295009,0
0.7875,0.330948720395,0
0.7875,0.33499972491,0
0.7875,0.338973868381,0
0.7875,0.342868756931,0
0.7875,0.346682044427,0
0.7875,0.350411433885,0
0.7875,0.354054678862,0
0.7875,0.357609584802,0
0.7875,0.361074010363,0
0.7875,0.364445868705,0
0.7875,0.367723128747,0
0.7875,0.370903816389,0
0.7875,0.373986015705,0
0.7875,0.376967870092,0
0.7875,0.379847583394,0
0.7875,0.382623420977,0
0.7875,0.385293710783,0
0.7875,0.387856844327,0
0.7875,0.390311277674,0
0.7875,0.392655532366,0
0.7875,0.394888196311,0
0.7875,0.397007924635,0
0.7875,0.399013440494,0
0.7875,0.400903535839,0
0.7875,0.402677072149,0
0.7875,0.404332981111,0
0.7875,0.405870265267,0
0.7875,0.407287998615,0
0.7875,0.408585327165,0
0.7875,0.409761469456,0
0.7875,0.410815717022,0
0.7875,0.411747434826,0
0.7875,0.412556061634,0
0.7875,0.41324111036,0
0.7875,0.413802168357,0
0.7875,0.414238897663,0
0.7875,0.414551035211,0
0.7875,0.414738392979,0
0.7875,0.414800858111,0
0.84,0,0.933081918726
0.84,6.24651316307e-05,0.933081891632
0.84,0.000249822899863,0.933081484565
0.84,0.000561960447384,0.933079719552
0.84,0.000998689754205,0.933074967891
0.84,0.00155974775092,0.933064954296
0.84,0.00224479647718,0.933046763206
0.84,0.00305342328524,0.933016847092
0.84,0.00398514108855,0.932971036675
0.84,0.00503938865514,0.932904552959
0.84,0.0062155309457,0.932812021006
0.84,0.0075128594961,0.932687485362
0.84,0.00893059284412,0.932524427029
0.84,0.0104678770002,0.932315781904
0.84,0.0121237859619,0.932053960565
0.84,0.0138973222715,0.931730869294
0.84,0.0157874176171,0.931337932236
0.84,0.0177929334759,0.930866114568
0.84,0.0199126618001,0.930305946562
0.84,0.0221453257447,0.929647548418
0.84,0.0244895804365,0.928880655759
0.84,0.0269440137839,0.927994645646
0.84,0.0295071473283,0.92697856301
0.84,0.0321774371336,0.925821147375
0.84,0.0349532747173,0.924510859747
0.84,0.0378329880186,0.923035909569
0.84,0.0408148424058,0.921384281606
0.84,0.0438970417214,0.919543762665
0.84,0.0470777293637,0.917501968029
0.84,0.0503549894054,0.915246367504
0.84,0.0537268477477,0.912764310964
0.84,0.0571912733091,0.910043053297
0.84,0.0607461792493,0.907069778641
0.84,0.0643894242258,0.90383162381
0.84,0.0681188136841,0.900315700805
0.84,0.0719321011795,0.896509118307
0.84,0.07582698973,0.892399002035
0.84,0.0798011332006,0.887972513871
0.84,0.0838521377157,0.883216869622
0.84,0.0879775631017,0.878119355316
0.84,0.0921749243567,0.872667341873
0.84,0.0964416931472,0.866848298033
0.84,0.100775299331,0.860649801376
0.84,0.105173132506,0.854059547256
0.84,0.109632543582,0.847065355467
0.84,0.114150846377,0.839655174412
0.84,0.118725319233,0.83181708253
0.84,0.12335320666,0.823539286694
0.84,0.128031720991,0.814810117245
0.84,0.132758044063,0.805618019282
0.84,0.137529328917,0.795951539732
0.84,0.14234270151,0.785799309688
0.84,0.147195262445,0.775150021343
0.84,0.152084088721,0.763992398778
0.84,0.157006235492,0.752315161654
0.84,0.16195873784,0.740106980704
0.84,0.166938612565,0.727356423635
0.84,0.171942859974,0.714051889776
0.84,0.176968465698,0.700181531367
0.84,0.182012402498,0.685733158909
0.84,0.187071632096,0.670694127301
0.84,0.192143107002,0.655051198628
0.84,0.197223772347,0.638790376313
0.84,0.20231056773,0.621896703801
0.84,0.207400429055,0.604354018847
0.84,0.212490290381,0.586144651627
0.84,0.217577085764,0.567249050908
0.84,0.222657751109,0.547645316863
0.84,0.227729226015,0.527308611067
0.84,0.232788455613,0.506210402301
0.84,0.237832392413,0.484317489084
0.84,0.242857998136,0.461590712593
0.84,0.247862245546,0.437983230776
0.84,0.252842120271,0.413438154751
0.84,0.257794622619,0.387885231302
0.84,0.26271676939,0.361236049492
0.84,0.267605595666,0.333376870384
0.84,0.272458156601,0.304157438878
0.84,0.277271529193,0.273372584892
0.84,0.282042814048,0.24072986133
0.84,0.28676913712,0.205787286134
0.84,0.291447651451,0.167817453223
0.84,0.296075538878,0.125447219608
0.84,0.300650011734,0.0752916900538
0.84,0.305168314528,0
0.84,0.309627725605,0
0.84,0.31402555878,0
0.84,0.318359164964,0
0.84,0.322625933754,0
0.84,0.326823295009,0
0.84,0.330948720395,0
0.84,0.33499972491,0
0.84,0.338973868381,0
0.84,0.342868756931,0
0.84,0.346682044427,0
0.84,0.350411433885,0
0.84,0.354054678862,0
0.84,0.357609584802,0
0.84,0.361074010363,0
0.84,0.364445868705,0
0.84,0.367723128747,0
0.84,0.370903816389,0
0.84,0.373986015705,0
0.84,0.376967870092,0
0.84,0.379847583394,0
0.84,0.382623420977,0
0.84,0.385293710783,0
0.84,0.387856844327,0
0.84,0.390311277674,0
0.84,0.392655532366,0
0.84,0.394888196311,0
0.84,0.397007924635,0
0.84,0.399013440494,0
0.84,0.400903535839,0
0.84,0.402677072149,0
0.84,0.404332981111,0
0.84,0.405870265267,0
0.84,0.407287998615,0
0.84,0.408585327165,0
0.84,0.409761469456,0
0.84,0.410815717022,0
0.84,0.411747434826,0
0.84,0.412556061634,0
0.84,0.41324111036,0
0.84,0.413802168357,0
0.84,0.414238897663,0
0.84,0.414551035211,0
0.84,0.414738392979,0
0.84,0.414800858111,0
0.8925,0,0.96373965584
0.8925,6.24651316307e-05,0.963739629883
0.8925,0.000249822899863,0.963739237026
0.8925,0.000561960447384,0.963737525838
0.8925,0.000998689754205,0.963732904361
0.8925,0.00155974775092,0.963723141402
0.8925,0.00224479647718,0.963705370844
0.8925,0.00305342328524,0.963676098397
0.8925,0.00398514108855,0.963631210532
0.8925,0.00503938865514,0.963565985429
0.8925,0.0062155309457,0.963475105813
0.8925,0.0075128594961,0.96335267356
0.8925,0.00893059284412,0.963192225957
0.8925,0.0104678770002,0.962986753512
0.8925,0.0121237859619,0.962728719194
0.8925,0.0138973222715,0.962410078988
0.8925,0.0157874176171,0.962022303655
0.8925,0.0177929334759,0.961556401568
0.8925,0.0199126618001,0.961002942506
0.8925,0.0221453257447,0.960352082288
0.8925,0.0244895804365,0.959593588117
0.8925,0.0269440137839,0.958716864514
0.8925,0.0295071473283,0.957710979729
0.8925,0.0321774371336,0.956564692486
0.8925,0.0349532747173,0.955266478966
0.8925,0.0378329880186,0.953804559903
0.8925,0.0408148424058,0.952166927666
0.8925,0.0438970417214,0.950341373231
0.8925,0.0470777293637,0.948315512923
0.8925,0.0503549894054,0.94607681482
0.8925,0.0537268477477,0.943612624715
0.8925,0.0571912733091,0.940910191529
0.8925,0.0607461792493,0.937956692074
0.8925,0.0643894242258,0.934739255066
0.8925,0.0681188136841,0.931244984274
0.8925,0.0719321011795,0.927460980723
0.8925,0.07582698973,0.923374363824
0.8925,0.0798011332006,0.918972291349
0.8925,0.0838521377157,0.914241978113
0.8925,0.0879775631017,0.909170713281
0.8925,0.0921749243567,0.903745876142
0.8925,0.0964416931472,0.89795495025
0.8925,0.100775299331,0.891785535766
0.8925,0.105173132506,0.885225359865
0.8925,0.109632543582,0.878262285013
0.8925,0.114150846377,0.870884314937
0.8925,0.118725319233,0.863079598054
0.8925,0.12335320666,0.854836428116
0.8925,0.128031720991,0.846143241769
0.8925,0.132758044063,0.836988612703
0.8925,0.137529328917,0.827361241978
0.8925,0.14234270151,0.817249944086
0.8925,0.147195262445,0.806643628174
0.8925,0.152084088721,0.795531273796
0.8925,0.157006235492,0.783901900392
0.8925,0.16195873784,0.771744529565
0.8925,0.166938612565,0.759048138992
0.8925,0.171942859974,0.74580160659
0.8925,0.176968465698,0.731993643199
0.8925,0.182012402498,0.717612711667
0.8925,0.187071632096,0.702646929678
0.8925,0.192143107002,0.687083952988
0.8925,0.197223772347,0.670910834848
0.8925,0.20231056773,0.654113856198
0.8925,0.207400429055,0.636678319655
0.8925,0.212490290381,0.618588298162
0.8925,0.217577085764,0.599826326249
0.8925,0.222657751109,0.580373017779
0.8925,0.227729226015,0.560206588259
0.8925,0.232788455613,0.539302251556
0.8925,0.237832392413,0.517631448662
0.8925,0.242857998136,0.495160847981
0.8925,0.247862245546,0.471851028702
0.8925,0.252842120271,0.447654714844
0.8925,0.257794622619,0.422514356088
0.8925,0.26271676939,0.396358731158
0.8925,0.267605595666,0.369098038355
0.8925,0.272458156601,0.340616548732
0.8925,0.277271529193,0.310761137551
0.8925,0.282042814048,0.279322415649
0.8925,0.28676913712,0.246001524381
0.8925,0.291447651451,0.210346220842
0.8925,0.296075538878,0.171611287673
0.8925,0.300650011734,0.12838815083
0.8925,0.305168314528,0.0771995429246
0.8925,0.309627725605,0
0.8925,0.31402555878,0
0.8925,0.318359164964,0
0.8925,0.322625933754,0
0.8925,0.326823295009,0
0.8925,0.330948720395,0
0.8925,0.33499972491,0
0.8925,0.338973868381,0
0.8925,0.342868756931,0
0.8925,0.346682044427,0
0.8925,0.350411433885,0
0.8925,0.354054678862,0
0.8925,0.357609584802,0
0.8925,0.361074010363,0
0.8925,0.364445868705,0
0.8925,0.367723128747,0
0.8925,0.370903816389,0
0.8925,0.373986015705,0
0.8925,0.376967870092,0
0.8925,0.379847583394,0
0.8925,0.382623420977,0
0.8925,0.385293710783,0
0.8925,0.387856844327,0
0.8925,0.390311277674,0
0.8925,0.392655532366,0
0.8925,0.394888196311,0
0.8925,0.397007924635,0
0.8925,0.399013440494,0
0.8925,0.400903535839,0
0.8925,0.402677072149,0
0.8925,0.404332981111,0
0.8925,0.405870265267,0
0.8925,0.407287998615,0
0.8925,0.408585327165,0
0.8925,0.409761469456,0
0.8925,0.410815717022,0
0.8925,0.411747434826,0
0.8925,0.412556061634,0
0.8925,0.41324111036,0
0.8925,0.413802168357,0
0.8925,0.414238897663,0
0.8925,0.414551035211,0
0.8925,0.414738392979,0
0.8925,0.414800858111,0
0.945,0,0.993446896436
0.945,6.24651316307e-05,0.993446871542
0.945,0.000249822899863,0.993446492075
0.945,0.000561960447384,0.993444831888
0.945,0.000998689754205,0.993440334274
0.945,0.00155974775092,0.993430810567
0.945,0.00224479647718,0.993413442556
0.945,0.00305342328524,0.993384787749
0.945,0.00398514108855,0.993340787076
0.945,0.00503938865514,0.993276774786
0.945,0.0062155309457,0.993187490376
0.945,0.0075128594961,0.993067092401
0.945,0.00893059284412,0.99290917403
0.945,0.0104678770002,0.992706780243
0.945,0.0121237859619,0.992452426531
0.945,0.0138973222715,0.992138118986
0.945,0.0157874176171,0.991755375657
0.945,0.0177929334759,0.991295249047
0.945,0.0199126618001,0.990748349639
0.945,0.0221453257447,0.990104870303
0.945,0.0244895804365,0.98935461149
0.945,0.0269440137839,0.988487007062
0.945,0.0295071473283,0.987491150653
0.945,0.0321774371336,0.986355822424
0.945,0.0349532747173,0.985069516111
0.945,0.0378329880186,0.983620466226
0.945,0.0408148424058,0.981996675312
0.945,0.0438970417214,0.980185941131
0.945,0.0470777293637,0.978175883668
0.945,0.0503549894054,0.975953971862
0.945,0.0537268477477,0.973507549933
0.945,0.0571912733091,0.970823863217
0.945,0.0607461792493,0.967890083406
0.945,0.0643894242258,0.964693333082
0.945,0.0681188136841,0.961220709453
0.945,0.0719321011795,0.957459307197
0.945,0.07582698973,0.953396240292
0.945,0.0798011332006,0.949018662754
0.945,0.0838521377157,0.944313788162
0.945,0.0879775631017,0.939268907871
0.945,0.0921749243567,0.933871407785
0.945,0.0964416931472,0.928108783586
0.945,0.100775299331,0.921968654273
0.945,0.105173132506,0.915438773872
0.945,0.109632543582,0.908507041163
0.945,0.114150846377,0.901161507249
0.945,0.118725319233,0.893390380755
0.945,0.12335320666,0.885182030457
0.945,0.128031720991,0.876524985059
0.945,0.132758044063,0.867407929843
0.945,0.137529328917,0.857819699829
0.945,0.14234270151,0.847749269061
0.945,0.147195262445,0.83718573552
0.945,0.152084088721,0.826118301132
0.945,0.157006235492,0.814536246177
0.945,0.16195873784,0.802428897305
0.945,0.166938612565,0.789785588193
0.945,0.171942859974,0.776595611665
0.945,0.176968465698,0.76284816184
0.945,0.182012402498,0.748532264548
0.945,0.187071632096,0.733636693813
0.945,0.192143107002,0.718149871705
0.945,0.197223772347,0.702059748102
0.945,0.20231056773,0.685353656042
0.945,0.207400429055,0.668018137077
0.945,0.212490290381,0.650038729452
0.945,0.217577085764,0.631399709698
0.945,0.222657751109,0.612083775215
0.945,0.227729226015,0.592071651194
0.945,0.232788455613,0.571341599266
0.945,0.237832392413,0.54986879668
0.945,0.242857998136,0.527624542223
0.945,0.247862245546,0.504575226201
0.945,0.252842120271,0.480680972817
0.945,0.257794622619,0.455893817543
0.945,0.26271676939,0.430155207632
0.945,0.267605595666,0.403392488356
0.945,0.272458156601,0.375513816842
0.945,0.277271529193,0.346400537832
0.945,0.282042814048,0.315895257784
0.945,0.28676913712,0.283782174715
0.945,0.291447651451,0.249752353293
0.945,0.296075538878,0.213336605331
0.945,0.300650011734,0.173758032908
0.945,0.305168314528,0.129537089442
0.945,0.309627725605,0.0769640535438
0.945,0.31402555878,0
0.945,0.318359164964,0
0.945,0.322625933754,0
0.945,0.326823295009,0
0.945,0.330948720395,0
0.945,0.33499972491,0
0.945,0.338973868381,0
0.945,0.342868756931,0
0.945,0.346682044427,0
0.945,0.350411433885,0
0.945,0.354054678862,0
0.945,0.357609584802,0
0.945,0.361074010363,0
0.945,0.364445868705,0
0.945,0.367723128747,0
0.945,0.370903816389,0
0.945,0.373986015705,0
0.945,0.376967870092,0
0.945,0.379847583394,0
0.945,0.382623420977,0
0.945,0.385293710783,0
0.945,0.387856844327,0
0.945,0.390311277674,0
0.945,0.392655532366,0
0.945,0.394888196311,0
0.945,0.397007924635,0
0.945,0.399013440494,0
0.945,0.400903535839,0
0.945,0.402677072149,0
0.945,0.404332981111,0
0.945,0.405870265267,0
0.945,0.407287998615,0
0.945,0.408585327165,0
0.945,0.409761469456,0
0.945,0.410815717022,0
0.945,0.411747434826,0
0.945,0.412556061634,0
0.945,0.41324111036,0
0.945,0.413802168357,0
0.945,0.414238897663,0
0.945,0.414551035211,0
0.945,0.414738392979,0
0.945,0.414800858111,0
0.9975,0,1.02226636025
0.9975,6.24651316307e-05,1.02226633635
0.9975,0.000249822899863,1.02226596952
0.9975,0.000561960447384,1.02226435771
0.9975,0.000998689754205,1.02225997807
0.9975,0.00155974775092,1.02225068293
0.9975,0.00224479647718,1.02223370052
0.9975,0.00305342328524,1.02220563872
0.9975,0.00398514108855,1.02216249161
0.9975,0.00503938865514,1.02209964839
0.9975,0.0062155309457,1.02201190437
0.9975,0.0075128594961,1.02189347405
0.9975,0.00893059284412,1.02173800595
0.9975,0.0104678770002,1.02153859926
0.9975,0.0121237859619,1.02128782195
0.9975,0.0138973222715,1.02097773042
0.9975,0.0157874176171,1.02059989046
0.9975,0.0177929334759,1.02014539941
0.9975,0.0199126618001,1.01960490938
0.9975,0.0221453257447,1.01896865145
0.9975,0.0244895804365,1.01822646069
0.9975,0.0269440137839,1.01736780188
0.9975,0.0295071473283,1.01638179577
0.9975,0.0321774371336,1.0152572459
0.9975,0.0349532747173,1.01398266558
0.9975,0.0378329880186,1.01254630529
0.9975,0.0408148424058,1.01093617998
0.9975,0.0438970417214,1.00914009649
0.9975,0.0470777293637,1.00714568081
0.9975,0.0503549894054,1.00494040503
0.9975,0.0537268477477,1.00251161405
0.9975,0.0571912733091,0.99984655179
0.9975,0.0607461792493,0.996932386827
0.9975,0.0643894242258,0.993756237437
0.9975,0.0681188136841,0.990305195849
0.9975,0.0719321011795,0.986566351672
0.9975,0.07582698973,0.982526814363
0.9975,0.0798011332006,0.978173734666
0.9975,0.0838521377157,0.973494324896
0.9975,0.0879775631017,0.968475877977
0.9975,0.0921749243567,0.963105785124
0.9975,0.0964416931472,0.957371552058
0.9975,0.100775299331,0.951260813619
0.9975,0.105173132506,0.944761346662
0.9975,0.109632543582,0.937861081083
0.9975,0.114150846377,0.930548108812
0.9975,0.118725319233,0.922810690605
0.9975,0.12335320666,0.914637260429
0.9975,0.128031720991,0.906016427206
0.9975,0.132758044063,0.896936973671
0.9975,0.137529328917,0.887387852016
0.9975,0.14234270151,0.877358175993
0.9975,0.147195262445,0.866837209045
0.9975,0.152084088721,0.855814347992
0.9975,0.157006235492,0.844279101679
0.9975,0.16195873784,0.832221063915
0.9975,0.166938612565,0.819629879872
0.9975,0.171942859974,0.806495204935
0.9975,0.176968465698,0.792806654812
0.9975,0.182012402498,0.778553745417
0.9975,0.187071632096,0.7637258207
0.9975,0.192143107002,0.748311966173
0.9975,0.197223772347,0.732300905325
0.9975,0.20231056773,0.715680875366
0.9975,0.207400429055,0.698439477815
0.9975,0.212490290381,0.68056349816
0.9975,0.217577085764,0.662038687143
0.9975,0.222657751109,0.642849493905
0.9975,0.227729226015,0.622978738096
0.9975,0.232788455613,0.60240720362
0.9975,0.237832392413,0.581113130501
0.9975,0.242857998136,0.559071572325
0.9975,0.247862245546,0.536253573557
0.9975,0.252842120271,0.512625101195
0.9975,0.257794622619,0.488145634755
0.9975,0.26271676939,0.462766270349
0.9975,0.267605595666,0.436427116028
0.9975,0.272458156601,0.409053622512
0.9975,0.277271529193,0.380551258905
0.9975,0.282042814048,0.350797508217
0.9975,0.28676913712,0.319629302469
0.9975,0.291447651451,0.286822207704
0.9975,0.296075538878,0.252053471162
0.9975,0.300650011734,0.214830054332
0.9975,0.305168314528,0.174328796605
0.9975,0.309627725605,0.128960685964
0.9975,0.31402555878,0.0746210962267
0.9975,0.318359164964,0
0.9975,0.322625933754,0
0.9975,0.326823295009,0
0.9975,0.330948720395,0
0.9975,0.33499972491,0
0.9975,0.338973868381,0
0.9975,0.342868756931,0
0.9975,0.346682044427,0
0.9975,0.350411433885,0
0.9975,0.354054678862,0
0.9975,0.357609584802,0
0.9975,0.361074010363,0
0.9975,0.364445868705,0
0.9975,0.367723128747,0
0.9975,0.370903816389,0
0.9975,0.373986015705,0
0.9975,0.376967870092,0
0.9975,0.379847583394,0
0.9975,0.382623420977,0
0.9975,0.385293710783,0
0.9975,0.387856844327,0
0.9975,0.390311277674,0
0.9975,0.392655532366,0
0.9975,0.394888196311,0
0.9975,0.397007924635,0
0.9975,0.399013440494,0
0.9975,0.400903535839,0
0.9975,0.402677072149,0
0.9975,0.404332981111,0
0.9975,0.405870265267,0
0.9975,0.407287998615,0
0.9975,0.408585327165,0
0.9975,0.409761469456,0
0.9975,0.410815717022,0
0.9975,0.411747434826,0
0.9975,0.412556061634,0
0.9975,0.41324111036,0
0.9975,0.413802168357,0
0.9975,0.414238897663,0
0.9975,0.414551035211,0
0.9975,0.414738392979,0
0.9975,0.414800858111,0
1.05,0,1.05025239684
1.05,6.24651316307e-05,1.05025237387
1.05,0.000249822899863,1.05025201898
1.05,0.000561960447384,1.05025045313
1.05,0.000998689754205,1.05024618593
1.05,0.00155974775092,1.05023710934
1.05,0.00224479647718,1.05022049653
1.05,0.00305342328524,1.05019300437
1.05,0.00398514108855,1.05015067884
1.05,0.00503938865514,1.05008896289
1.05,0.0062155309457,1.05000270667
1.05,0.0075128594961,1.0498861798
1.05,0.00893059284412,1.04973308559
1.05,0.0104678770002,1.04953657698
1.05,0.0121237859619,1.04928927428
1.05,0.0138973222715,1.04898328425
1.05,0.0157874176171,1.04861022068
1.05,0.0177929334759,1.04816122624
1.05,0.0199126618001,1.04762699539
1.05,0.0221453257447,1.04699779833
1.05,0.0244895804365,1.04626350588
1.05,0.0269440137839,1.04541361503
1.05,0.0295071473283,1.04443727516
1.05,0.0321774371336,1.04332331478
1.05,0.0349532747173,1.04206026859
1.05,0.0378329880186,1.04063640486
1.05,0.0408148424058,1.03903975296
1.05,0.0438970417214,1.03725813085
1.05,0.0470777293637,1.03527917253
1.05,0.0503549894054,1.03309035535
1.05,0.0537268477477,1.03067902691
1.05,0.0571912733091,1.02803243165
1.05,0.0607461792493,1.02513773689
1.05,0.0643894242258,1.02198205828
1.05,0.0681188136841,1.01855248456
1.05,0.0719321011795,1.01483610151
1.05,0.07582698973,1.010820015
1.05,0.0798011332006,1.00649137305
1.05,0.0838521377157,1.00183738685
1.05,0.0879775631017,0.996845350509
1.05,0.0921749243567,0.991502659608
1.05,0.0964416931472,0.985796828271
1.05,0.100775299331,0.979715504781
1.05,0.105173132506,0.973246485542
1.05,0.109632543582,0.966377727277
1.05,0.114150846377,0.959097357316
1.05,0.118725319233,0.951393681811
1.05,0.12335320666,0.943255191692
1.05,0.128031720991,0.934670566177
1.05,0.132758044063,0.925628673581
1.05,0.137529328917,0.916118569164
1.05,0.14234270151,0.906129489721
1.05,0.147195262445,0.895650844533
1.05,0.152084088721,0.884672202258
1.05,0.157006235492,0.873183273279
1.05,0.16195873784,0.861173886893
1.05,0.166938612565,0.848633962639
1.05,0.171942859974,0.835553474922
1.05,0.176968465698,0.821922409889
1.05,0.182012402498,0.807730713315
1.05,0.187071632096,0.792968227965
1.05,0.192143107002,0.777624618548
1.05,0.197223772347,0.761689281916
1.05,0.20231056773,0.745151239601
1.05,0.207400429055,0.727999008992
1.05,0.212490290381,0.710220448482
1.05,0.217577085764,0.691802570576
1.05,0.222657751109,0.672731315198
1.05,0.227729226015,0.652991272999
1.05,0.232788455613,0.632565345179
1.05,0.237832392413,0.611434321695
1.05,0.242857998136,0.589576353173
1.05,0.247862245546,0.566966282342
1.05,0.252842120271,0.543574786884
1.05,0.257794622619,0.519367264542
1.05,0.26271676939,0.494302358944
1.05,0.267605595666,0.468329973198
1.05,0.272458156601,0.441388534156
1.05,0.277271529193,0.413401127392
1.05,0.282042814048,0.384269869806
1.05,0.28676913712,0.353867415127
1.05,0.291447651451,0.322023553829
1.05,0.296075538878,0.288502877264
1.05,0.300650011734,0.252964807212
1.05,0.305168314528,0.214884904515
1.05,0.309627725605,0.173377313677
1.05,0.31402555878,0.126697905259
1.05,0.318359164964,0.0701298296409
1.05,0.322625933754,0
1.05,0.326823295009,0
1.05,0.330948720395,0
1.05,0.33499972491,0
1.05,0.338973868381,0
1.05,0.342868756931,0
1.05,0.346682044427,0
1.05,0.350411433885,0
1.05,0.354054678862,0
1.05,0.357609584802,0
1.05,0.361074010363,0
1.05,0.364445868705,0
1.05,0.367723128747,0
1.05,0.370903816389,0
1.05,0.373986015705,0
1.05,0.376967870092,0
1.05,0.379847583394,0
1.05,0.382623420977,0
1.05,0.385293710783,0
1.05,0.387856844327,0
1.05,0.390311277674,0
1.05,0.392655532366,0
1.05,0.394888196311,0
1.05,0.397007924635,0
1.05,0.399013440494,0
1.05,0.400903535839,0
1.05,0.402677072149,0
1.05,0.404332981111,0
1.05,0.405870265267,0
1.05,0.407287998615,0
1.05,0.408585327165,0
1.05,0.409761469456,0
1.05,0.410815717022,0
1.05,0.411747434826,0
1.05,0.412556061634,0
1.05,0.41324111036,0
1.05,0.413802168357,0
1.05,0.414238897663,0
1.05,0.414551035211,0
1.05,0.414738392979,0
1.05,0.414800858111,0
1.1025,0,1.07745242599
1.1025,6.24651316307e-05,1.0774524039
1.1025,0.000249822899863,1.0774520603
1.1025,0.000561960447384,1.07745053812
1.1025,0.000998689754205,1.07744637821
1.1025,0.00155974775092,1.07743751072
1.1025,0.00224479647718,1.07742125239
1.1025,0.00305342328524,1.07739430773
1.1025,0.00398514108855,1.07735277329
1.1025,0.00503938865514,1.07729214464
1.1025,0.0062155309457,1.07720732575
1.1025,0.0075128594961,1.07709264051
1.1025,0.00893059284412,1.07694184629
1.1025,0.0104678770002,1.07674814936
1.1025,0.0121237859619,1.07650422203
1.1025,0.0138973222715,1.07620222133
1.1025,0.0157874176171,1.07583380921
1.1025,0.0177929334759,1.07539017396
1.1025,0.0199126618001,1.07486205292
1.1025,0.0221453257447,1.07423975615
1.1025,0.0244895804365,1.0735131911
1.1025,0.0269440137839,1.07267188809
1.1025,0.0295071473283,1.07170502634
1.1025,0.0321774371336,1.07060146075
1.1025,0.0349532747173,1.06934974891
1.1025,0.0378329880186,1.06793817856
1.1025,0.0408148424058,1.06635479519
1.1025,0.0438970417214,1.06458742964
1.1025,0.0470777293637,1.06262372582
1.1025,0.0503549894054,1.06045116814
1.1025,0.0537268477477,1.05805710872
1.1025,0.0571912733091,1.0554287943
1.1025,0.0607461792493,1.05255339264
1.1025,0.0643894242258,1.04941801832
1.1025,0.0681188136841,1.04600975799
1.1025,0.0719321011795,1.04231569477
1.1025,0.07582698973,1.03832293187
1.1025,0.0798011332006,1.03401861521
1.1025,0.0838521377157,1.02938995509
1.1025,0.0879775631017,1.02442424663
1.1025,0.0921749243567,1.01910888907
1.1025,0.0964416931472,1.01343140367
1.1025,0.100775299331,1.00737945023
1.1025,0.105173132506,1.00094084201
1.1025,0.109632543582,0.994103559023
1.1025,0.114150846377,0.986855759453
1.1025,0.118725319233,0.979185789191
1.1025,0.12335320666,0.971082189204
1.1025,0.128031720991,0.962533700615
1.1025,0.132758044063,0.953529267271
1.1025,0.137529328917,0.944058035561
1.1025,0.14234270151,0.934109351198
1.1025,0.147195262445,0.923672752673
1.1025,0.152084088721,0.912737960978
1.1025,0.157006235492,0.901294865177
1.1025,0.16195873784,0.889333503312
1.1025,0.166938612565,0.87684403802
1.1025,0.171942859974,0.863816726126
1.1025,0.176968465698,0.85024188134
1.1025,0.182012402498,0.836109828982
1.1025,0.187071632096,0.821410851437
1.1025,0.192143107002,0.806135122753
1.1025,0.197223772347,0.790272630409
1.1025,0.20231056773,0.773813081839
1.1025,0.207400429055,0.756745792633
1.1025,0.212490290381,0.739059552602
1.1025,0.217577085764,0.720742464794
1.1025,0.222657751109,0.701781751187
1.1025,0.227729226015,0.682163516904
1.1025,0.232788455613,0.661872462266
1.1025,0.237832392413,0.640891528473
1.1025,0.242857998136,0.619201457825
1.1025,0.247862245546,0.596780242404
1.1025,0.252842120271,0.573602425064
1.1025,0.257794622619,0.549638201658
1.1025,0.26271676939,0.524852250958
1.1025,0.267605595666,0.499202183885
1.1025,0.272458156601,0.472636448268
1.1025,0.277271529193,0.445091434217
1.1025,0.282042814048,0.416487369712
1.1025,0.28676913712,0.38672231895
1.1025,0.291447651451,0.355663076108
1.1025,0.296075538878,0.323130709399
1.1025,0.300650011734,0.288876273538
1.1025,0.305168314528,0.252536895858
1.1025,0.309627725605,0.213548090581
1.1025,0.31402555878,0.17094173138
1.1025,0.318359164964,0.122760380548
1.1025,0.322625933754,0.06334785981
1.1025,0.326823295009,0
1.1025,0.330948720395,0
1.1025,0.33499972491,0
1.1025,0.338973868381,0
1.1025,0.342868756931,0
1.1025,0.346682044427,0
1.1025,0.350411433885,0
1.1025,0.354054678862,0
1.1025,0.357609584802,0
1.1025,0.361074010363,0
1.1025,0.364445868705,0
1.1025,0.367723128747,0
1.1025,0.370903816389,0
1.1025,0.373986015705,0
1.1025,0.376967870092,0
1.1025,0.379847583394,0
1.1025,0.382623420977,0
1.1025,0.385293710783,0
1.1025,0.387856844327,0
1.1025,0.390311277674,0
1.1025,0.392655532366,0
1.1025,0.394888196311,0
1.1025,0.397007924635,0
1.1025,0.399013440494,0
1.1025,0.400903535839,0
1.1025,0.402677072149,0
1.1025,0.404332981111,0
1.1025,0.405870265267,0
1.1025,0.407287998615,0
1.1025,0.408585327165,0
1.1025,0.409761469456,0
1.1025,0.410815717022,0
1.1025,0.411747434826,0
1.1025,0.412556061634,0
1.1025,0.41324111036,0
1.1025,0.413802168357,0
1.1025,0.414238897663,0
1.1025,0.414551035211,0
1.1025,0.414738392979,0
1.1025,0.414800858111,0
1.155,0,1.10390807496
1.155,6.24651316307e-05,1.10390805369
1.155,0.000249822899863,1.10390772078
1.155,0.000561960447384,1.10390624017
1.155,0.000998689754205,1.10390218269
1.155,0.00155974775092,1.1038935154
1.155,0.00224479647718,1.10387759723
1.155,0.00305342328524,1.10385117901
1.155,0.00398514108855,1.1038104066
1.155,0.00503938865514,1.10375082703
1.155,0.0062155309457,1.10366739702
1.155,0.0075128594961,1.10355449384
1.155,0.00893059284412,1.10340592819
1.155,0.0104678770002,1.10321495909
1.155,0.0121237859619,1.10297431048
1.155,0.0138973222715,1.10267618947
1.155,0.0157874176171,1.10231230612
1.155,0.0177929334759,1.10187389456
1.155,0.0199126618001,1.10135173535
1.155,0.0221453257447,1.10073617896
1.155,0.0244895804365,1.10001717024
1.155,0.0269440137839,1.09918427365
1.155,0.0295071473283,1.09822669937
1.155,0.0321774371336,1.09713332984
1.155,0.0349532747173,1.09589274686
1.155,0.0378329880186,1.09449325907
1.155,0.0408148424058,1.09292292957
1.155,0.0438970417214,1.09116960371
1.155,0.0470777293637,1.08922093689
1.155,0.0503549894054,1.08706442223
1.155,0.0537268477477,1.08468741805
1.155,0.0571912733091,1.08207717499
1.155,0.0607461792493,1.07922086277
1.155,0.0643894242258,1.07610559636
1.155,0.0681188136841,1.0727184616
1.155,0.0719321011795,1.0690465401
1.155,0.07582698973,1.06507693331
1.155,0.0798011332006,1.06079678569
1.155,0.0838521377157,1.05619330697
1.155,0.0879775631017,1.05125379323
1.155,0.0921749243567,1.04596564689
1.155,0.0964416931472,1.04031639537
1.155,0.100775299331,1.03429370844
1.155,0.105173132506,1.027885414
1.155,0.109632543582,1.02107951237
1.155,0.114150846377,1.0138641888
1.155,0.118725319233,1.00622782414
1.155,0.12335320666,0.998159003509
1.155,0.128031720991,0.9896465228
1.155,0.132758044063,0.980679392831
1.155,0.137529328917,0.971246840922
1.155,0.14234270151,0.961338309654
1.155,0.147195262445,0.950943452533
1.155,0.152084088721,0.940052126233
1.155,0.157006235492,0.928654379017
1.155,0.16195873784,0.916740434907
1.155,0.166938612565,0.904300673047
1.155,0.171942859974,0.891325601639
1.155,0.176968465698,0.877805825673
1.155,0.182012402498,0.863732007554
1.155,0.187071632096,0.849094819493
1.155,0.192143107002,0.833884886329
1.155,0.197223772347,0.818092717107
1.155,0.20231056773,0.801708623374
1.155,0.207400429055,0.784722621633
1.155,0.212490290381,0.767124316782
1.155,0.217577085764,0.748902762486
1.155,0.222657751109,0.730046293364
1.155,0.227729226015,0.710542322364
1.155,0.232788455613,0.690377094753
1.155,0.237832392413,0.669535387423
1.155,0.242857998136,0.648000138498
1.155,0.247862245546,0.625751986997
1.155,0.252842120271,0.602768694832
1.155,0.257794622619,0.579024412631
1.155,0.26271676939,0.554488734794
1.155,0.267605595666,0.52912546492
1.155,0.272458156601,0.502890974987
1.155,0.277271529193,0.475731981262
1.155,0.282042814048,0.447582460146
1.155,0.28676913712,0.418359255856
1.155,0.291447651451,0.387955624388
1.155,0.296075538878,0.356231376576
1.155,0.300650011734,0.32299710994
1.155,0.305168314528,0.287987458514
1.155,0.309627725605,0.250812107365
1.155,0.31402555878,0.210856244912
1.155,0.318359164964,0.167045074932
1.155,0.322625933754,0.117129109797
1.155,0.326823295009,0.0539598737266
1.155,0.330948720395,0
1.155,0.33499972491,0
1.155,0.338973868381,0
1.155,0.342868756931,0
1.155,0.346682044427,0
1.155,0.350411433885,0
1.155,0.354054678862,0
1.155,0.357609584802,0
1.155,0.361074010363,0
1.155,0.364445868705,0
1.155,0.367723128747,0
1.155,0.370903816389,0
1.155,0.373986015705,0
1.155,0.376967870092,0
1.155,0.379847583394,0
1.155,0.382623420977,0
1.155,0.385293710783,0
1.155,0.387856844327,0
1.155,0.390311277674,0
1.155,0.392655532366,0
1.155,0.394888196311,0
1.155,0.397007924635,0
1.155,0.399013440494,0
1.155,0.400903535839,0
1.155,0.402677072149,0
1.155,0.404332981111,0
1.155,0.405870265267,0
1.155,0.407287998615,0
1.155,0.408585327165,0
1.155,0.409761469456,0
1.155,0.410815717022,0
1.155,0.411747434826,0
1.155,0.412556061634,0
1.155,0.41324111036,0
1.155,0.413802168357,0
1.155,0.414238897663,0
1.155,0.414551035211,0
1.155,0.414738392979,0
1.155,0.414800858111,0
1.2075,0,1.12965608722
1.2075,6.24651316307e-05,1.12965606672
1.2075,0.000249822899863,1.12965574395
1.2075,0.000561960447384,1.12965430291
1.2075,0.000998689754205,1.12965034331
1.2075,0.00155974775092,1.12964186779
1.2075,0.00224479647718,1.12962627623
1.2075,0.00305342328524,1.12960036441
1.2075,0.00398514108855,1.1295603263
1.2075,0.00503938865514,1.1295017592
1.2075,0.0062155309457,1.12941967154
1.2075,0.0075128594961,1.12930849302
1.2075,0.00893059284412,1.12916208691
1.2075,0.0104678770002,1.12897376433
1.2075,0.0121237859619,1.12873630039
1.2075,0.0138973222715,1.12844195198
1.2075,0.0157874176171,1.12808247716
1.2075,0.0177929334759,1.12764915595
1.2075,0.0199126618001,1.12713281239
1.2075,0.0221453257447,1.12652383773
1.2075,0.0244895804365,1.12581221476
1.2075,0.0269440137839,1.12498754287
1.2075,0.0295071473283,1.124039064
1.2075,0.0321774371336,1.12295568917
1.2075,0.0349532747173,1.12172602554
1.2075,0.0378329880186,1.12033840384
1.2075,0.0408148424058,1.11878090613
1.2075,0.0438970417214,1.11704139365
1.2075,0.0470777293637,1.11510753475
1.2075,0.0503549894054,1.11296683276
1.2075,0.0537268477477,1.11060665364
1.2075,0.0571912733091,1.10801425341
1.2075,0.0607461792493,1.10517680514
1.2075,0.0643894242258,1.10208142554
1.2075,0.0681188136841,1.09871520086
1.2075,0.0719321011795,1.09506521226
1.2075,0.07582698973,1.09111856029
1.2075,0.0798011332006,1.08686238862
1.2075,0.0838521377157,1.08228390679
1.2075,0.0879775631017,1.0773704119
1.2075,0.0921749243567,1.07210930921
1.2075,0.0964416931472,1.06648813158
1.2075,0.100775299331,1.06049455745
1.2075,0.105173132506,1.05411642757
1.2075,0.109632543582,1.04734176009
1.2075,0.114150846377,1.0401587641
1.2075,0.118725319233,1.03255585135
1.2075,0.12335320666,1.02452164608
1.2075,0.128031720991,1.01604499287
1.2075,0.132758044063,1.00711496214
1.2075,0.137529328917,0.9977208534
1.2075,0.14234270151,0.987852195729
1.2075,0.147195262445,0.977498745451
1.2075,0.152084088721,0.966650480607
1.2075,0.157006235492,0.955297591925
1.2075,0.16195873784,0.94343046987
1.2075,0.166938612565,0.931039687318
1.2075,0.171942859974,0.918115977289
1.2075,0.176968465698,0.904650205089
1.2075,0.182012402498,0.890633334054
1.2075,0.187071632096,0.876056383953
1.2075,0.192143107002,0.860910380873
1.2075,0.197223772347,0.845186297195
1.2075,0.20231056773,0.828874979899
1.2075,0.207400429055,0.811967065075
1.2075,0.212490290381,0.794452875939
1.2075,0.217577085764,0.776322301033
1.2075,0.222657751109,0.757564648324
1.2075,0.227729226015,0.738168469825
1.2075,0.232788455613,0.718121349719
1.2075,0.237832392413,0.69740964692
1.2075,0.242857998136,0.676018180069
1.2075,0.247862245546,0.653929839012
1.2075,0.252842120271,0.631125101162
1.2075,0.257794622619,0.607581423119
1.2075,0.26271676939,0.583272466224
1.2075,0.267605595666,0.558167097329
1.2075,0.272458156601,0.532228079577
1.2075,0.277271529193,0.505410326684
1.2075,0.282042814048,0.477658527751
1.2075,0.28676913712,0.448903839191
1.2075,0.291447651451,0.419059149365
1.2075,0.296075538878,0.388012075953
1.2075,0.300650011734,0.355614195805
1.2075,0.305168314528,0.321663659191
1.2075,0.309627725605,0.285875353811
1.2075,0.31402555878,0.247825430183
1.2075,0.318359164964,0.206836140447
1.2075,0.322625933754,0.161694411598
1.2075,0.326823295009,0.109746180137
1.2075,0.330948720395,0.0412643666369
1.2075,0.33499972491,0
1.2075,0.338973868381,0
1.2075,0.342868756931,0
1.2075,0.346682044427,0
1.2075,0.350411433885,0
1.2075,0.354054678862,0
1.2075,0.357609584802,0
1.2075,0.361074010363,0
1.2075,0.364445868705,0
1.2075,0.367723128747,0
1.2075,0.370903816389,0
1.2075,0.373986015705,0
1.2075,0.376967870092,0
1.2075,0.379847583394,0
1.2075,0.382623420977,0
1.2075,0.385293710783,0
1.2075,0.387856844327,0
1.2075,0.390311277674,0
1.2075,0.392655532366,0
1.2075,0.394888196311,0
1.2075,0.397007924635,0
1.2075,0.399013440494,0
1.2075,0.400903535839,0
1.2075,0.402677072149,0
1.2075,0.404332981111,0
1.2075,0.405870265267,0
1.2075,0.407287998615,0
1.2075,0.408585327165,0
1.2075,0.409761469456,0
1.2075,0.410815717022,0
1.2075,0.411747434826,0
1.2075,0.412556061634,0
1.2075,0.41324111036,0
1.2075,0.413802168357,0
1.2075,0.414238897663,0
1.2075,0.414551035211,0
1.2075,0.414738392979,0
1.2075,0.414800858111,0
1.26,0,1.15472905634
1.26,6.24651316307e-05,1.15472903657
1.26,0.000249822899863,1.15472872341
1.26,0.000561960447384,1.15472732009
1.26,0.000998689754205,1.15472345406
1.26,0.00155974775092,1.15471516238
1.26,0.00224479647718,1.15469988453
1.26,0.00305342328524,1.15467446005
1.26,0.00398514108855,1.15463512975
1.26,0.00503938865514,1.15457754004
1.26,0.0062155309457,1.15449675
1.26,0.0075128594961,1.15438724082
1.26,0.00893059284412,1.15424292751
1.26,0.0104678770002,1.1540571726
1.26,0.0121237859619,1.15382280185
1.26,0.0138973222715,1.15353212155
1.26,0.0157874176171,1.15317693757
1.26,0.0177929334759,1.15274857573
1.26,0.0199126618001,1.15223790366
1.26,0.0221453257447,1.15163535371
1.26,0.0244895804365,1.150930947
1.26,0.0269440137839,1.15011431843
1.26,0.0295071473283,1.14917474243
1.26,0.0321774371336,1.14810115943
1.26,0.0349532747173,1.14688220289
1.26,0.0378329880186,1.14550622675
1.26,0.0408148424058,1.14396133315
1.26,0.0438970417214,1.14223540048
1.26,0.0470777293637,1.14031611131
1.26,0.0503549894054,1.13819098049
1.26,0.0537268477477,1.13584738298
1.26,0.0571912733091,1.13327258147
1.26,0.0607461792493,1.13045375372
1.26,0.0643894242258,1.12737801935
1.26,0.0681188136841,1.12403246617
1.26,0.0719321011795,1.12040417589
1.26,0.07582698973,1.11648024903
1.26,0.0798011332006,1.1122478291
1.26,0.0838521377157,1.10769412587
1.26,0.0879775631017,1.10280643757
1.26,0.0921749243567,1.09757217217
1.26,0.0964416931472,1.09197886733
1.26,0.100775299331,1.0860142092
1.26,0.105173132506,1.07966604985
1.26,0.109632543582,1.07292242318
1.26,0.114150846377,1.0657715594
1.26,0.118725319233,1.05820189767
1.26,0.12335320666,1.05020209708
1.26,0.128031720991,1.04176104559
1.26,0.132758044063,1.03286786694
1.26,0.137529328917,1.02351192523
1.26,0.14234270151,1.01368282708
1.26,0.147195262445,1.00337042108
1.26,0.152084088721,0.992564794258
1.26,0.157006235492,0.981256265334
1.26,0.16195873784,0.969435374338
1.26,0.166938612565,0.957092868216
1.26,0.171942859974,0.944219681931
1.26,0.176968465698,0.930806914469
1.26,0.182012402498,0.916845799079
1.26,0.187071632096,0.902327666899
1.26,0.192143107002,0.887243902983
1.26,0.197223772347,0.871585893507
1.26,0.20231056773,0.85534496268
1.26,0.207400429055,0.838512297514
1.26,0.212490290381,0.821078858233
1.26,0.217577085764,0.80303527146
1.26,0.222657751109,0.78437170268
1.26,0.227729226015,0.765077703474
1.26,0.232788455613,0.74514202778
1.26,0.237832392413,0.72455240979
1.26,0.242857998136,0.703295293794
1.26,0.247862245546,0.68135550321
1.26,0.252842120271,0.658715831715
1.26,0.257794622619,0.635356533356
1.26,0.26271676939,0.611254679759
1.26,0.267605595666,0.586383339865
1.26,0.272458156601,0.560710518566
1.26,0.277271529193,0.534197761577
1.26,0.282042814048,0.506798288216
1.26,0.28676913712,0.478454440001
1.26,0.291447651451,0.449094109392
1.26,0.296075538878,0.418625597686
1.26,0.300650011734,0.386929957722
1.26,0.305168314528,0.35384911683
1.26,0.309627725605,0.31916650196
1.26,0.31402555878,0.282573340334
1.26,0.318359164964,0.243604868176
1.26,0.322625933754,0.20150449788
1.26,0.326823295009,0.154878454023
1.26,0.330948720395,0.100497973588
1.26,0.33499972491,0.0232250496107
1.26,0.338973868381,0
1.26,0.342868756931,0
1.26,0.346682044427,0
1.26,0.350411433885,0
1.26,0.354054678862,0
1.26,0.357609584802,0
1.26,0.361074010363,0
1.26,0.364445868705,0
1.26,0.367723128747,0
1.26,0.370903816389,0
1.26,0.373986015705,0
1.26,0.376967870092,0
1.26,0.379847583394,0
1.26,0.382623420977,0
1.26,0.385293710783,0
1.26,0.387856844327,0
1.26,0.390311277674,0
1.26,0.392655532366,0
1.26,0.394888196311,0
1.26,0.397007924635,0
1.26,0.399013440494,0
1.26,0.400903535839,0
1.26,0.402677072149,0
1.26,0.404332981111,0
1.26,0.405870265267,0
1.26,0.407287998615,0
1.26,0.408585327165,0
1.26,0.409761469456,0
1.26,0.410815717022,0
1.26,0.411747434826,0
1.26,0.412556061634,0
1.26,0.41324111036,0
1.26,0.413802168357,0
1.26,0.414238897663,0
1.26,0.414551035211,0
1.26,0.414738392979,0
1.26,0.414800858111,0
1.3125,0,1.1791560246
1.3125,6.24651316307e-05,1.17915600552
1.3125,0.000249822899863,1.17915570149
1.3125,0.000561960447384,1.17915433414
1.3125,0.000998689754205,1.17915055762
1.3125,0.00155974775092,1.17914244223
1.3125,0.00224479647718,1.17912746586
1.3125,0.00305342328524,1.17910251053
1.3125,0.00398514108855,1.1790638627
1.3125,0.00503938865514,1.17900721674
1.3125,0.0062155309457,1.17892768132
1.3125,0.0075128594961,1.17881978814
1.3125,0.00893059284412,1.17867750308
1.3125,0.0104678770002,1.17849423939
1.3125,0.0121237859619,1.17826287287
1.3125,0.0138973222715,1.17797575879
1.3125,0.0157874176171,1.1776247505
1.3125,0.0177929334759,1.17720121953
1.3125,0.0199126618001,1.17669607707
1.3125,0.0221453257447,1.17609979671
1.3125,0.0244895804365,1.17540243825
1.3125,0.0269440137839,1.17459367252
1.3125,0.0295071473283,1.17366280702
1.3125,0.0321774371336,1.1725988123
1.3125,0.0349532747173,1.17139034895
1.3125,0.0378329880186,1.170025795
1.3125,0.0408148424058,1.16849327374
1.3125,0.0438970417214,1.16678068173
1.3125,0.0470777293637,1.16487571695
1.3125,0.0503549894054,1.16276590693
1.3125,0.0537268477477,1.16043863683
1.3125,0.0571912733091,1.15788117723
1.3125,0.0607461792493,1.15508071171
1.3125,0.0643894242258,1.15202436396
1.3125,0.0681188136841,1.1486992244
1.3125,0.0719321011795,1.14509237622
1.3125,0.07582698973,1.14119092072
1.3125,0.0798011332006,1.13698200191
1.3125,0.0838521377157,1.1324528302
1.3125,0.0879775631017,1.12759070519
1.3125,0.0921749243567,1.1223830374
1.3125,0.0964416931472,1.11681736891
1.3125,0.100775299331,1.11088139276
1.3125,0.105173132506,1.10456297108
1.3125,0.109632543582,1.09785015178
1.3125,0.114150846377,1.09073118385
1.3125,0.118725319233,1.08319453091
1.3125,0.12335320666,1.07522888316
1.3125,0.128031720991,1.06682316741
1.3125,0.132758044063,1.05796655521
1.3125,0.137529328917,1.04864846869
1.3125,0.14234270151,1.03885858422
1.3125,0.147195262445,1.02858683347
1.3125,0.152084088721,1.01782340167
1.3125,0.157006235492,1.00655872294
1.3125,0.16195873784,0.994783472219
1.3125,0.166938612565,0.982488553439
1.3125,0.171942859974,0.96966508366
1.3125,0.176968465698,0.956304372487
1.3125,0.182012402498,0.942397896266
1.3125,0.187071632096,0.927937266305
1.3125,0.192143107002,0.912914190254
1.3125,0.197223772347,0.897320425607
1.3125,0.20231056773,0.881147724039
1.3125,0.207400429055,0.864387765024
1.3125,0.212490290381,0.847032076817
1.3125,0.217577085764,0.829071942408
1.3125,0.222657751109,0.810498287482
1.3125,0.227729226015,0.791301546634
1.3125,0.232788455613,0.771471503073
1.3125,0.237832392413,0.750997095727
1.3125,0.242857998136,0.729866185834
1.3125,0.247862245546,0.708065272715
1.3125,0.252842120271,0.68557914502
1.3125,0.257794622619,0.662390449139
1.3125,0.26271676939,0.638479149818
1.3125,0.267605595666,0.613821848553
1.3125,0.272458156601,0.58839091135
1.3125,0.277271529193,0.562153336515
1.3125,0.282042814048,0.535069260959
1.3125,0.28676913712,0.507089952691
1.3125,0.291447651451,0.478155054461
1.3125,0.296075538878,0.448188703899
1.3125,0.300650011734,0.417093910026
1.3125,0.305168314528,0.384744112681
1.3125,0.309627725605,0.350969963917
1.3125,0.31402555878,0.315537503921
1.3125,0.318359164964,0.278109608678
1.3125,0.322625933754,0.238171471087
1.3125,0.326823295009,0.19486708199
1.3125,0.330948720395,0.146562949693
1.3125,0.33499972491,0.0891809570461
1.3125,0.338973868381,0
1.3125,0.342868756931,0
1.3125,0.346682044427,0
1.3125,0.350411433885,0
1.3125,0.354054678862,0
1.3125,0.357609584802,0
1.3125,0.361074010363,0
1.3125,0.364445868705,0
1.3125,0.367723128747,0
1.3125,0.370903816389,0
1.3125,0.373986015705,0
1.3125,0.376967870092,0
1.3125,0.379847583394,0
1.3125,0.382623420977,0
1.3125,0.385293710783,0
1.3125,0.387856844327,0
1.3125,0.390311277674,0
1.3125,0.392655532366,0
1.3125,0.394888196311,0
1.3125,0.397007924635,0
1.3125,0.399013440494,0
1.3125,0.400903535839,0
1.3125,0.402677072149,0
1.3125,0.404332981111,0
1.3125,0.405870265267,0
1.3125,0.407287998615,0
1.3125,0.408585327165,0
1.3125,0.409761469456,0
1.3125,0.410815717022,0
1.3125,0.411747434826,0
1.3125,0.412556061634,0
1.3125,0.41324111036,0
1.3125,0.413802168357,0
1.3125,0.414238897663,0
1.3125,0.414551035211,0
1.3125,0.414738392979,0
1.3125,0.414800858111,0
1.365,0,1.2029629755
1.365,6.24651316307e-05,1.20296295707
1.365,0.000249822899863,1.20296266172
1.365,0.000561960447384,1.20296132869
1.365,0.000998689754205,1.20295763786
1.365,0.00155974775092,1.20294969161
1.365,0.00224479647718,1.20293500506
1.365,0.00305342328524,1.20291050153
1.365,0.00398514108855,1.2028725119
1.365,0.00503938865514,1.20281677742
1.365,0.0062155309457,1.20273845523
1.365,0.0075128594961,1.20263212658
1.365,0.00893059284412,1.20249180735
1.365,0.0104678770002,1.20231096074
1.365,0.0121237859619,1.20208251196
1.365,0.0138973222715,1.20179886475
1.365,0.0157874176171,1.20145191959
1.365,0.0177929334759,1.20103309347
1.365,0.0199126618001,1.2005333411
1.365,0.0221453257447,1.19994317736
1.365,0.0244895804365,1.19925270091
1.365,0.0269440137839,1.19845161885
1.365,0.0295071473283,1.1975292722
1.365,0.0321774371336,1.19647466223
1.365,0.0349532747173,1.19527647731
1.365,0.0378329880186,1.19392312039
1.365,0.0408148424058,1.19240273675
1.365,0.0438970417214,1.1907032421
1.365,0.0470777293637,1.18881235082
1.365,0.0503549894054,1.18671760419
1.365,0.0537268477477,1.18440639862
1.365,0.0571912733091,1.18186601369
1.365,0.0607461792493,1.17908363988
1.365,0.0643894242258,1.17604640597
1.365,0.0681188136841,1.17274140596
1.365,0.0719321011795,1.16915572541
1.365,0.07582698973,1.16527646717
1.365,0.0798011332006,1.16109077636
1.365,0.0838521377157,1.1565858645
1.365,0.0879775631017,1.15174903277
1.365,0.0921749243567,1.14656769426
1.365,0.0964416931472,1.14102939513
1.365,0.100775299331,1.13512183467
1.365,0.105173132506,1.12883288402
1.365,0.109632543582,1.12215060366
1.365,0.114150846377,1.11506325933
1.365,0.118725319233,1.10755933655
1.365,0.12335320666,1.09962755344
1.365,0.128031720991,1.09125687171
1.365,0.132758044063,1.0824365059
1.365,0.137529328917,1.07315593046
1.365,0.14234270151,1.0634048847
1.365,0.147195262445,1.0531733753
1.365,0.152084088721,1.04245167631
1.365,0.157006235492,1.03123032624
1.365,0.16195873784,1.01950012207
1.365,0.166938612565,1.00725210983
1.365,0.171942859974,0.99447757135
1.365,0.176968465698,0.981168006758
1.365,0.182012402498,0.967315112174
1.365,0.187071632096,0.952910751987
1.365,0.192143107002,0.937946924946
1.365,0.197223772347,0.922415723167
1.365,0.20231056773,0.906309282941
1.365,0.207400429055,0.889619726018
1.365,0.212490290381,0.872339089701
1.365,0.217577085764,0.85445924375
1.365,0.222657751109,0.835971791543
1.365,0.227729226015,0.816867952369
1.365,0.232788455613,0.797138420844
1.365,0.237832392413,0.776773198413
1.365,0.242857998136,0.755761390396
1.365,0.247862245546,0.734090960158
1.365,0.252842120271,0.71174842931
1.365,0.257794622619,0.688718509227
1.365,0.26271676939,0.664983644108
1.365,0.267605595666,0.640523438557
1.365,0.272458156601,0.615313932261
1.365,0.277271529193,0.589326668922
1.365,0.282042814048,0.562527483393
1.365,0.28676913712,0.534874895081
1.365,0.291447651451,0.506317938647
1.365,0.296075538878,0.476793169469
1.365,0.300650011734,0.446220422037
1.365,0.305168314528,0.41449661651
1.365,0.309627725605,0.381486379818
1.365,0.31402555878,0.347007197082
1.365,0.318359164964,0.310804559378
1.365,0.322625933754,0.272507275428
1.365,0.326823295009,0.231538973684
1.365,0.330948720395,0.186916889404
1.365,0.33499972491,0.136682489809
1.365,0.338973868381,0.0754251721899
1.365,0.342868756931,0
1.365,0.346682044427,0
1.365,0.350411433885,0
1.365,0.354054678862,0
1.365,0.357609584802,0
1.365,0.361074010363,0
1.365,0.364445868705,0
1.365,0.367723128747,0
1.365,0.370903816389,0
1.365,0.373986015705,0
1.365,0.376967870092,0
1.365,0.379847583394,0
1.365,0.382623420977,0
1.365,0.385293710783,0
1.365,0.387856844327,0
1.365,0.390311277674,0
1.365,0.392655532366,0
1.365,0.394888196311,0
1.365,0.397007924635,0
1.365,0.399013440494,0
1.365,0.400903535839,0
1.365,0.402677072149,0
1.365,0.404332981111,0
1.365,0.405870265267,0
1.365,0.407287998615,0
1.365,0.408585327165,0
1.365,0.409761469456,0
1.365,0.410815717022,0
1.365,0.411747434826,0
1.365,0.412556061634,0
1.365,0.41324111036,0
1.365,0.413802168357,0
1.365,0.414238897663,0
1.365,0.414551035211,0
1.365,0.414738392979,0
1.365,0.414800858111,0
1.4175,0,1.22617324238
1.4175,6.24651316307e-05,1.22617322456
1.4175,0.000249822899863,1.22617293746
1.4175,0.000561960447384,1.22617163721
1.4175,0.000998689754205,1.22616802843
1.4175,0.00155974775092,1.22616024453
1.4175,0.00224479647718,1.22614583671
1.4175,0.00305342328524,1.22612176838
1.4175,0.00398514108855,1.22608441373
1.4175,0.00503938865514,1.22602955971
1.4175,0.0062155309457,1.2259524109
1.4175,0.0075128594961,1.22584759709
1.4175,0.00893059284412,1.22570918329
1.4175,0.0104678770002,1.22553068184
1.4175,0.0121237859619,1.2253050667
1.4175,0.0138973222715,1.22502478952
1.4175,0.0157874176171,1.22468179749
1.4175,0.0177929334759,1.22426755277
1.4175,0.0199126618001,1.22377305343
1.4175,0.0221453257447,1.22318885559
1.4175,0.0244895804365,1.22250509691
1.4175,0.0269440137839,1.22171152095
1.4175,0.0295071473283,1.22079750264
1.4175,0.0321774371336,1.2197520744
1.4175,0.0349532747173,1.21856395298
1.4175,0.0378329880186,1.2172215669
1.4175,0.0408148424058,1.2157130842
1.4175,0.0438970417214,1.21402644056
1.4175,0.0470777293637,1.21214936765
1.4175,0.0503549894054,1.21006942144
1.4175,0.0537268477477,1.20777401058
1.4175,0.0571912733091,1.20525042461
1.4175,0.0607461792493,1.20248586188
1.4175,0.0643894242258,1.19946745721
1.4175,0.0681188136841,1.19618230908
1.4175,0.0719321011795,1.19261750625
1.4175,0.07582698973,1.18876015386
1.4175,0.0798011332006,1.18459739873
1.4175,0.0838521377157,1.18011645395
1.4175,0.0879775631017,1.17530462254
1.4175,0.0921749243567,1.17014932018
1.4175,0.0964416931472,1.16463809693
1.4175,0.100775299331,1.15875865779
1.4175,0.105173132506,1.15249888208
1.4175,0.109632543582,1.14584684153
1.4175,0.114150846377,1.13879081699
1.4175,0.118725319233,1.13131931366
1.4175,0.12335320666,1.12342107474
1.4175,0.128031720991,1.11508509344
1.4175,0.132758044063,1.10630062309
1.4175,0.137529328917,1.09705718541
1.4175,0.14234270151,1.08734457668
1.4175,0.147195262445,1.07715287155
1.4175,0.152084088721,1.06647242459
1.4175,0.157006235492,1.055293869
1.4175,0.16195873784,1.04360811256
1.4175,0.166938612565,1.03140633028
1.4175,0.171942859974,1.01867995356
1.4175,0.176968465698,1.00542065546
1.4175,0.182012402498,0.991620331443
1.4175,0.187071632096,0.977271075333
1.4175,0.192143107002,0.962365149522
1.4175,0.197223772347,0.946894948841
1.4175,0.20231056773,0.930852957043
1.4175,0.207400429055,0.914231694763
1.4175,0.212490290381,0.897023657543
1.4175,0.217577085764,0.879221242167
1.4175,0.222657751109,0.86081665918
1.4175,0.227729226015,0.841801828898
1.4175,0.232788455613,0.822168257558
1.4175,0.237832392413,0.801906889373
1.4175,0.242857998136,0.781007929071
1.4175,0.247862245546,0.759460627951
1.4175,0.252842120271,0.737253024387
1.4175,0.257794622619,0.714371626846
1.4175,0.26271676939,0.690801023533
1.4175,0.267605595666,0.666523397212
1.4175,0.272458156601,0.641517915814
1.4175,0.277271529193,0.615759957938
1.4175,0.282042814048,0.589220115248
1.4175,0.28676913712,0.561862887833
1.4175,0.291447651451,0.533644948322
1.4175,0.296075538878,0.504512785965
1.4175,0.300650011734,0.474399435119
1.4175,0.305168314528,0.443219809074
1.4175,0.309627725605,0.410863830437
1.4175,0.31402555878,0.377185924695
1.4175,0.318359164964,0.341988182433
1.4175,0.322625933754,0.304991739248
1.4175,0.326823295009,0.265784258101
1.4175,0.330948720395,0.223712968257
1.4175,0.33499972491,0.177631039242
1.4175,0.338973868381,0.125125861101
1.4175,0.342868756931,0.0584887446178
1.4175,0.346682044427,0
1.4175,0.350411433885,0
1.4175,0.354054678862,0
1.4175,0.357609584802,0
1.4175,0.361074010363,0
1.4175,0.364445868705,0
1.4175,0.367723128747,0
1.4175,0.370903816389,0
1.4175,0.373986015705,0
1.4175,0.376967870092,0
1.4175,0.379847583394,0
1.4175,0.382623420977,0
1.4175,0.385293710783,0
1.4175,0.387856844327,0
1.4175,0.390311277674,0
1.4175,0.392655532366,0
1.4175,0.394888196311,0
1.4175,0.397007924635,0
1.4175,0.399013440494,0
1.4175,0.400903535839,0
1.4175,0.402677072149,0
1.4175,0.404332981111,0
1.4175,0.405870265267,0
1.4175,0.407287998615,0
1.4175,0.408585327165,0
1.4175,0.409761469456,0
1.4175,0.410815717022,0
1.4175,0.411747434826,0
1.4175,0.412556061634,0
1.4175,0.41324111036,0
1.4175,0.413802168357,0
1.4175,0.414238897663,0
1.4175,0.414551035211,0
1.4175,0.414738392979,0
1.4175,0.414800858111,0
1.47,0,1.2488078499
1.47,6.24651316307e-05,1.24880783267
1.47,0.000249822899863,1.24880755342
1.47,0.000561960447384,1.24880628448
1.47,0.000998689754205,1.24880275431
1.47,0.00155974775092,1.24879512631
1.47,0.00224479647718,1.24878098663
1.47,0.00305342328524,1.24875733764
1.47,0.00398514108855,1.24872059569
1.47,0.00503938865514,1.24866659231
1.47,0.0062155309457,1.24859057847
1.47,0.0075128594961,1.24848723153
1.47,0.00893059284412,1.24835066467
1.47,0.0104678770002,1.24817443861
1.47,0.0121237859619,1.24795157532
1.47,0.0138973222715,1.24767457377
1.47,0.0157874176171,1.24733542739
1.47,0.0177929334759,1.24692564316
1.47,0.0199126618001,1.24643626227
1.47,0.0221453257447,1.24585788199
1.47,0.0244895804365,1.24518067897
1.47,0.0269440137839,1.24439443341
1.47,0.0295071473283,1.24348855437
1.47,0.0321774371336,1.24245210579
1.47,0.0349532747173,1.24127383328
1.47,0.0378329880186,1.23994219148
1.47,0.0408148424058,1.23844537183
1.47,0.0438970417214,1.23677133073
1.47,0.0470777293637,1.2349078179
1.47,0.0503549894054,1.23284240484
1.47,0.0537268477477,1.23056251331
1.47,0.0571912733091,1.22805544368
1.47,0.0607461792493,1.22530840307
1.47,0.0643894242258,1.22230853322
1.47,0.0681188136841,1.21904293789
1.47,0.0719321011795,1.21549870983
1.47,0.07582698973,1.21166295714
1.47,0.0798011332006,1.20752282894
1.47,0.0838521377157,1.20306554032
1.47,0.0879775631017,1.19827839641
1.47,0.0921749243567,1.1931488156
1.47,0.0964416931472,1.18766435169
1.47,0.100775299331,1.18181271499
1.47,0.105173132506,1.17558179228
1.47,0.109632543582,1.1689596655
1.47,0.114150846377,1.1619346291
1.47,0.118725319233,1.15449520606
1.47,0.12335320666,1.14663016226
1.47,0.128031720991,1.13832851932
1.47,0.132758044063,1.12957956572
1.47,0.137529328917,1.12037286604
1.47,0.14234270151,1.11069826822
1.47,0.147195262445,1.10054590868
1.47,0.152084088721,1.08990621516
1.47,0.157006235492,1.07876990705
1.47,0.16195873784,1.06712799293
1.47,0.166938612565,1.05497176525
1.47,0.171942859974,1.04229279159
1.47,0.176968465698,1.0290829024
1.47,0.182012402498,1.01533417456
1.47,0.187071632096,1.00103891054
1.47,0.192143107002,0.986189612316
1.47,0.197223772347,0.970778949517
1.47,0.20231056773,0.954799720941
1.47,0.207400429055,0.938244808361
1.47,0.212490290381,0.921107121472
1.47,0.217577085764,0.903379532446
1.47,0.222657751109,0.885054798253
1.47,0.227729226015,0.866125468485
1.47,0.232788455613,0.84658377581
1.47,0.237832392413,0.826421505504
1.47,0.242857998136,0.8056298395
1.47,0.247862245546,0.784199169186
1.47,0.252842120271,0.762118869422
1.47,0.257794622619,0.739377024047
1.47,0.26271676939,0.715960089938
1.47,0.267605595666,0.691852482413
1.47,0.272458156601,0.667036058616
1.47,0.277271529193,0.641489466755
1.47,0.282042814048,0.615187316293
1.47,0.28676913712,0.588099105065
1.47,0.291447651451,0.560187810189
1.47,0.296075538878,0.531408003995
1.47,0.300650011734,0.501703282583
1.47,0.305168314528,0.471002671666
1.47,0.309627725605,0.439215460857
1.47,0.31402555878,0.406223529142
1.47,0.318359164964,0.371869477429
1.47,0.322625933754,0.335937348294
1.47,0.326823295009,0.298119278697
1.47,0.330948720395,0.257952876563
1.47,0.33499972491,0.214689463756
1.47,0.338973868381,0.166965637896
1.47,0.342868756931,0.111708430968
1.47,0.346682044427,0.0364668751344
1.47,0.350411433885,0
1.47,0.354054678862,0
1.47,0.357609584802,0
1.47,0.361074010363,0
1.47,0.364445868705,0
1.47,0.367723128747,0
1.47,0.370903816389,0
1.47,0.373986015705,0
1.47,0.376967870092,0
1.47,0.379847583394,0
1.47,0.382623420977,0
1.47,0.385293710783,0
1.47,0.387856844327,0
1.47,0.390311277674,0
1.47,0.392655532366,0
1.47,0.394888196311,0
1.47,0.397007924635,0
1.47,0.399013440494,0
1.47,0.400903535839,0
1.47,0.402677072149,0
1.47,0.404332981111,0
1.47,0.405870265267,0
1.47,0.407287998615,0
1.47,0.408585327165,0
1.47,0.409761469456,0
1.47,0.410815717022,0
1.47,0.411747434826,0
1.47,0.412556061634,0
1.47,0.41324111036,0
1.47,0.413802168357,0
1.47,0.414238897663,0
1.47,0.414551035211,0
1.47,0.414738392979,0
1.47,0.414800858111,0
1.5225,0,1.27088580153
1.5225,6.24651316307e-05,1.27088578484
1.5225,0.000249822899863,1.27088551307
1.5225,0.000561960447384,1.27088427406
1.5225,0.000998689754205,1.27088081925
1.5225,0.00155974775092,1.27087334099
1.5225,0.00224479647718,1.27085945933
1.5225,0.00305342328524,1.27083621449
1.5225,0.00398514108855,1.27080006385
1.5225,0.00503938865514,1.27074688244
1.5225,0.0062155309457,1.27067196654
1.5225,0.0075128594961,1.27057004009
1.5225,0.00893059284412,1.27043526355
1.5225,0.0104678770002,1.27026124513
1.5225,0.0121237859619,1.27004105413
1.5225,0.0138973222715,1.2697672362
1.5225,0.0157874176171,1.26943183046
1.5225,0.0177929334759,1.26902638834
1.5225,0.0199126618001,1.26854199382
1.5225,0.0221453257447,1.26796928518
1.5225,0.0244895804365,1.26729847798
1.5225,0.0269440137839,1.26651938913
1.5225,0.0295071473283,1.26562146196
1.5225,0.0321774371336,1.26459379224
1.5225,0.0349532747173,1.2634251548
1.5225,0.0378329880186,1.26210403086
1.5225,0.0408148424058,1.26061863582
1.5225,0.0438970417214,1.25895694741
1.5225,0.0470777293637,1.25710673409
1.5225,0.0503549894054,1.25505558364
1.5225,0.0537268477477,1.25279093167
1.5225,0.0571912733091,1.25030009021
1.5225,0.0607461792493,1.24757027593
1.5225,0.0643894242258,1.24458863828
1.5225,0.0681188136841,1.24134228707
1.5225,0.0719321011795,1.23781831977
1.5225,0.07582698973,1.23400384807
1.5225,0.0798011332006,1.22988602394
1.5225,0.0838521377157,1.22545206491
1.5225,0.0879775631017,1.22068927854
1.5225,0.0921749243567,1.21558508602
1.5225,0.0964416931472,1.21012704481
1.5225,0.100775299331,1.20430287021
1.5225,0.105173132506,1.19810045587
1.5225,0.109632543582,1.19150789303
1.5225,0.114150846377,1.18451348852
1.5225,0.118725319233,1.17710578139
1.5225,0.12335320666,1.16927355805
1.5225,0.128031720991,1.16100586592
1.5225,0.132758044063,1.15229202537
1.5225,0.137529328917,1.14312163992
1.5225,0.14234270151,1.13348460451
1.5225,0.147195262445,1.12337111181
1.5225,0.152084088721,1.11277165626
1.5225,0.157006235492,1.10167703581
1.5225,0.16195873784,1.09007835108
1.5225,0.166938612565,1.07796700167
1.5225,0.171942859974,1.06533467948
1.5225,0.176968465698,1.05217335861
1.5225,0.182012402498,1.03847528152
1.5225,0.187071632096,1.02423294094
1.5225,0.192143107002,1.00943905725
1.5225,0.197223772347,0.994086550331
1.5225,0.20231056773,0.978168505578
1.5225,0.207400429055,0.961678132859
1.5225,0.212490290381,0.944608717551
1.5225,0.217577085764,0.926953562277
1.5225,0.222657751109,0.908705917776
1.5225,0.227729226015,0.889858900939
1.5225,0.232788455613,0.870405397599
1.5225,0.237832392413,0.850337947018
1.5225,0.242857998136,0.829648604257
1.5225,0.247862245546,0.808328775564
1.5225,0.252842120271,0.786369020541
1.5225,0.257794622619,0.763758813023
1.5225,0.26271676939,0.740486250091
1.5225,0.267605595666,0.716537695238
1.5225,0.272458156601,0.691897336897
1.5225,0.277271529193,0.666546636822
1.5225,0.282042814048,0.640463633022
1.5225,0.28676913712,0.6136220477
1.5225,0.291447651451,0.58599012914
1.5225,0.296075538878,0.557529123579
1.5225,0.300650011734,0.528191221045
1.5225,0.305168314528,0.497916734487
1.5225,0.309627725605,0.466630128753
1.5225,0.31402555878,0.434234265087
1.5225,0.318359164964,0.400601764159
1.5225,0.322625933754,0.365561486226
1.5225,0.326823295009,0.328876229113
1.5225,0.330948720395,0.29020339003
1.5225,0.33499972491,0.24901911615
1.5225,0.338973868381,0.204452570978
1.5225,0.342868756931,0.154847219586
1.5225,0.346682044427,0.0961149395248
1.5225,0.350411433885,0
1.5225,0.354054678862,0
1.5225,0.357609584802,0
1.5225,0.361074010363,0
1.5225,0.364445868705,0
1.5225,0.367723128747,0
1.5225,0.370903816389,0
1.5225,0.373986015705,0
1.5225,0.376967870092,0
1.5225,0.379847583394,0
1.5225,0.382623420977,0
1.5225,0.385293710783,0
1.5225,0.387856844327,0
1.5225,0.390311277674,0
1.5225,0.392655532366,0
1.5225,0.394888196311,0
1.5225,0.397007924635,0
1.5225,0.399013440494,0
1.5225,0.400903535839,0
1.5225,0.402677072149,0
1.5225,0.404332981111,0
1.5225,0.405870265267,0
1.5225,0.407287998615,0
1.5225,0.408585327165,0
1.5225,0.409761469456,0
1.5225,0.410815717022,0
1.5225,0.411747434826,0
1.5225,0.412556061634,0
1.5225,0.41324111036,0
1.5225,0.413802168357,0
1.5225,0.414238897663,0
1.5225,0.414551035211,0
1.5225,0.414738392979,0
1.5225,0.414800858111,0
1.575,0,1.29242432287
1.575,6.24651316307e-05,1.29242430671
1.575,0.000249822899863,1.29242404206
1.575,0.000561960447384,1.29242283168
1.575,0.000998689754205,1.29241944911
1.575,0.00155974775092,1.29241211475
1.575,0.00224479647718,1.29239848144
1.575,0.00305342328524,1.2923756262
1.575,0.00398514108855,1.29234004632
1.575,0.00503938865514,1.29228765926
1.575,0.0062155309457,1.29221380557
1.575,0.0075128594961,1.29211325476
1.575,0.00893059284412,1.29198021366
1.575,0.0104678770002,1.29180833714
1.575,0.0121237859619,1.29159074102
1.575,0.0138973222715,1.29132001698
1.575,0.0157874176171,1.29098824932
1.575,0.0177929334759,1.29058703338
1.575,0.0199126618001,1.29010749566
1.575,0.0221453257447,1.28954031518
1.575,0.0244895804365,1.28887574629
1.575,0.0269440137839,1.28810364258
1.575,0.0295071473283,1.28721348179
1.575,0.0321774371336,1.28619439165
1.575,0.0349532747173,1.28503517652
1.575,0.0378329880186,1.28372434459
1.575,0.0408148424058,1.28225013566
1.575,0.0438970417214,1.28060054933
1.575,0.0470777293637,1.2787633734
1.575,0.0503549894054,1.27672621256
1.575,0.0537268477477,1.274476517
1.575,0.0571912733091,1.27200161106
1.575,0.0607461792493,1.26928872174
1.575,0.0643894242258,1.26632500688
1.575,0.0681188136841,1.26309758309
1.575,0.0719321011795,1.25959355317
1.575,0.07582698973,1.25580003303
1.575,0.0798011332006,1.25170417801
1.575,0.0838521377157,1.24729320851
1.575,0.0879775631017,1.2425544348
1.575,0.0921749243567,1.23747528103
1.575,0.0964416931472,1.23204330828
1.575,0.100775299331,1.22624623661
1.575,0.105173132506,1.22007196604
1.575,0.109632543582,1.21350859634
1.575,0.114150846377,1.20654444561
1.575,0.118725319233,1.19916806753
1.575,0.12335320666,1.19136826718
1.575,0.128031720991,1.18313411543
1.575,0.132758044063,1.17445496167
1.575,0.137529328917,1.16532044489
1.575,0.14234270151,1.15572050289
1.575,0.147195262445,1.14564537968
1.575,0.152084088721,1.13508563062
1.575,0.157006235492,1.12403212551
1.575,0.16195873784,1.11247604909
1.575,0.166938612565,1.10040889903
1.575,0.171942859974,1.08782248099
1.575,0.176968465698,1.07470890053
1.575,0.182012402498,1.06106055154
1.575,0.187071632096,1.04687010082
1.575,0.192143107002,1.03213046832
1.575,0.197223772347,1.01683480251
1.575,0.20231056773,1.00097645028
1.575,0.207400429055,0.984548920513
1.575,0.212490290381,0.967545840504
1.575,0.217577085764,0.949960904004
1.575,0.222657751109,0.931787809574
1.575,0.227729226015,0.913020187536
1.575,0.232788455613,0.893651513437
1.575,0.237832392413,0.873675005448
1.575,0.242857998136,0.85308350243
1.575,0.247862245546,0.831869318575
1.575,0.252842120271,0.810024069392
1.575,0.257794622619,0.787538462314
1.575,0.26271676939,0.764402043189
1.575,0.267605595666,0.740602887196
1.575,0.272458156601,0.716127218933
1.575,0.277271529193,0.69095894117
1.575,0.282042814048,0.665079044207
1.575,0.28676913712,0.638464856943
1.575,0.291447651451,0.611089084662
1.575,0.296075538878,0.582918554293
1.575,0.300650011734,0.553912550374
1.575,0.305168314528,0.524020565192
1.575,0.309627725605,0.493179188459
1.575,0.31402555878,0.461307694538
1.575,0.318359164964,0.428301587556
1.575,0.322625933754,0.394022807319
1.575,0.326823295009,0.35828418937
1.575,0.330948720395,0.320823390875
1.575,0.33499972491,0.281255869532
1.575,0.338973868381,0.238981439896
1.575,0.342868756931,0.192970854642
1.575,0.346682044427,0.141157919152
1.575,0.350411433885,0.0777616917781
1.575,0.354054678862,0
1.575,0.357609584802,0
1.575,0.361074010363,0
1.575,0.364445868705,0
1.575,0.367723128747,0
1.575,0.370903816389,0
1.575,0.373986015705,0
1.575,0.376967870092,0
1.575,0.379847583394,0
1.575,0.382623420977,0
1.575,0.385293710783,0
1.575,0.387856844327,0
1.575,0.390311277674,0
1.575,0.392655532366,0
1.575,0.394888196311,0
1.575,0.397007924635,0
1.575,0.399013440494,0
1.575,0.400903535839,0
1.575,0.402677072149,0
1.575,0.404332981111,0
1.575,0.405870265267,0
1.575,0.407287998615,0
1.575,0.408585327165,0
1.575,0.409761469456,0
1.575,0.410815717022,0
1.575,0.411747434826,0
1.575,0.412556061634,0
1.575,0.41324111036,0
1.575,0.413802168357,0
1.575,0.414238897663,0
1.575,0.414551035211,0
1.575,0.414738392979,0
1.575,0.414800858111,0
1.6275,0,1.31343906917
1.6275,6.24651316307e-05,1.3134390535
1.6275,0.000249822899863,1.31343879565
1.6275,0.000561960447384,1.31343761264
1.6275,0.000998689754205,1.31343429938
1.6275,0.00155974775092,1.31342710332
1.6275,0.00224479647718,1.31341370912
1.6275,0.00305342328524,1.3133912295
1.6275,0.00398514108855,1.31335620064
1.6275,0.00503938865514,1.31330458131
1.6275,0.0062155309457,1.31323175533
1.6275,0.0075128594961,1.31313253679
1.6275,0.00893059284412,1.31300117792
1.6275,0.0104678770002,1.31283137941
1.6275,0.0121237859619,1.31261630284
1.6275,0.0138973222715,1.31234858522
1.6275,0.0157874176171,1.31202035539
1.6275,0.0177929334759,1.31162325218
1.6275,0.0199126618001,1.31114844416
1.6275,0.0221453257447,1.3105866508
1.6275,0.0244895804365,1.30992816509
1.6275,0.0269440137839,1.30916287719
1.6275,0.0295071473283,1.30828029926
1.6275,0.0321774371336,1.30726959115
1.6275,0.0349532747173,1.30611958692
1.6275,0.0378329880186,1.30481882203
1.6275,0.0408148424058,1.30335556108
1.6275,0.0438970417214,1.30171782597
1.6275,0.0470777293637,1.29989342437
1.6275,0.0503549894054,1.29786997843
1.6275,0.0537268477477,1.2956349535
1.6275,0.0571912733091,1.29317568694
1.6275,0.0607461792493,1.29047941666
1.6275,0.0643894242258,1.28753330961
1.6275,0.0681188136841,1.28432448978
1.6275,0.0719321011795,1.28084006593
1.6275,0.07582698973,1.27706715877
1.6275,0.0798011332006,1.27299292751
1.6275,0.0838521377157,1.2686045958
1.6275,0.0879775631017,1.26388947693
1.6275,0.0921749243567,1.25883499817
1.6275,0.0964416931472,1.25342872424
1.6275,0.100775299331,1.24765837975
1.6275,0.105173132506,1.2415118707
1.6275,0.109632543582,1.23497730473
1.6275,0.114150846377,1.22804301027
1.6275,0.118725319233,1.22069755434
1.6275,0.12335320666,1.21292975907
1.6275,0.128031720991,1.2047287167
1.6275,0.132758044063,1.19608380308
1.6275,0.137529328917,1.18698468958
1.6275,0.14234270151,1.17742135321
1.6275,0.147195262445,1.1673840849
1.6275,0.152084088721,1.15686349581
1.6275,0.157006235492,1.14585052153
1.6275,0.16195873784,1.13433642392
1.6275,0.166938612565,1.12231279057
1.6275,0.171942859974,1.10977153146
1.6275,0.176968465698,1.09670487271
1.6275,0.182012402498,1.08310534712
1.6275,0.187071632096,1.06896578103
1.6275,0.192143107002,1.05427927728
1.6275,0.197223772347,1.03903919366
1.6275,0.20231056773,1.02323911633
1.6275,0.207400429055,1.00687282746
1.6275,0.212490290381,0.989934266469
1.6275,0.217577085764,0.972417483644
1.6275,0.222657751109,0.954316585058
1.6275,0.227729226015,0.935625667347
1.6275,0.232788455613,0.916338740493
1.6275,0.237832392413,0.896449636412
1.6275,0.242857998136,0.875951900571
1.6275,0.247862245546,0.854838663151
1.6275,0.252842120271,0.833102485339
1.6275,0.257794622619,0.810735175116
1.6275,0.26271676939,0.787727565262
1.6275,0.267605595666,0.764069244118
1.6275,0.272458156601,0.739748226598
1.6275,0.277271529193,0.714750548806
1.6275,0.282042814048,0.689059763723
1.6275,0.28676913712,0.662656307057
1.6275,0.291447651451,0.63551669011
1.6275,0.296075538878,0.607612458404
1.6275,0.300650011734,0.578908827158
1.6275,0.305168314528,0.549362861722
1.6275,0.309627725605,0.51892100194
1.6275,0.31402555878,0.487515614726
1.6275,0.318359164964,0.455060061332
1.6275,0.322625933754,0.42144140882
1.6275,0.326823295009,0.386509235889
1.6275,0.330948720395,0.350057603317
1.6275,0.33499972491,0.311794222131
1.6275,0.338973868381,0.27128344368
1.6275,0.342868756931,0.227828960716
1.6275,0.346682044427,0.180191520885
1.6275,0.350411433885,0.125708069311
1.6275,0.354054678862,0.0553667583853
1.6275,0.357609584802,0
1.6275,0.361074010363,0
1.6275,0.364445868705,0
1.6275,0.367723128747,0
1.6275,0.370903816389,0
1.6275,0.373986015705,0
1.6275,0.376967870092,0
1.6275,0.379847583394,0
1.6275,0.382623420977,0
1.6275,0.385293710783,0
1.6275,0.387856844327,0
1.6275,0.390311277674,0
1.6275,0.392655532366,0
1.6275,0.394888196311,0
1.6275,0.397007924635,0
1.6275,0.399013440494,0
1.6275,0.400903535839,0
1.6275,0.402677072149,0
1.6275,0.404332981111,0
1.6275,0.405870265267,0
1.6275,0.407287998615,0
1.6275,0.408585327165,0
1.6275,0.409761469456,0
1.6275,0.410815717022,0
1.6275,0.411747434826,0
1.6275,0.412556061634,0
1.6275,0.41324111036,0
1.6275,0.413802168357,0
1.6275,0.414238897663,0
1.6275,0.414551035211,0
1.6275,0.414738392979,0
1.6275,0.414800858111,0
1.68,0,1.33394430293
1.68,6.24651316307e-05,1.33394428772
1.68,0.000249822899863,1.33394403635
1.68,0.000561960447384,1.33394287955
1.68,0.000998689754205,1.33393963279
1.68,0.00155974775092,1.33393256968
1.68,0.00224479647718,1.33391940574
1.68,0.00305342328524,1.33389728834
1.68,0.00398514108855,1.33386279147
1.68,0.00503938865514,1.33381191423
1.68,0.0062155309457,1.33374008262
1.68,0.0075128594961,1.33364215433
1.68,0.00893059284412,1.3335124261
1.68,0.0104678770002,1.33334464353
1.68,0.0121237859619,1.33313201316
1.68,0.0138973222715,1.33286721663
1.68,0.0157874176171,1.3325424267
1.68,0.0177929334759,1.33214932513
1.68,0.0199126618001,1.33167912213
1.68,0.0221453257447,1.33112257731
1.68,0.0244895804365,1.33047002203
1.68,0.0269440137839,1.32971138289
1.68,0.0295071473283,1.32883620642
1.68,0.0321774371336,1.32783368463
1.68,0.0349532747173,1.32669268144
1.68,0.0378329880186,1.32540175981
1.68,0.0408148424058,1.32394920941
1.68,0.0438970417214,1.32232307482
1.68,0.0470777293637,1.32051118403
1.68,0.0503549894054,1.31850117713
1.68,0.0537268477477,1.3162805352
1.68,0.0571912733091,1.31383660911
1.68,0.0607461792493,1.31115664834
1.68,0.0643894242258,1.30822782948
1.68,0.0681188136841,1.30503728453
1.68,0.0719321011795,1.30157212878
1.68,0.07582698973,1.29781948822
1.68,0.0798011332006,1.29376652641
1.68,0.0838521377157,1.28940047065
1.68,0.0879775631017,1.28470863755
1.68,0.0921749243567,1.27967845767
1.68,0.0964416931472,1.27429749936
1.68,0.100775299331,1.26855349171
1.68,0.105173132506,1.26243434632
1.68,0.109632543582,1.25592817816
1.68,0.114150846377,1.24902332515
1.68,0.118725319233,1.24170836658
1.68,0.12335320666,1.23397214012
1.68,0.128031720991,1.22580375756
1.68,0.132758044063,1.21719261898
1.68,0.137529328917,1.20812842536
1.68,0.14234270151,1.1986011896
1.68,0.147195262445,1.18860124565
1.68,0.152084088721,1.17811925585
1.68,0.157006235492,1.16714621617
1.68,0.16195873784,1.15567345932
1.68,0.166938612565,1.14369265549
1.68,0.171942859974,1.13119581052
1.68,0.176968465698,1.11817526137
1.68,0.182012402498,1.10462366845
1.68,0.187071632096,1.09053400472
1.68,0.192143107002,1.07589954101
1.68,0.197223772347,1.06071382725
1.68,0.20231056773,1.04497066904
1.68,0.207400429055,1.02866409903
1.68,0.212490290381,1.01178834235
1.68,0.217577085764,0.994337775201
1.68,0.222657751109,0.976306875635
1.68,0.227729226015,0.957690165181
1.68,0.232788455613,0.938482139804
1.68,0.237832392413,0.918677188273
1.68,0.242857998136,0.89826949553
1.68,0.247862245546,0.877252928127
1.68,0.252842120271,0.855620897948
1.68,0.257794622619,0.83336619948
1.68,0.26271676939,0.810480814533
1.68,0.267605595666,0.786955676514
1.68,0.272458156601,0.762780383953
1.68,0.277271529193,0.737942849623
1.68,0.282042814048,0.712428866996
1.68,0.28676913712,0.686221569196
1.68,0.291447651451,0.659300746228
1.68,0.296075538878,0.631641972457
1.68,0.300650011734,0.603215475698
1.68,0.305168314528,0.573984647685
1.68,0.309627725605,0.543904046021
1.68,0.31402555878,0.512916657154
1.68,0.318359164964,0.480950054824
1.68,0.322625933754,0.447910852301
1.68,0.326823295009,0.413676414316
1.68,0.330948720395,0.378081956382
1.68,0.33499972491,0.340899418702
1.68,0.338973868381,0.301800562187
1.68,0.342868756931,0.260286765294
1.68,0.346682044427,0.215538653737
1.68,0.350411433885,0.166030857289
1.68,0.354054678862,0.10818041708
1.68,0.357609584802,0.0245288853793
1.68,0.361074010363,0
1.68,0.364445868705,0
1.68,0.367723128747,0
1.68,0.370903816389,0
1.68,0.373986015705,0
1.68,0.376967870092,0
1.68,0.379847583394,0
1.68,0.382623420977,0
1.68,0.385293710783,0
1.68,0.387856844327,0
1.68,0.390311277674,0
1.68,0.392655532366,0
1.68,0.394888196311,0
1.68,0.397007924635,0
1.68,0.399013440494,0
1.68,0.400903535839,0
1.68,0.402677072149,0
1.68,0.404332981111,0
1.68,0.405870265267,0
1.68,0.407287998615,0
1.68,0.408585327165,0
1.68,0.409761469456,0
1.68,0.410815717022,0
1.68,0.411747434826,0
1.68,0.412556061634,0
1.68,0.41324111036,0
1.68,0.413802168357,0
1.68,0.414238897663,0
1.68,0.414551035211,0
1.68,0.414738392979,0
1.68,0.414800858111,0
1.7325,0,1.3539530469
1.7325,6.24651316307e-05,1.35395303215
1.7325,0.000249822899863,1.35395278695
1.7325,0.000561960447384,1.35395165525
1.7325,0.000998689754205,1.3539484723
1.7325,0.00155974775092,1.35394153705
1.7325,0.00224479647718,1.35392859487
1.7325,0.00305342328524,1.35390682681
1.7325,0.00398514108855,1.35387284364
1.7325,0.00503938865514,1.35382268371
1.7325,0.0062155309457,1.35375181425
1.7325,0.0075128594961,1.35365513553
1.7325,0.00893059284412,1.35352698785
1.7325,0.0104678770002,1.35336116087
1.7325,0.0121237859619,1.35315090527
1.7325,0.0138973222715,1.35288894658
1.7325,0.0157874176171,1.35256750083
1.7325,0.0177929334759,1.35217829215
1.7325,0.0199126618001,1.3517125719
1.7325,0.0221453257447,1.35116113945
1.7325,0.0244895804365,1.35051436423
1.7325,0.0269440137839,1.34976220911
1.7325,0.0295071473283,1.34889425488
1.7325,0.0321774371336,1.34789972569
1.7325,0.0349532747173,1.3467675154
1.7325,0.0378329880186,1.34548621459
1.7325,0.0408148424058,1.34404413829
1.7325,0.0438970417214,1.34242935405
1.7325,0.0470777293637,1.34062971051
1.7325,0.0503549894054,1.33863286616
1.7325,0.0537268477477,1.33642631823
1.7325,0.0571912733091,1.33399743166
1.7325,0.0607461792493,1.33133346797
1.7325,0.0643894242258,1.32842161395
1.7325,0.0681188136841,1.32524901014
1.7325,0.0719321011795,1.32180277886
1.7325,0.07582698973,1.31807005188
1.7325,0.0798011332006,1.31403799754
1.7325,0.0838521377157,1.30969384716
1.7325,0.0879775631017,1.30502492095
1.7325,0.0921749243567,1.30001865293
1.7325,0.0964416931472,1.29466261518
1.7325,0.100775299331,1.28894454111
1.7325,0.105173132506,1.28285234769
1.7325,0.109632543582,1.27637415672
1.7325,0.114150846377,1.26949831493
1.7325,0.118725319233,1.26221341285
1.7325,0.12335320666,1.25450830244
1.7325,0.128031720991,1.24637211341
1.7325,0.132758044063,1.23779426802
1.7325,0.137529328917,1.22876449443
1.7325,0.14234270151,1.21927283845
1.7325,0.147195262445,1.20930967356
1.7325,0.152084088721,1.19886570911
1.7325,0.157006235492,1.18793199661
1.7325,0.16195873784,1.17649993395
1.7325,0.166938612565,1.16456126734
1.7325,0.171942859974,1.1521080909
1.7325,0.176968465698,1.13913284364
1.7325,0.182012402498,1.12562830352
1.7325,0.187071632096,1.11158757847
1.7325,0.192143107002,1.09700409396
1.7325,0.197223772347,1.08187157664
1.7325,0.20231056773,1.06618403391
1.7325,0.207400429055,1.0499357285
1.7325,0.212490290381,1.03312114772
1.7325,0.217577085764,1.01573496653
1.7325,0.222657751109,0.997772003444
1.7325,0.227729226015,0.979227168284
1.7325,0.232788455613,0.960095400324
1.7325,0.237832392413,0.940371595229
1.7325,0.242857998136,0.920050518703
1.7325,0.247862245546,0.899126704306
1.7325,0.252842120271,0.877594332247
1.7325,0.257794622619,0.855447085104
1.7325,0.26271676939,0.832677975335
1.7325,0.267605595666,0.809279137972
1.7325,0.272458156601,0.785241579917
1.7325,0.277271529193,0.760554874566
1.7325,0.282042814048,0.735206786828
1.7325,0.28676913712,0.709182808396
1.7325,0.291447651451,0.682465575824
1.7325,0.296075538878,0.655034133336
1.7325,0.300650011734,0.626862986677
1.7325,0.305168314528,0.597920870709
1.7325,0.309627725605,0.56816911713
1.7325,0.31402555878,0.537559450912
1.7325,0.318359164964,0.506030949535
1.7325,0.322625933754,0.473505738472
1.7325,0.326823295009,0.439882711976
1.7325,0.330948720395,0.405028038502
1.7325,0.33499972491,0.368760162884
1.7325,0.338973868381,0.330824788767
1.7325,0.342868756931,0.290850120232
1.7325,0.346682044427,0.248258914765
1.7325,0.350411433885,0.20207105217
1.7325,0.354054678862,0.150357694122
1.7325,0.357609584802,0.0879987322344
1.7325,0.361074010363,0
1.7325,0.364445868705,0
1.7325,0.367723128747,0
1.7325,0.370903816389,0
1.7325,0.373986015705,0
1.7325,0.376967870092,0
1.7325,0.379847583394,0
1.7325,0.382623420977,0
1.7325,0.385293710783,0
1.7325,0.387856844327,0
1.7325,0.390311277674,0
1.7325,0.392655532366,0
1.7325,0.394888196311,0
1.7325,0.397007924635,0
1.7325,0.399013440494,0
1.7325,0.400903535839,0
1.7325,0.402677072149,0
1.7325,0.404332981111,0
1.7325,0.405870265267,0
1.7325,0.407287998615,0
1.7325,0.408585327165,0
1.7325,0.409761469456,0
1.7325,0.410815717022,0
1.7325,0.411747434826,0
1.7325,0.412556061634,0
1.7325,0.41324111036,0
1.7325,0.413802168357,0
1.7325,0.414238897663,0
1.7325,0.414551035211,0
1.7325,0.414738392979,0
1.7325,0.414800858111,0
1.785,0,1.37347721652
1.785,6.24651316307e-05,1.37347720219
1.785,0.000249822899863,1.37347696289
1.785,0.000561960447384,1.37347585522
1.785,0.000998689754205,1.37347273354
1.785,0.00155974775092,1.37346592126
1.785,0.00224479647718,1.37345319269
1.785,0.00305342328524,1.37343176158
1.785,0.00398514108855,1.37339827446
1.785,0.00503938865514,1.37334880795
1.785,0.0062155309457,1.37327886944
1.785,0.0075128594961,1.37318340086
1.785,0.00893059284412,1.37305678511
1.785,0.0104678770002,1.37289285502
1.785,0.0121237859619,1.3726849046
1.785,0.0138973222715,1.37242570251
1.785,0.0157874176171,1.37210750737
1.785,0.0177929334759,1.37172208507
1.785,0.0199126618001,1.37126072766
1.785,0.0221453257447,1.37071427378
1.785,0.0244895804365,1.37007313065
1.785,0.0269440137839,1.36932729714
1.785,0.0295071473283,1.36846638813
1.785,0.0321774371336,1.36747965987
1.785,0.0349532747173,1.36635603616
1.785,0.0378329880186,1.36508413532
1.785,0.0408148424058,1.36365229786
1.785,0.0438970417214,1.36204861457
1.785,0.0470777293637,1.36026095505
1.785,0.0503549894054,1.35827699651
1.785,0.0537268477477,1.35608425277
1.785,0.0571912733091,1.35367010324
1.785,0.0607461792493,1.35102182197
1.785,0.0643894242258,1.34812660643
1.785,0.0681188136841,1.34497160616
1.785,0.0719321011795,1.34154395099
1.785,0.07582698973,1.33783077893
1.785,0.0798011332006,1.33381926348
1.785,0.0838521377157,1.32949664035
1.785,0.0879775631017,1.3248502336
1.785,0.0921749243567,1.31986748093
1.785,0.0964416931472,1.31453595819
1.785,0.100775299331,1.30884340305
1.785,0.105173132506,1.30277773763
1.785,0.109632543582,1.29632709016
1.785,0.114150846377,1.28947981553
1.785,0.118725319233,1.28222451468
1.785,0.12335320666,1.27455005271
1.785,0.128031720991,1.26644557579
1.785,0.132758044063,1.25790052655
1.785,0.137529328917,1.24890465814
1.785,0.14234270151,1.23944804661
1.785,0.147195262445,1.22952110181
1.785,0.152084088721,1.21911457635
1.785,0.157006235492,1.20821957293
1.785,0.16195873784,1.19682754948
1.785,0.166938612565,1.18493032234
1.785,0.171942859974,1.17252006704
1.785,0.176968465698,1.15958931674
1.785,0.182012402498,1.14613095784
1.785,0.187071632096,1.13213822279
1.785,0.192143107002,1.11760467963
1.785,0.197223772347,1.102524218
1.785,0.20231056773,1.08689103118
1.785,0.207400429055,1.0706995937
1.785,0.212490290381,1.05394463407
1.785,0.217577085764,1.03662110174
1.785,0.222657751109,1.01872412765
1.785,0.227729226015,1.00024897742
1.785,0.232788455613,0.98119099587
1.785,0.237832392413,0.961545541468
1.785,0.242857998136,0.941307909046
1.785,0.247862245546,0.920473238415
1.785,0.252842120271,0.899036406243
1.785,0.257794622619,0.876991897725
1.785,0.26271676939,0.85433365367
1.785,0.267605595666,0.831054887455
1.785,0.272458156601,0.807147864642
1.785,0.277271529193,0.782603635901
1.785,0.282042814048,0.757411710906
1.785,0.28676913712,0.73155965675
1.785,0.291447651451,0.705032598652
1.785,0.296075538878,0.677812592455
1.785,0.300650011734,0.649877826412
1.785,0.305168314528,0.621201591918
1.785,0.309627725605,0.591750935756
1.785,0.31402555878,0.561484864276
1.785,0.318359164964,0.530351902366
1.785,0.322625933754,0.498286698152
1.785,0.326823295009,0.465205171922
1.785,0.330948720395,0.430997361625
1.785,0.33499972491,0.395516461114
1.785,0.338973868381,0.358561221303
1.785,0.342868756931,0.319845984857
1.785,0.346682044427,0.278945612445
1.785,0.350411433885,0.235183168356
1.785,0.354054678862,0.187363413881
1.785,0.357609584802,0.132962642735
1.785,0.361074010363,0.0639339270651
1.785,0.364445868705,0
1.785,0.367723128747,0
1.785,0.370903816389,0
1.785,0.373986015705,0
1.785,0.376967870092,0
1.785,0.379847583394,0
1.785,0.382623420977,0
1.785,0.385293710783,0
1.785,0.387856844327,0
1.785,0.390311277674,0
1.785,0.392655532366,0
1.785,0.394888196311,0
1.785,0.397007924635,0
1.785,0.399013440494,0
1.785,0.400903535839,0
1.785,0.402677072149,0
1.785,0.404332981111,0
1.785,0.405870265267,0
1.785,0.407287998615,0
1.785,0.408585327165,0
1.785,0.409761469456,0
1.785,0.410815717022,0
1.785,0.411747434826,0
1.785,0.412556061634,0
1.785,0.41324111036,0
1.785,0.413802168357,0
1.785,0.414238897663,0
1.785,0.414551035211,0
1.785,0.414738392979,0
1.785,0.414800858111,0
1.8375,0,1.39252773488
1.8375,6.24651316307e-05,1.39252772095
1.8375,0.000249822899863,1.39252748729
1.8375,0.000561960447384,1.39252640264
1.8375,0.000998689754205,1.39252333979
1.8375,0.00155974775092,1.39251664579
1.8375,0.00224479647718,1.39250412301
1.8375,0.00305342328524,1.39248301694
1.8375,0.00398514108855,1.39245000886
1.8375,0.00503938865514,1.39240121265
1.8375,0.0062155309457,1.39233217491
1.8375,0.0075128594961,1.39223787823
1.8375,0.00893059284412,1.39211274717
1.8375,0.0104678770002,1.39195065686
1.8375,0.0121237859619,1.39174494379
1.8375,0.0138973222715,1.39148841898
1.8375,0.0157874176171,1.39117338296
1.8375,0.0177929334759,1.39079164276
1.8375,0.0199126618001,1.39033453053
1.8375,0.0221453257447,1.38979292379
1.8375,0.0244895804365,1.38915726712
1.8375,0.0269440137839,1.38841759512
1.8375,0.0295071473283,1.38756355658
1.8375,0.0321774371336,1.38658443969
1.8375,0.0349532747173,1.38546919816
1.8375,0.0378329880186,1.3842064781
1.8375,0.0408148424058,1.38278464562
1.8375,0.0438970417214,1.38119181489
1.8375,0.0470777293637,1.37941587674
1.8375,0.0503549894054,1.3774445274
1.8375,0.0537268477477,1.37526529759
1.8375,0.0571912733091,1.37286558162
1.8375,0.0607461792493,1.37023266642
1.8375,0.0643894242258,1.3673537606
1.8375,0.0681188136841,1.36421602313
1.8375,0.0719321011795,1.36080659177
1.8375,0.07582698973,1.35711261118
1.8375,0.0798011332006,1.35312126039
1.8375,0.0838521377157,1.34881977984
1.8375,0.0879775631017,1.34419549771
1.8375,0.0921749243567,1.33923585552
1.8375,0.0964416931472,1.33392843302
1.8375,0.100775299331,1.32826097207
1.8375,0.105173132506,1.32222139977
1.8375,0.109632543582,1.31579785042
1.8375,0.114150846377,1.30897868655
1.8375,0.118725319233,1.30175251871
1.8375,0.12335320666,1.29410822417
1.8375,0.128031720991,1.28603496423
1.8375,0.132758044063,1.27752220031
1.8375,0.137529328917,1.26855970851
1.8375,0.14234270151,1.25913759278
1.8375,0.147195262445,1.24924629643
1.8375,0.152084088721,1.23887661202
1.8375,0.157006235492,1.22801968943
1.8375,0.16195873784,1.21666704204
1.8375,0.166938612565,1.20481055094
1.8375,0.171942859974,1.19244246691
1.8375,0.176968465698,1.17955541007
1.8375,0.182012402498,1.16614236705
1.8375,0.187071632096,1.15219668537
1.8375,0.192143107002,1.13771206481
1.8375,0.197223772347,1.12268254551
1.8375,0.20231056773,1.10710249234
1.8375,0.207400429055,1.09096657527
1.8375,0.212490290381,1.0742697451
1.8375,0.217577085764,1.05700720406
1.8375,0.222657751109,1.03917437047
1.8375,0.227729226015,1.02076683678
1.8375,0.232788455613,1.00178031974
1.8375,0.237832392413,0.982210601573
1.8375,0.242857998136,0.962053460592
1.8375,0.247862245546,0.941304589354
1.8375,0.252842120271,0.91995949795
1.8375,0.257794622619,0.898013399526
1.8375,0.26271676939,0.875461074301
1.8375,0.267605595666,0.852296707347
1.8375,0.272458156601,0.828513694095
1.8375,0.277271529193,0.804104405715
1.8375,0.282042814048,0.779059904141
1.8375,0.28676913712,0.753369593167
1.8375,0.291447651451,0.727020787485
1.8375,0.296075538878,0.699998174987
1.8375,0.300650011734,0.67228313835
1.8375,0.305168314528,0.643852888222
1.8375,0.309627725605,0.614679339891
1.8375,0.31402555878,0.584727634017
1.8375,0.318359164964,0.553954152826
1.8375,0.322625933754,0.522303803524
1.8375,0.326823295009,0.489706207248
1.8375,0.330948720395,0.456070199043
1.8375,0.33499972491,0.421275618849
1.8375,0.338973868381,0.385160550779
1.8375,0.342868756931,0.347500465102
1.8375,0.346682044427,0.307971879537
1.8375,0.350411433885,0.266083501768
1.8375,0.354054678862,0.22102963129
1.8375,0.357609584802,0.171318402287
1.8375,0.361074010363,0.113494660791
1.8375,0.364445868705,0.0321293273929
1.8375,0.367723128747,0
1.8375,0.370903816389,0
1.8375,0.373986015705,0
1.8375,0.376967870092,0
1.8375,0.379847583394,0
1.8375,0.382623420977,0
1.8375,0.385293710783,0
1.8375,0.387856844327,0
1.8375,0.390311277674,0
1.8375,0.392655532366,0
1.8375,0.394888196311,0
1.8375,0.397007924635,0
1.8375,0.399013440494,0
1.8375,0.400903535839,0
1.8375,0.402677072149,0
1.8375,0.404332981111,0
1.8375,0.405870265267,0
1.8375,0.407287998615,0
1.8375,0.408585327165,0
1.8375,0.409761469456,0
1.8375,0.410815717022,0
1.8375,0.411747434826,0
1.8375,0.412556061634,0
1.8375,0.41324111036,0
1.8375,0.413802168357,0
1.8375,0.414238897663,0
1.8375,0.414551035211,0
1.8375,0.414738392979,0
1.8375,0.414800858111,0
1.89,0,1.41111463319
1.89,6.24651316307e-05,1.41111461964
1.89,0.000249822899863,1.41111439136
1.89,0.000561960447384,1.41111332877
1.89,0.000998689754205,1.41111032242
1.89,0.00155974775092,1.41110374222
1.89,0.00224479647718,1.41109141772
1.89,0.00305342328524,1.41107062519
1.89,0.00398514108855,1.41103807973
1.89,0.00503938865514,1.41098993148
1.89,0.0062155309457,1.41092176527
1.89,0.0075128594961,1.41082860337
1.89,0.00893059284412,1.41070491111
1.89,0.0104678770002,1.41054460496
1.89,0.0121237859619,1.41034106312
1.89,0.0138973222715,1.41008713814
1.89,0.0157874176171,1.40977517175
1.89,0.0177929334759,1.40939701148
1.89,0.0199126618001,1.40894402902
1.89,0.0221453257447,1.40840714027
1.89,0.0244895804365,1.40777682676
1.89,0.0269440137839,1.40704315849
1.89,0.0295071473283,1.40619581791
1.89,0.0321774371336,1.40522412498
1.89,0.0349532747173,1.40411706324
1.89,0.0378329880186,1.40286330656
1.89,0.0408148424058,1.4014512467
1.89,0.0438970417214,1.39986902137
1.89,0.0470777293637,1.39810454277
1.89,0.0503549894054,1.39614552641
1.89,0.0537268477477,1.39397952022
1.89,0.0571912733091,1.39159393366
1.89,0.0607461792493,1.38897606699
1.89,0.0643894242258,1.38611314028
1.89,0.0681188136841,1.38299232231
1.89,0.0719321011795,1.37960075919
1.89,0.07582698973,1.37592560258
1.89,0.0798011332006,1.3719540374
1.89,0.0838521377157,1.36767330911
1.89,0.0879775631017,1.36307075026
1.89,0.0921749243567,1.35813380641
1.89,0.0964416931472,1.35285006123
1.89,0.100775299331,1.3472072608
1.89,0.105173132506,1.34119333703
1.89,0.109632543582,1.33479643
1.89,0.114150846377,1.32800490939
1.89,0.118725319233,1.32080739472
1.89,0.12335320666,1.31319277448
1.89,0.128031720991,1.30515022399
1.89,0.132758044063,1.29666922195
1.89,0.137529328917,1.28773956568
1.89,0.14234270151,1.27835138482
1.89,0.147195262445,1.26849515361
1.89,0.152084088721,1.25816170145
1.89,0.157006235492,1.24734222185
1.89,0.16195873784,1.23602827944
1.89,0.166938612565,1.22421181521
1.89,0.171942859974,1.21188514954
1.89,0.176968465698,1.19904098307
1.89,0.182012402498,1.18567239518
1.89,0.187071632096,1.1717728399
1.89,0.192143107002,1.15733613893
1.89,0.197223772347,1.14235647165
1.89,0.20231056773,1.12682836163
1.89,0.207400429055,1.11074665944
1.89,0.212490290381,1.09410652122
1.89,0.217577085764,1.07690338243
1.89,0.222657751109,1.05913292632
1.89,0.227729226015,1.04079104623
1.89,0.232788455613,1.02187380083
1.89,0.237832392413,1.00237736131
1.89,0.242857998136,0.982297948969
1.89,0.247862245546,0.961631761752
1.89,0.252842120271,0.940374887595
1.89,0.257794622619,0.918523202031
1.89,0.26271676939,0.896072246912
1.89,0.267605595666,0.873017086193
1.89,0.272458156601,0.849352133665
1.89,0.277271529193,0.825070946037
1.89,0.282042814048,0.8001659728
1.89,0.28676913712,0.774628251635
1.89,0.291447651451,0.748447034426
1.89,0.296075538878,0.721609323764
1.89,0.300650011734,0.694099292517
1.89,0.305168314528,0.6658975484
1.89,0.309627725605,0.636980189851
1.89,0.31402555878,0.607317575945
1.89,0.318359164964,0.57687269668
1.89,0.322625933754,0.545598972236
1.89,0.326823295009,0.513437215247
1.89,0.330948720395,0.480311329616
1.89,0.33499972491,0.446122035195
1.89,0.338973868381,0.410737378821
1.89,0.342868756931,0.373977747591
1.89,0.346682044427,0.335590880124
1.89,0.350411433885,0.295207196516
1.89,0.354054678862,0.252252154976
1.89,0.357609584802,0.20575002711
1.89,0.361074010363,0.153784198038
1.89,0.364445868705,0.091308444959
1.89,0.367723128747,0
1.89,0.370903816389,0
1.89,0.373986015705,0
1.89,0.376967870092,0
1.89,0.379847583394,0
1.89,0.382623420977,0
1.89,0.385293710783,0
1.89,0.387856844327,0
1.89,0.390311277674,0
1.89,0.392655532366,0
1.89,0.394888196311,0
1.89,0.397007924635,0
1.89,0.399013440494,0
1.89,0.400903535839,0
1.89,0.402677072149,0
1.89,0.404332981111,0
1.89,0.405870265267,0
1.89,0.407287998615,0
1.89,0.408585327165,0
1.89,0.409761469456,0
1.89,0.410815717022,0
1.89,0.411747434826,0
1.89,0.412556061634,0
1.89,0.41324111036,0
1.89,0.413802168357,0
1.89,0.414238897663,0
1.89,0.414551035211,0
1.89,0.414738392979,0
1.89,0.414800858111,0
1.9425,0,1.42924713872
1.9425,6.24651316307e-05,1.42924712553
1.9425,0.000249822899863,1.42924690239
1.9425,0.000561960447384,1.42924586095
1.9425,0.000998689754205,1.42924290887
1.9425,0.00155974775092,1.42923643816
1.9425,0.00224479647718,1.42922430471
1.9425,0.00305342328524,1.42920381465
1.9425,0.00398514108855,1.42917171596
1.9425,0.00503938865514,1.42912419406
1.9425,0.0062155309457,1.42905687103
1.9425,0.0075128594961,1.42896480788
1.9425,0.00893059284412,1.42884250976
1.9425,0.0104678770002,1.42868393364
1.9425,0.0121237859619,1.4284824985
1.9425,0.0138973222715,1.42823109769
1.9425,0.0157874176171,1.4279221134
1.9425,0.0177929334759,1.42754743296
1.9425,0.0199126618001,1.42709846704
1.9425,0.0221453257447,1.42656616936
1.9425,0.0244895804365,1.425941058
1.9425,0.0269440137839,1.42521323797
1.9425,0.0295071473283,1.42437242507
1.9425,0.0321774371336,1.42340797087
1.9425,0.0349532747173,1.42230888856
1.9425,0.0378329880186,1.42106387971
1.9425,0.0408148424058,1.41966136176
1.9425,0.0438970417214,1.41808949602
1.9425,0.0470777293637,1.41633621619
1.9425,0.0503549894054,1.41438925724
1.9425,0.0537268477477,1.41223618452
1.9425,0.0571912733091,1.40986442299
1.9425,0.0607461792493,1.40726128648
1.9425,0.0643894242258,1.40441400685
1.9425,0.0681188136841,1.40130976309
1.9425,0.0719321011795,1.39793570996
1.9425,0.07582698973,1.39427900645
1.9425,0.0798011332006,1.39032684372
1.9425,0.0838521377157,1.38606647251
1.9425,0.0879775631017,1.38148522999
1.9425,0.0921749243567,1.3765705659
1.9425,0.0964416931472,1.37131006796
1.9425,0.100775299331,1.36569148646
1.9425,0.105173132506,1.35970275798
1.9425,0.109632543582,1.35333202814
1.9425,0.114150846377,1.34656767335
1.9425,0.118725319233,1.33939832151
1.9425,0.12335320666,1.33181287152
1.9425,0.128031720991,1.32380051166
1.9425,0.132758044063,1.31535073663
1.9425,0.137529328917,1.30645336332
1.9425,0.14234270151,1.29709854515
1.9425,0.147195262445,1.28727678491
1.9425,0.152084088721,1.27697894609
1.9425,0.157006235492,1.26619626255
1.9425,0.16195873784,1.25492034641
1.9425,0.166938612565,1.24314319411
1.9425,0.171942859974,1.23085719051
1.9425,0.176968465698,1.21805511089
1.9425,0.182012402498,1.20473012062
1.9425,0.187071632096,1.19087577245
1.9425,0.192143107002,1.17648600108
1.9425,0.197223772347,1.16155511492
1.9425,0.20231056773,1.14607778455
1.9425,0.207400429055,1.13004902776
1.9425,0.212490290381,1.11346419066
1.9425,0.217577085764,1.09631892434
1.9425,0.222657751109,1.07860915674
1.9425,0.227729226015,1.06033105879
1.9425,0.232788455613,1.04148100424
1.9425,0.237832392413,1.02205552209
1.9425,0.242857998136,1.00205124051
1.9425,0.247862245546,0.981464820778
1.9425,0.252842120271,0.960292879429
1.9425,0.257794622619,0.938531896522
1.9425,0.26271676939,0.916178107178
1.9425,0.267605595666,0.893227373012
1.9425,0.272458156601,0.869675029061
1.9425,0.277271529193,0.845515700645
1.9425,0.282042814048,0.820743082959
1.9425,0.28676913712,0.795349673992
1.9425,0.291447651451,0.76932644842
1.9425,0.296075538878,0.742662455937
1.9425,0.300650011734,0.715344321698
1.9425,0.305168314528,0.687355618211
1.9425,0.309627725605,0.658676065914
1.9425,0.31402555878,0.62928050168
1.9425,0.318359164964,0.599137527173
1.9425,0.322625933754,0.568207706426
1.9425,0.326823295009,0.536441113701
1.9425,0.330948720395,0.503773919645
1.9425,0.33499972491,0.470123508984
1.9425,0.338973868381,0.43538127263
1.9425,0.342868756931,0.39940155232
1.9425,0.346682044427,0.361983871555
1.9425,0.350411433885,0.322842644524
1.9425,0.354054678862,0.281551433031
1.9425,0.357609584802,0.23742911048
1.9425,0.361074010363,0.189269327928
1.9425,0.364445868705,0.134516601968
1.9425,0.367723128747,0.0649895926361
1.9425,0.370903816389,0
1.9425,0.373986015705,0
1.9425,0.376967870092,0
1.9425,0.379847583394,0
1.9425,0.382623420977,0
1.9425,0.385293710783,0
1.9425,0.387856844327,0
1.9425,0.390311277674,0
1.9425,0.392655532366,0
1.9425,0.394888196311,0
1.9425,0.397007924635,0
1.9425,0.399013440494,0
1.9425,0.400903535839,0
1.9425,0.402677072149,0
1.9425,0.404332981111,0
1.9425,0.405870265267,0
1.9425,0.407287998615,0
1.9425,0.408585327165,0
1.9425,0.409761469456,0
1.9425,0.410815717022,0
1.9425,0.411747434826,0
1.9425,0.412556061634,0
1.9425,0.41324111036,0
1.9425,0.413802168357,0
1.9425,0.414238897663,0
1.9425,0.414551035211,0
1.9425,0.414738392979,0
1.9425,0.414800858111,0
1.995,0,1.4469337522
1.995,6.24651316307e-05,1.44693373935
1.995,0.000249822899863,1.44693352113
1.995,0.000561960447384,1.44693249995
1.995,0.000998689754205,1.4469296
1.995,0.00155974775092,1.44692323466
1.995,0.00224479647718,1.44691128529
1.995,0.00305342328524,1.44689108703
1.995,0.00398514108855,1.44685941977
1.995,0.00503938865514,1.44681250329
1.995,0.0062155309457,1.44674599595
1.995,0.0075128594961,1.44665499656
1.995,0.00893059284412,1.44653404915
1.995,0.0104678770002,1.44637715028
1.995,0.0121237859619,1.4461777589
1.995,0.0138973222715,1.44592880832
1.995,0.0157874176171,1.44562272044
1.995,0.0177929334759,1.44525142175
1.995,0.0199126618001,1.44480636124
1.995,0.0221453257447,1.44427852993
1.995,0.0244895804365,1.44365848194
1.995,0.0269440137839,1.4429363569
1.995,0.0295071473283,1.44210190367
1.995,0.0321774371336,1.44114450512
1.995,0.0349532747173,1.44005320395
1.995,0.0378329880186,1.43881672932
1.995,0.0408148424058,1.43742352429
1.995,0.0438970417214,1.43586177379
1.995,0.0470777293637,1.43411943313
1.995,0.0503549894054,1.43218425687
1.995,0.0537268477477,1.43004382796
1.995,0.0571912733091,1.42768558707
1.995,0.0607461792493,1.42509686187
1.995,0.0643894242258,1.42226489633
1.995,0.0681188136841,1.41917687989
1.995,0.0719321011795,1.41581997631
1.995,0.07582698973,1.41218135222
1.995,0.0798011332006,1.40824820528
1.995,0.0838521377157,1.4040077918
1.995,0.0879775631017,1.39944745376
1.995,0.0921749243567,1.39455464527
1.995,0.0964416931472,1.38931695817
1.995,0.100775299331,1.38372214698
1.995,0.105173132506,1.37775815286
1.995,0.109632543582,1.37141312673
1.995,0.114150846377,1.36467545138
1.995,0.118725319233,1.35753376255
1.995,0.12335320666,1.34997696885
1.995,0.128031720991,1.34199427057
1.995,0.132758044063,1.33357517722
1.995,0.137529328917,1.32470952381
1.995,0.14234270151,1.31538748575
1.995,0.147195262445,1.30559959228
1.995,0.152084088721,1.29533673845
1.995,0.157006235492,1.28459019551
1.995,0.16195873784,1.27335161958
1.995,0.166938612565,1.26161305854
1.995,0.171942859974,1.24936695711
1.995,0.176968465698,1.23660615979
1.995,0.182012402498,1.22332391178
1.995,0.187071632096,1.20951385745
1.995,0.192143107002,1.19517003643
1.995,0.197223772347,1.18028687684
1.995,0.20231056773,1.16485918566
1.995,0.207400429055,1.14888213575
1.995,0.212490290381,1.13235124927
1.995,0.217577085764,1.11526237703
1.995,0.222657751109,1.09761167335
1.995,0.227729226015,1.07939556577
1.995,0.232788455613,1.06061071891
1.995,0.237832392413,1.0412539917
1.995,0.242857998136,1.02132238685
1.995,0.247862245546,1.00081299138
1.995,0.252842120271,0.979722906665
1.995,0.257794622619,0.958049165967
1.995,0.26271676939,0.935788637301
1.995,0.267605595666,0.91293790849
1.995,0.272458156601,0.889493150779
1.995,0.277271529193,0.865449956217
1.995,0.282042814048,0.840803142755
1.995,0.28676913712,0.815546519142
1.995,0.291447651451,0.789672599334
1.995,0.296075538878,0.763172252727
1.995,0.300650011734,0.736034271909
1.995,0.305168314528,0.708244833016
1.995,0.309627725605,0.679786814318
1.995,0.31402555878,0.650638924772
1.995,0.318359164964,0.620774573486
1.995,0.322625933754,0.590160379202
1.995,0.326823295009,0.558754168797
1.995,0.330948720395,0.526502232506
1.995,0.33499972491,0.493335467236
1.995,0.338973868381,0.45916380095
1.995,0.342868756931,0.423867854659
1.995,0.346682044427,0.38728595274
1.995,0.350411433885,0.349192837114
1.995,0.354054678862,0.309262472331
1.995,0.357609584802,0.266997305504
1.995,0.361074010363,0.221576930173
1.995,0.364445868705,0.171471613595
1.995,0.367723128747,0.113098031766
1.995,0.370903816389,0.0297243285367
1.995,0.373986015705,0
1.995,0.376967870092,0
1.995,0.379847583394,0
1.995,0.382623420977,0
1.995,0.385293710783,0
1.995,0.387856844327,0
1.995,0.390311277674,0
1.995,0.392655532366,0
1.995,0.394888196311,0
1.995,0.397007924635,0
1.995,0.399013440494,0
1.995,0.400903535839,0
1.995,0.402677072149,0
1.995,0.404332981111,0
1.995,0.405870265267,0
1.995,0.407287998615,0
1.995,0.408585327165,0
1.995,0.409761469456,0
1.995,0.410815717022,0
1.995,0.411747434826,0
1.995,0.412556061634,0
1.995,0.41324111036,0
1.995,0.413802168357,0
1.995,0.414238897663,0
1.995,0.414551035211,0
1.995,0.414738392979,0
1.995,0.414800858111,0
2.0475,0,1.46418231607
2.0475,6.24651316307e-05,1.46418230355
2.0475,0.000249822899863,1.46418209003
2.0475,0.000561960447384,1.46418108828
2.0475,0.000998689754205,1.46417823842
2.0475,0.00155974775092,1.46417197447
2.0475,0.00224479647718,1.46416020248
2.0475,0.00305342328524,1.4641402857
2.0475,0.00398514108855,1.46410903506
2.0475,0.00503938865514,1.46406270372
2.0475,0.0062155309457,1.46399698539
2.0475,0.0075128594961,1.46390701575
2.0475,0.00893059284412,1.46378737676
2.0475,0.0104678770002,1.4636321037
2.0475,0.0121237859619,1.46343469462
2.0475,0.0138973222715,1.463188122
2.0475,0.0157874176171,1.46288484667
2.0475,0.0177929334759,1.46251683356
2.0475,0.0199126618001,1.46207556937
2.0475,0.0221453257447,1.46155208185
2.0475,0.0244895804365,1.46093696065
2.0475,0.0269440137839,1.46022037959
2.0475,0.0295071473283,1.45939212021
2.0475,0.0321774371336,1.45844159642
2.0475,0.0349532747173,1.45735788018
2.0475,0.0378329880186,1.45612972811
2.0475,0.0408148424058,1.45474560881
2.0475,0.0438970417214,1.45319373079
2.0475,0.0470777293637,1.45146207101
2.0475,0.0503549894054,1.44953840371
2.0475,0.0537268477477,1.44741032962
2.0475,0.0571912733091,1.44506530525
2.0475,0.0607461792493,1.44249067234
2.0475,0.0643894242258,1.43967368723
2.0475,0.0681188136841,1.43660155006
2.0475,0.0719321011795,1.43326143386
2.0475,0.07582698973,1.42964051317
2.0475,0.0798011332006,1.42572599243
2.0475,0.0838521377157,1.42150513372
2.0475,0.0879775631017,1.41696528409
2.0475,0.0921749243567,1.41209390212
2.0475,0.0964416931472,1.40687858391
2.0475,0.100775299331,1.40130708818
2.0475,0.105173132506,1.39536736062
2.0475,0.109632543582,1.38904755725
2.0475,0.114150846377,1.38233606694
2.0475,0.118725319233,1.37522153277
2.0475,0.12335320666,1.36769287241
2.0475,0.128031720991,1.35973929733
2.0475,0.132758044063,1.35135033079
2.0475,0.137529328917,1.3425158246
2.0475,0.14234270151,1.33322597453
2.0475,0.147195262445,1.32347133432
2.0475,0.152084088721,1.31324282833
2.0475,0.157006235492,1.30253176247
2.0475,0.16195873784,1.29132983368
2.0475,0.166938612565,1.27962913765
2.0475,0.171942859974,1.26742217465
2.0475,0.176968465698,1.25470185354
2.0475,0.182012402498,1.24146149369
2.0475,0.187071632096,1.22769482466
2.0475,0.192143107002,1.21339598356
2.0475,0.197223772347,1.19855950978
2.0475,0.20231056773,1.18318033701
2.0475,0.207400429055,1.16725378213
2.0475,0.212490290381,1.15077553071
2.0475,0.217577085764,1.13374161881
2.0475,0.222657751109,1.11614841059
2.0475,0.227729226015,1.09799257119
2.0475,0.232788455613,1.07927103428
2.0475,0.237832392413,1.05998096356
2.0475,0.242857998136,1.04011970725
2.0475,0.247862245546,1.0196847445
2.0475,0.252842120271,0.998673622348
2.0475,0.257794622619,0.977083881606
2.0475,0.26271676939,0.954912969603
2.0475,0.267605595666,0.932158137227
2.0475,0.272458156601,0.908816317083
2.0475,0.277271529193,0.884883978695
2.0475,0.282042814048,0.860356955601
2.0475,0.28676913712,0.835230237677
2.0475,0.291447651451,0.809497720043
2.0475,0.296075538878,0.783151897178
2.0475,0.300650011734,0.756183487107
2.0475,0.305168314528,0.728580965289
2.0475,0.309627725605,0.700329980319
2.0475,0.31402555878,0.671412612765
2.0475,0.318359164964,0.641806422414
2.0475,0.322625933754,0.611483205112
2.0475,0.326823295009,0.580407342992
2.0475,0.330948720395,0.548533572537
2.0475,0.33499972491,0.515803897488
2.0475,0.338973868381,0.482143207744
2.0475,0.342868756931,0.447452870978
2.0475,0.346682044427,0.411601013934
2.0475,0.350411433885,0.374407120292
2.0475,0.354054678862,0.335616244302
2.0475,0.357609584802,0.294852681906
2.0475,0.361074010363,0.251528475871
2.0475,0.364445868705,0.204636686071
2.0475,0.367723128747,0.152174505381
2.0475,0.370903816389,0.0887314012338
2.0475,0.373986015705,0
2.0475,0.376967870092,0
2.0475,0.379847583394,0
2.0475,0.382623420977,0
2.0475,0.385293710783,0
2.0475,0.387856844327,0
2.0475,0.390311277674,0
2.0475,0.392655532366,0
2.0475,0.394888196311,0
2.0475,0.397007924635,0
2.0475,0.399013440494,0
2.0475,0.400903535839,0
2.0475,0.402677072149,0
2.0475,0.404332981111,0
2.0475,0.405870265267,0
2.0475,0.407287998615,0
2.0475,0.408585327165,0
2.0475,0.409761469456,0
2.0475,0.410815717022,0
2.0475,0.411747434826,0
2.0475,0.412556061634,0
2.0475,0.41324111036,0
2.0475,0.413802168357,0
2.0475,0.414238897663,0
2.0475,0.414551035211,0
2.0475,0.414738392979,0
2.0475,0.414800858111,0
2.1,0,1.48100007498
2.1,6.24651316307e-05,1.48100006277
2.1,0.000249822899863,1.48099985374
2.1,0.000561960447384,1.48099887062
2.1,0.000998689754205,1.48099606888
2.1,0.00155974775092,1.48098990251
2.1,0.00224479647718,1.48097830143
2.1,0.00305342328524,1.48095865619
2.1,0.00398514108855,1.48092780781
2.1,0.00503938865514,1.48088204195
2.1,0.0062155309457,1.48081708674
2.1,0.0075128594961,1.48072811375
2.1,0.00893059284412,1.48060974201
2.1,0.0104678770002,1.4804560446
2.1,0.0121237859619,1.4802605578
2.1,0.0138973222715,1.48001629244
2.1,0.0157874176171,1.47971574753
2.1,0.0177929334759,1.47935092573
2.1,0.0199126618001,1.47891335077
2.1,0.0221453257447,1.47839408653
2.1,0.0244895804365,1.47778375768
2.1,0.0269440137839,1.47707257176
2.1,0.0295071473283,1.47625034261
2.1,0.0321774371336,1.47530651482
2.1,0.0349532747173,1.47423018941
2.1,0.0378329880186,1.47301015023
2.1,0.0408148424058,1.47163489129
2.1,0.0438970417214,1.47009264465
2.1,0.0470777293637,1.46837140889
2.1,0.0503549894054,1.46645897799
2.1,0.0537268477477,1.46434297053
2.1,0.0571912733091,1.46201085904
2.1,0.0607461792493,1.45944999949
2.1,0.0643894242258,1.45664766077
2.1,0.0681188136841,1.45359105398
2.1,0.0719321011795,1.45026736164
2.1,0.07582698973,1.44666376645
2.1,0.0798011332006,1.44276747985
2.1,0.0838521377157,1.43856576992
2.1,0.0879775631017,1.43404598894
2.1,0.0921749243567,1.42919560015
2.1,0.0964416931472,1.42400220395
2.1,0.100775299331,1.41845356333
2.1,0.105173132506,1.41253762841
2.1,0.109632543582,1.40624256017
2.1,0.114150846377,1.39955675325
2.1,0.118725319233,1.39246885766
2.1,0.12335320666,1.38496779957
2.1,0.128031720991,1.37704280085
2.1,0.132758044063,1.36868339754
2.1,0.137529328917,1.35987945704
2.1,0.14234270151,1.35062119401
2.1,0.147195262445,1.34089918498
2.1,0.152084088721,1.33070438144
2.1,0.157006235492,1.32002812155
2.1,0.16195873784,1.30886214018
2.1,0.166938612565,1.29719857742
2.1,0.171942859974,1.28502998524
2.1,0.176968465698,1.27234933235
2.1,0.182012402498,1.25915000714
2.1,0.187071632096,1.24542581842
2.1,0.192143107002,1.23117099403
2.1,0.197223772347,1.21638017691
2.1,0.20231056773,1.20104841862
2.1,0.207400429055,1.18517116994
2.1,0.212490290381,1.16874426834
2.1,0.217577085764,1.15176392199
2.1,0.222657751109,1.13422668982
2.1,0.227729226015,1.11612945735
2.1,0.232788455613,1.09746940754
2.1,0.237832392413,1.07824398615
2.1,0.242857998136,1.05845086072
2.1,0.247862245546,1.03808787227
2.1,0.252842120271,1.01715297843
2.1,0.257794622619,0.995644186717
2.1,0.26271676939,0.973559476054
2.1,0.267605595666,0.950896704329
2.1,0.272458156601,0.927653499326
2.1,0.277271529193,0.903827129457
2.1,0.282042814048,0.879414349942
2.1,0.28676913712,0.854411218768
2.1,0.291447651451,0.828812875161
2.1,0.296075538878,0.80261327102
2.1,0.300650011734,0.775804842769
2.1,0.305168314528,0.74837810681
2.1,0.309627725605,0.720321155826
2.1,0.31402555878,0.69161902462
2.1,0.318359164964,0.662252881786
2.1,0.322625933754,0.632198984907
2.1,0.326823295009,0.601427308858
2.1,0.330948720395,0.56989971268
2.1,0.33499972491,0.537567439712
2.1,0.338973868381,0.504367627895
2.1,0.342868756931,0.470218303837
2.1,0.346682044427,0.435010966723
2.1,0.350411433885,0.398599167725
2.1,0.354054678862,0.360780065967
2.1,0.357609584802,0.32126280251
2.1,0.361074010363,0.279609866306
2.1,0.364445868705,0.235116149782
2.1,0.367723128747,0.186517264907
2.1,0.370903816389,0.131078446143
2.1,0.373986015705,0.0595287567995
2.1,0.376967870092,0
2.1,0.379847583394,0
2.1,0.382623420977,0
2.1,0.385293710783,0
2.1,0.387856844327,0
2.1,0.390311277674,0
2.1,0.392655532366,0
2.1,0.394888196311,0
2.1,0.397007924635,0
2.1,0.399013440494,0
2.1,0.400903535839,0
2.1,0.402677072149,0
2.1,0.404332981111,0
2.1,0.405870265267,0
2.1,0.407287998615,0
2.1,0.408585327165,0
2.1,0.409761469456,0
2.1,0.410815717022,0
2.1,0.411747434826,0
2.1,0.412556061634,0
2.1,0.41324111036,0
2.1,0.413802168357,0
2.1,0.414238897663,0
2.1,0.414551035211,0
2.1,0.414738392979,0
2.1,0.414800858111,0
2.1525,0,1.49739372944
2.1525,6.24651316307e-05,1.49739371754
2.1525,0.000249822899863,1.4973935128
2.1525,0.000561960447384,1.49739254755
2.1525,0.000998689754205,1.49738979205
2.1525,0.00155974775092,1.49738371957
2.1525,0.00224479647718,1.49737228317
2.1525,0.00305342328524,1.49735289984
2.1525,0.00398514108855,1.49732243983
2.1525,0.00503938865514,1.4972772204
2.1525,0.0062155309457,1.49721300312
2.1525,0.0075128594961,1.4971249946
2.1525,0.00893059284412,1.49700784998
2.1525,0.0104678770002,1.49685567927
2.1525,0.0121237859619,1.49666205611
2.1525,0.0138973222715,1.49642002887
2.1525,0.0157874176171,1.49612213393
2.1525,0.0177929334759,1.49576041096
2.1525,0.0199126618001,1.49532642006
2.1525,0.0221453257447,1.49481126061
2.1525,0.0244895804365,1.49420559176
2.1525,0.0269440137839,1.49349965429
2.1525,0.0295071473283,1.49268329388
2.1525,0.0321774371336,1.4917459855
2.1525,0.0349532747173,1.49067685888
2.1525,0.0378329880186,1.48946472491
2.1525,0.0408148424058,1.48809810284
2.1525,0.0438970417214,1.48656524818
2.1525,0.0470777293637,1.48485418109
2.1525,0.0503549894054,1.48295271529
2.1525,0.0537268477477,1.48084848726
2.1525,0.0571912733091,1.47852898565
2.1525,0.0607461792493,1.47598158082
2.1525,0.0643894242258,1.47319355435
2.1525,0.0681188136841,1.47015212851
2.1525,0.0719321011795,1.46684449549
2.1525,0.07582698973,1.46325784639
2.1525,0.0798011332006,1.45937939982
2.1525,0.0838521377157,1.45519643009
2.1525,0.0879775631017,1.45069629486
2.1525,0.0921749243567,1.44586646216
2.1525,0.0964416931472,1.44069453681
2.1525,0.100775299331,1.43516828605
2.1525,0.105173132506,1.4292756644
2.1525,0.109632543582,1.42300483766
2.1525,0.114150846377,1.41634420597
2.1525,0.118725319233,1.40928242593
2.1525,0.12335320666,1.40180843164
2.1525,0.128031720991,1.39391145471
2.1525,0.132758044063,1.38558104307
2.1525,0.137529328917,1.37680707862
2.1525,0.14234270151,1.3675797936
2.1525,0.147195262445,1.35788978566
2.1525,0.152084088721,1.34772803155
2.1525,0.157006235492,1.33708589939
2.1525,0.16195873784,1.32595515935
2.1525,0.166938612565,1.31432799282
2.1525,0.171942859974,1.30219699991
2.1525,0.176968465698,1.28955520507
2.1525,0.182012402498,1.27639606097
2.1525,0.187071632096,1.26271345026
2.1525,0.192143107002,1.24850168528
2.1525,0.197223772347,1.23375550544
2.1525,0.20231056773,1.21847007207
2.1525,0.207400429055,1.20264096065
2.1525,0.212490290381,1.18626415003
2.1525,0.217577085764,1.16933600846
2.1525,0.222657751109,1.15185327594
2.1525,0.227729226015,1.13381304268
2.1525,0.232788455613,1.115212723
2.1525,0.237832392413,1.09605002412
2.1525,0.242857998136,1.07632290924
2.1525,0.247862245546,1.05602955393
2.1525,0.252842120271,1.03516829487
2.1525,0.257794622619,1.01373756963
2.1525,0.26271676939,0.991735846026
2.1525,0.267605595666,0.969161538976
2.1525,0.272458156601,0.946012912668
2.1525,0.277271529193,0.922287964891
2.1525,0.282042814048,0.897984289847
2.1525,0.28676913712,0.873098914598
2.1525,0.291447651451,0.84762810299
2.1525,0.296075538878,0.821567119037
2.1525,0.300650011734,0.794909939268
2.1525,0.305168314528,0.767648900097
2.1525,0.309627725605,0.739774261504
2.1525,0.31402555878,0.711273661522
2.1525,0.318359164964,0.682131426264
2.1525,0.322625933754,0.652327685863
2.1525,0.326823295009,0.621837225111
2.1525,0.330948720395,0.59062796453
2.1525,0.33499972491,0.558658915249
2.1525,0.338973868381,0.525877366037
2.1525,0.342868756931,0.492214917442
2.1525,0.346682044427,0.457581726297
2.1525,0.350411433885,0.421857860423
2.1525,0.354054678862,0.384879759683
2.1525,0.357609584802,0.346417909648
2.1525,0.361074010363,0.306137520142
2.1525,0.364445868705,0.263522968258
2.1525,0.367723128747,0.217713826494
2.1525,0.370903816389,0.167076739514
2.1525,0.373986015705,0.107651692683
2.1525,0.376967870092,0.0168282731133
2.1525,0.379847583394,0
2.1525,0.382623420977,0
2.1525,0.385293710783,0
2.1525,0.387856844327,0
2.1525,0.390311277674,0
2.1525,0.392655532366,0
2.1525,0.394888196311,0
2.1525,0.397007924635,0
2.1525,0.399013440494,0
2.1525,0.400903535839,0
2.1525,0.402677072149,0
2.1525,0.404332981111,0
2.1525,0.405870265267,0
2.1525,0.407287998615,0
2.1525,0.408585327165,0
2.1525,0.409761469456,0
2.1525,0.410815717022,0
2.1525,0.411747434826,0
2.1525,0.412556061634,0
2.1525,0.41324111036,0
2.1525,0.413802168357,0
2.1525,0.414238897663,0
2.1525,0.414551035211,0
2.1525,0.414738392979,0
2.1525,0.414800858111,0
2.205,0,1.51336948374
2.205,6.24651316307e-05,1.51336947211
2.205,0.000249822899863,1.51336927148
2.205,0.000561960447384,1.51336832337
2.205,0.000998689754205,1.51336561231
2.205,0.00155974775092,1.51335963017
2.205,0.00224479647718,1.51334835244
2.205,0.00305342328524,1.5133292217
2.205,0.00398514108855,1.51329913661
2.205,0.00503938865514,1.51325444508
2.205,0.0062155309457,1.51319094129
2.205,0.0075128594961,1.5131038659
2.205,0.00893059284412,1.51298790929
2.205,0.0104678770002,1.51283721749
2.205,0.0121237859619,1.51264540064
2.205,0.0138973222715,1.51240554383
2.205,0.0157874176171,1.51211022002
2.205,0.0177929334759,1.51175150516
2.205,0.0199126618001,1.51132099502
2.205,0.0221453257447,1.51080982385
2.205,0.0244895804365,1.51020868468
2.205,0.0269440137839,1.50950785104
2.205,0.0295071473283,1.50869720002
2.205,0.0321774371336,1.50776623654
2.205,0.0349532747173,1.50670411875
2.205,0.0378329880186,1.50549968431
2.205,0.0408148424058,1.50414147753
2.205,0.0438970417214,1.5026177772
2.205,0.0470777293637,1.50091662499
2.205,0.0503549894054,1.49902585434
2.205,0.0537268477477,1.49693311964
2.205,0.0571912733091,1.49462592574
2.205,0.0607461792493,1.49209165745
2.205,0.0643894242258,1.48931760921
2.205,0.0681188136841,1.48629101459
2.205,0.0719321011795,1.48299907563
2.205,0.07582698973,1.479428992
2.205,0.0798011332006,1.4755679897
2.205,0.0838521377157,1.47140334941
2.205,0.0879775631017,1.46692243433
2.205,0.0921749243567,1.4621127174
2.205,0.0964416931472,1.45696180793
2.205,0.100775299331,1.45145747746
2.205,0.105173132506,1.44558768486
2.205,0.109632543582,1.4393406006
2.205,0.114150846377,1.43270463014
2.205,0.118725319233,1.42566843629
2.205,0.12335320666,1.41822096064
2.205,0.128031720991,1.4103514439
2.205,0.132758044063,1.40204944509
2.205,0.137529328917,1.39330485961
2.205,0.14234270151,1.38410793605
2.205,0.147195262445,1.37444929172
2.205,0.152084088721,1.36431992689
2.205,0.157006235492,1.35371123753
2.205,0.16195873784,1.34261502669
2.205,0.166938612565,1.33102351425
2.205,0.171942859974,1.31892934515
2.205,0.176968465698,1.30632559581
2.205,0.182012402498,1.29320577882
2.205,0.187071632096,1.27956384569
2.205,0.192143107002,1.2653941876
2.205,0.197223772347,1.25069163388
2.205,0.20231056773,1.23545144823
2.205,0.207400429055,1.21966932236
2.205,0.212490290381,1.20334136686
2.205,0.217577085764,1.18646409908
2.205,0.222657751109,1.16903442758
2.205,0.227729226015,1.15104963296
2.205,0.232788455613,1.13250734454
2.205,0.237832392413,1.11340551228
2.205,0.242857998136,1.09374237358
2.205,0.247862245546,1.07351641386
2.205,0.252842120271,1.05272632032
2.205,0.257794622619,1.03137092763
2.205,0.26271676939,1.00944915414
2.205,0.267605595666,0.986959927084
2.205,0.272458156601,0.963902094638
2.205,0.277271529193,0.940274322222
2.205,0.282042814048,0.916074969857
2.205,0.28676913712,0.891301946458
2.205,0.291447651451,0.865952535791
2.205,0.296075538878,0.840023187345
2.205,0.300650011734,0.81350926329
2.205,0.305168314528,0.786404729904
2.205,0.309627725605,0.758701777974
2.205,0.31402555878,0.730390351266
2.205,0.318359164964,0.701457554386
2.205,0.322625933754,0.671886900147
2.205,0.326823295009,0.641657339858
2.205,0.330948720395,0.610741994794
2.205,0.33499972491,0.579106467919
2.205,0.338973868381,0.546706552537
2.205,0.342868756931,0.513485051532
2.205,0.346682044427,0.479367244814
2.205,0.350411433885,0.444254228087
2.205,0.354054678862,0.408012754959
2.205,0.357609584802,0.370459032802
2.205,0.361074010363,0.331331374428
2.205,0.364445868705,0.290240557063
2.205,0.367723128747,0.246570432289
2.205,0.370903816389,0.199248860357
2.205,0.373986015705,0.146087260928
2.205,0.376967870092,0.0808082744788
2.205,0.379847583394,0
2.205,0.382623420977,0
2.205,0.385293710783,0
2.205,0.387856844327,0
2.205,0.390311277674,0
2.205,0.392655532366,0
2.205,0.394888196311,0
2.205,0.397007924635,0
2.205,0.399013440494,0
2.205,0.400903535839,0
2.205,0.402677072149,0
2.205,0.404332981111,0
2.205,0.405870265267,0
2.205,0.407287998615,0
2.205,0.408585327165,0
2.205,0.409761469456,0
2.205,0.410815717022,0
2.205,0.411747434826,0
2.205,0.412556061634,0
2.205,0.41324111036,0
2.205,0.413802168357,0
2.205,0.414238897663,0
2.205,0.414551035211,0
2.205,0.414738392979,0
2.205,0.414800858111,0
2.2575,0,1.52893308859
2.2575,6.24651316307e-05,1.52893307723
2.2575,0.000249822899863,1.52893288053
2.2575,0.000561960447384,1.52893194885
2.2575,0.000998689754205,1.52892928048
2.2575,0.00155974775092,1.52892338528
2.2575,0.00224479647718,1.52891226039
2.2575,0.00305342328524,1.52889337325
2.2575,0.00398514108855,1.52886365001
2.2575,0.00503938865514,1.52881946841
2.2575,0.0062155309457,1.5287566543
2.2575,0.0075128594961,1.52867048152
2.2575,0.00893059284412,1.52855567477
2.2575,0.0104678770002,1.52840641521
2.2575,0.0121237859619,1.52821634863
2.2575,0.0138973222715,1.52797859598
2.2575,0.0157874176171,1.52768576604
2.2575,0.0177929334759,1.52732997025
2.2575,0.0199126618001,1.52690283935
2.2575,0.0221453257447,1.52639554183
2.2575,0.0244895804365,1.52579880403
2.2575,0.0269440137839,1.52510293165
2.2575,0.0295071473283,1.52429783271
2.2575,0.0321774371336,1.52337304171
2.2575,0.0349532747173,1.52231774484
2.2575,0.0378329880186,1.52112080626
2.2575,0.0408148424058,1.51977079507
2.2575,0.0438970417214,1.51825601321
2.2575,0.0470777293637,1.51656452372
2.2575,0.0503549894054,1.5146841797
2.2575,0.0537268477477,1.51260265344
2.2575,0.0571912733091,1.51030746598
2.2575,0.0607461792493,1.5077860167
2.2575,0.0643894242258,1.50502561295
2.2575,0.0681188136841,1.50201349974
2.2575,0.0719321011795,1.49873688912
2.2575,0.07582698973,1.49518298947
2.2575,0.0798011332006,1.49133903431
2.2575,0.0838521377157,1.48719231088
2.2575,0.0879775631017,1.48273018803
2.2575,0.0921749243567,1.47794014375
2.2575,0.0964416931472,1.47280979189
2.2575,0.100775299331,1.46732690831
2.2575,0.105173132506,1.46147945621
2.2575,0.109632543582,1.45525561063
2.2575,0.114150846377,1.44864378211
2.2575,0.118725319233,1.4416326394
2.2575,0.12335320666,1.43421113114
2.2575,0.128031720991,1.42636850656
2.2575,0.132758044063,1.41809433506
2.2575,0.137529328917,1.40937852463
2.2575,0.14234270151,1.40021133908
2.2575,0.147195262445,1.39058341405
2.2575,0.152084088721,1.38048577167
2.2575,0.157006235492,1.36990983391
2.2575,0.16195873784,1.35884743442
2.2575,0.166938612565,1.347290829
2.2575,0.171942859974,1.33523270438
2.2575,0.176968465698,1.32266618546
2.2575,0.182012402498,1.30958484077
2.2575,0.187071632096,1.29598268611
2.2575,0.192143107002,1.28185418619
2.2575,0.197223772347,1.26719425432
2.2575,0.20231056773,1.25199824974
2.2575,0.207400429055,1.23626197264
2.2575,0.212490290381,1.21998165649
2.2575,0.217577085764,1.20315395766
2.2575,0.222657751109,1.1857759418
2.2575,0.227729226015,1.16784506684
2.2575,0.232788455613,1.14935916215
2.2575,0.237832392413,1.13031640342
2.2575,0.242857998136,1.11071528267
2.2575,0.247862245546,1.09055457275
2.2575,0.252842120271,1.0698332856
2.2575,0.257794622619,1.04855062313
2.2575,0.26271676939,1.02670591972
2.2575,0.267605595666,1.00429857476
2.2575,0.272458156601,0.981327973497
2.2575,0.277271529193,0.957793393884
2.2575,0.282042814048,0.933693896773
2.2575,0.28676913712,0.909028195764
2.2575,0.291447651451,0.883794502349
2.2575,0.296075538878,0.857990340545
2.2575,0.300650011734,0.831612323599
2.2575,0.305168314528,0.804655883009
2.2575,0.309627725605,0.777114936993
2.2575,0.31402555878,0.748981481118
2.2575,0.318359164964,0.720245077655
2.2575,0.322625933754,0.690892211311
2.2575,0.326823295009,0.660905466034
2.2575,0.330948720395,0.630262458142
2.2575,0.33499972491,0.598934431411
2.2575,0.338973868381,0.566884373246
2.2575,0.342868756931,0.534064435902
2.2575,0.346682044427,0.500412321231
2.2575,0.350411433885,0.465846069202
2.2575,0.354054678862,0.430256293487
2.2575,0.357609584802,0.393494144322
2.2575,0.361074010363,0.355351711243
2.2575,0.364445868705,0.315528080069
2.2575,0.367723128747,0.273565576138
2.2575,0.370903816389,0.228715867452
2.2575,0.373986015705,0.179608164
2.2575,0.376967870092,0.12316122317
2.2575,0.379847583394,0.0475540799127
2.2575,0.382623420977,0
2.2575,0.385293710783,0
2.2575,0.387856844327,0
2.2575,0.390311277674,0
2.2575,0.392655532366,0
2.2575,0.394888196311,0
2.2575,0.397007924635,0
2.2575,0.399013440494,0
2.2575,0.400903535839,0
2.2575,0.402677072149,0
2.2575,0.404332981111,0
2.2575,0.405870265267,0
2.2575,0.407287998615,0
2.2575,0.408585327165,0
2.2575,0.409761469456,0
2.2575,0.410815717022,0
2.2575,0.411747434826,0
2.2575,0.412556061634,0
2.2575,0.41324111036,0
2.2575,0.413802168357,0
2.2575,0.414238897663,0
2.2575,0.414551035211,0
2.2575,0.414738392979,0
2.2575,0.414800858111,0
2.31,0,1.54408987945
2.31,6.24651316307e-05,1.54408986835
2.31,0.000249822899863,1.54408967542
2.31,0.000561960447384,1.5440887595
2.31,0.000998689754205,1.54408613214
2.31,0.00155974775092,1.54408032058
2.31,0.00224479647718,1.54406934292
2.31,0.00305342328524,1.54405069064
2.31,0.00398514108855,1.5440213166
2.31,0.00503938865514,1.54397762746
2.31,0.0062155309457,1.54391547988
2.31,0.0075128594961,1.54383017996
2.31,0.00893059284412,1.54371648583
2.31,0.0104678770002,1.54356861291
2.31,0.0121237859619,1.54338024177
2.31,0.0138973222715,1.54314452838
2.31,0.0157874176171,1.54285411652
2.31,0.0177929334759,1.54250115239
2.31,0.0199126618001,1.54207730097
2.31,0.0221453257447,1.54157376434
2.31,0.0244895804365,1.5409813015
2.31,0.0269440137839,1.54029024979
2.31,0.0295071473283,1.53949054768
2.31,0.0321774371336,1.53857175877
2.31,0.0349532747173,1.53752309695
2.31,0.0378329880186,1.53633345251
2.31,0.0408148424058,1.53499141914
2.31,0.0438970417214,1.53348532168
2.31,0.0470777293637,1.53180324441
2.31,0.0503549894054,1.52993305997
2.31,0.0537268477477,1.52786245853
2.31,0.0571912733091,1.52557897731
2.31,0.0607461792493,1.52307003024
2.31,0.0643894242258,1.52032293771
2.31,0.0681188136841,1.51732495623
2.31,0.0719321011795,1.51406330798
2.31,0.07582698973,1.51052521015
2.31,0.0798011332006,1.50669790397
2.31,0.0838521377157,1.50256868331
2.31,0.0879775631017,1.49812492284
2.31,0.0921749243567,1.49335410565
2.31,0.0964416931472,1.48824385023
2.31,0.100775299331,1.48278193677
2.31,0.105173132506,1.47695633277
2.31,0.109632543582,1.47075521774
2.31,0.114150846377,1.46416700714
2.31,0.118725319233,1.45718037535
2.31,0.12335320666,1.44978427769
2.31,0.128031720991,1.44196797141
2.31,0.132758044063,1.4337210356
2.31,0.137529328917,1.42503339
2.31,0.14234270151,1.41589531264
2.31,0.147195262445,1.40629745623
2.31,0.152084088721,1.3962308633
2.31,0.157006235492,1.38568698003
2.31,0.16195873784,1.37465766865
2.31,0.166938612565,1.36313521843
2.31,0.171942859974,1.35111235516
2.31,0.176968465698,1.33858224899
2.31,0.182012402498,1.3255385207
2.31,0.187071632096,1.31197524611
2.31,0.192143107002,1.2978869587
2.31,0.197223772347,1.28326865019
2.31,0.20231056773,1.2681157691
2.31,0.207400429055,1.25242421692
2.31,0.212490290381,1.23619034189
2.31,0.217577085764,1.21941093014
2.31,0.222657751109,1.20208319389
2.31,0.227729226015,1.18420475639
2.31,0.232788455613,1.16577363344
2.31,0.237832392413,1.14678821084
2.31,0.242857998136,1.12724721741
2.31,0.247862245546,1.10714969303
2.31,0.252842120271,1.0864949509
2.31,0.257794622619,1.0652825332
2.31,0.26271676939,1.04351215912
2.31,0.267605595666,1.021183664
2.31,0.272458156601,0.998296927985
2.31,0.277271529193,0.974851792276
2.31,0.282042814048,0.950847960557
2.31,0.28676913712,0.926284882562
2.31,0.291447651451,0.901161615956
2.31,0.296075538878,0.875476661613
2.31,0.300650011734,0.849227766015
2.31,0.305168314528,0.822411682533
2.31,0.309627725605,0.795023880854
2.31,0.31402555878,0.767058190185
2.31,0.318359164964,0.738506356945
2.31,0.322625933754,0.709357490563
2.31,0.326823295009,0.679597360765
2.31,0.330948720395,0.649207494679
2.31,0.33499972491,0.618163999338
2.31,0.338973868381,0.586436000119
2.31,0.342868756931,0.55398353
2.31,0.346682044427,0.520754613561
2.31,0.350411433885,0.486681135247
2.31,0.354054678862,0.451672808631
2.31,0.357609584802,0.415608056681
2.31,0.361074010363,0.378319615127
2.31,0.364445868705,0.339570558222
2.31,0.367723128747,0.299011548136
2.31,0.370903816389,0.256097325469
2.31,0.373986015705,0.209901189322
2.31,0.376967870092,0.158612249547
2.31,0.379847583394,0.0975684044699
2.31,0.382623420977,0
2.31,0.385293710783,0
2.31,0.387856844327,0
2.31,0.390311277674,0
2.31,0.392655532366,0
2.31,0.394888196311,0
2.31,0.397007924635,0
2.31,0.399013440494,0
2.31,0.400903535839,0
2.31,0.402677072149,0
2.31,0.404332981111,0
2.31,0.405870265267,0
2.31,0.407287998615,0
2.31,0.408585327165,0
2.31,0.409761469456,0
2.31,0.410815717022,0
2.31,0.411747434826,0
2.31,0.412556061634,0
2.31,0.41324111036,0
2.31,0.413802168357,0
2.31,0.414238897663,0
2.31,0.414551035211,0
2.31,0.414738392979,0
2.31,0.414800858111,0
2.3625,0,1.55884481091
2.3625,6.24651316307e-05,1.55884480006
2.3625,0.000249822899863,1.55884461072
2.3625,0.000561960447384,1.55884370992
2.3625,0.000998689754205,1.55884112196
2.3625,0.00155974775092,1.55883539086
2.3625,0.00224479647718,1.55882455499
2.3625,0.00305342328524,1.55880612911
2.3625,0.00398514108855,1.55877709197
2.3625,0.00503938865514,1.55873387832
2.3625,0.0062155309457,1.55867237471
2.3625,0.0075128594961,1.55858791865
2.3625,0.00893059284412,1.5584753008
2.3625,0.0104678770002,1.55832876994
2.3625,0.0121237859619,1.55814204058
2.3625,0.0138973222715,1.55790830284
2.3625,0.0157874176171,1.55762023474
2.3625,0.0177929334759,1.55727001642
2.3625,0.0199126618001,1.55684934642
2.3625,0.0221453257447,1.55634945968
2.3625,0.0244895804365,1.55576114726
2.3625,0.0269440137839,1.55507477758
2.3625,0.0295071473283,1.55428031901
2.3625,0.0321774371336,1.55336736381
2.3625,0.0349532747173,1.55232515315
2.3625,0.0378329880186,1.55114260312
2.3625,0.0408148424058,1.54980833169
2.3625,0.0438970417214,1.54831068636
2.3625,0.0470777293637,1.5466377725
2.3625,0.0503549894054,1.54477748215
2.3625,0.0537268477477,1.54271752324
2.3625,0.0571912733091,1.54044544915
2.3625,0.0607461792493,1.5379486884
2.3625,0.0643894242258,1.53521457441
2.3625,0.0681188136841,1.53223037525
2.3625,0.0719321011795,1.52898332332
2.3625,0.07582698973,1.52546064476
2.3625,0.0798011332006,1.52164958857
2.3625,0.0838521377157,1.51753745539
2.3625,0.0879775631017,1.51311162579
2.3625,0.0921749243567,1.50835958806
2.3625,0.0964416931472,1.50326896539
2.3625,0.100775299331,1.49782754232
2.3625,0.105173132506,1.4920232906
2.3625,0.109632543582,1.48584439414
2.3625,0.114150846377,1.47927927316
2.3625,0.118725319233,1.47231660742
2.3625,0.12335320666,1.46494535856
2.3625,0.128031720991,1.45715479136
2.3625,0.132758044063,1.44893449402
2.3625,0.137529328917,1.44027439726
2.3625,0.14234270151,1.43116479238
2.3625,0.147195262445,1.42159634802
2.3625,0.152084088721,1.41156012574
2.3625,0.157006235492,1.40104759434
2.3625,0.16195873784,1.3900506427
2.3625,0.166938612565,1.37856159138
2.3625,0.171942859974,1.36657320261
2.3625,0.176968465698,1.35407868887
2.3625,0.182012402498,1.34107171974
2.3625,0.187071632096,1.32754642719
2.3625,0.192143107002,1.31349740897
2.3625,0.197223772347,1.29891973016
2.3625,0.20231056773,1.28380892271
2.3625,0.207400429055,1.26816098285
2.3625,0.212490290381,1.25197236608
2.3625,0.217577085764,1.23523997978
2.3625,0.222657751109,1.21796117303
2.3625,0.227729226015,1.20013372342
2.3625,0.232788455613,1.18175582063
2.3625,0.237832392413,1.16282604628
2.3625,0.242857998136,1.14334334971
2.3625,0.247862245546,1.12330701919
2.3625,0.252842120271,1.10271664783
2.3625,0.257794622619,1.0815720935
2.3625,0.26271676939,1.05987343193
2.3625,0.267605595666,1.03762090167
2.3625,0.272458156601,1.01481483978
2.3625,0.277271529193,0.99145560639
2.3625,0.282042814048,0.96754349609
2.3625,0.28676913712,0.943078633599
2.3625,0.291447651451,0.918060850306
2.3625,0.296075538878,0.892489537577
2.3625,0.300650011734,0.866363471428
2.3625,0.305168314528,0.839680601648
2.3625,0.309627725605,0.8124377963
2.3625,0.31402555878,0.784630529659
2.3625,0.318359164964,0.756252497587
2.3625,0.322625933754,0.727295138688
2.3625,0.326823295009,0.697747031472
2.3625,0.330948720395,0.667593125931
2.3625,0.33499972491,0.636813750328
2.3625,0.338973868381,0.605383307279
2.3625,0.342868756931,0.573268531469
2.3625,0.346682044427,0.540426114384
2.3625,0.350411433885,0.506799390371
2.3625,0.354054678862,0.472313586959
2.3625,0.357609584802,0.436868797721
2.3625,0.361074010363,0.400329181702
2.3625,0.364445868705,0.362505569755
2.3625,0.367723128747,0.323125760886
2.3625,0.370903816389,0.28177978103
2.3625,0.373986015705,0.237807993541
2.3625,0.376967870092,0.190035242779
2.3625,0.379847583394,0.135963448219
2.3625,0.382623420977,0.0676385282347
2.3625,0.385293710783,0
2.3625,0.387856844327,0
2.3625,0.390311277674,0
2.3625,0.392655532366,0
2.3625,0.394888196311,0
2.3625,0.397007924635,0
2.3625,0.399013440494,0
2.3625,0.400903535839,0
2.3625,0.402677072149,0
2.3625,0.404332981111,0
2.3625,0.405870265267,0
2.3625,0.407287998615,0
2.3625,0.408585327165,0
2.3625,0.409761469456,0
2.3625,0.410815717022,0
2.3625,0.411747434826,0
2.3625,0.412556061634,0
2.3625,0.41324111036,0
2.3625,0.413802168357,0
2.3625,0.414238897663,0
2.3625,0.414551035211,0
2.3625,0.414738392979,0
2.3625,0.414800858111,0
2.415,0,1.57320248759
2.415,6.24651316307e-05,1.57320247697
2.415,0.000249822899863,1.57320229107
2.415,0.000561960447384,1.57320140476
2.415,0.000998689754205,1.57319885465
2.415,0.00155974775092,1.57319320094
2.415,0.00224479647718,1.5731825016
2.415,0.00305342328524,1.57316429391
2.415,0.00398514108855,1.57313558173
2.415,0.00503938865514,1.57309282704
2.415,0.0062155309457,1.57303194544
2.415,0.0075128594961,1.57294830494
2.415,0.00893059284412,1.57283672786
2.415,0.0104678770002,1.57269149547
2.415,0.0121237859619,1.57250635533
2.415,0.0138973222715,1.57227453091
2.415,0.0157874176171,1.57198873362
2.415,0.0177929334759,1.57164117679
2.415,0.0199126618001,1.57122359176
2.415,0.0221453257447,1.57072724566
2.415,0.0244895804365,1.57014296096
2.415,0.0269440137839,1.56946113654
2.415,0.0295071473283,1.56867177016
2.415,0.0321774371336,1.56776448225
2.415,0.0349532747173,1.56672854082
2.415,0.0378329880186,1.56555288739
2.415,0.0408148424058,1.5642261639
2.415,0.0438970417214,1.56273674027
2.415,0.0470777293637,1.5610727427
2.415,0.0503549894054,1.55922208247
2.415,0.0537268477477,1.55717248521
2.415,0.0571912733091,1.55491152036
2.415,0.0607461792493,1.55242663099
2.415,0.0643894242258,1.54970516355
2.415,0.0681188136841,1.54673439774
2.415,0.0719321011795,1.54350157622
2.415,0.07582698973,1.53999393414
2.415,0.0798011332006,1.53619872836
2.415,0.0838521377157,1.5321032664
2.415,0.0879775631017,1.5276949348
2.415,0.0921749243567,1.52296122714
2.415,0.0964416931472,1.51788977132
2.415,0.100775299331,1.51246835628
2.415,0.105173132506,1.50668495801
2.415,0.109632543582,1.5005277647
2.415,0.114150846377,1.49398520118
2.415,0.118725319233,1.48704595239
2.415,0.12335320666,1.47969898596
2.415,0.128031720991,1.47193357377
2.415,0.132758044063,1.46373931255
2.415,0.137529328917,1.45510614333
2.415,0.14234270151,1.44602436978
2.415,0.147195262445,1.43648467544
2.415,0.152084088721,1.42647813965
2.415,0.157006235492,1.41599625231
2.415,0.16195873784,1.40503092723
2.415,0.166938612565,1.39357451416
2.415,0.171942859974,1.38161980946
2.415,0.176968465698,1.36916006513
2.415,0.182012402498,1.35618899645
2.415,0.187071632096,1.3427007879
2.415,0.192143107002,1.32869009737
2.415,0.197223772347,1.31415205857
2.415,0.20231056773,1.29908228157
2.415,0.207400429055,1.2834768512
2.415,0.212490290381,1.2673323233
2.415,0.217577085764,1.25064571865
2.415,0.222657751109,1.23341451427
2.415,0.227729226015,1.21563663194
2.415,0.232788455613,1.19731042368
2.415,0.237832392413,1.17843465384
2.415,0.242857998136,1.15900847735
2.415,0.247862245546,1.13903141378
2.415,0.252842120271,1.11850331666
2.415,0.257794622619,1.09742433719
2.415,0.26271676939,1.0757948819
2.415,0.267605595666,1.05361556288
2.415,0.272458156601,1.03088713974
2.415,0.277271529193,1.00761045156
2.415,0.282042814048,0.983786337207
2.415,0.28676913712,0.959415541619
2.415,0.291447651451,0.934498605303
2.415,0.296075538878,0.909035733412
2.415,0.300650011734,0.883026639838
2.415,0.305168314528,0.856470360448
2.415,0.309627725605,0.829365027797
2.415,0.31402555878,0.801707597317
2.415,0.318359164964,0.773493511673
2.415,0.322625933754,0.744716285385
2.415,0.326823295009,0.715366985367
2.415,0.330948720395,0.685433573651
2.415,0.33499972491,0.654900064832
2.415,0.338973868381,0.623745430171
2.415,0.342868756931,0.591942148627
2.415,0.346682044427,0.559454255153
2.415,0.350411433885,0.526234655419
2.415,0.354054678862,0.492221339475
2.415,0.357609584802,0.457331887407
2.415,0.361074010363,0.421455220048
2.415,0.364445868705,0.384438692161
2.415,0.367723128747,0.346066842748
2.415,0.370903816389,0.306024067368
2.415,0.373986015705,0.263823191262
2.415,0.376967870092,0.2186515185
2.415,0.379847583394,0.16897371453
2.415,0.382623420977,0.111127699252
2.415,0.385293710783,0.0269607290145
2.415,0.387856844327,0
2.415,0.390311277674,0
2.415,0.392655532366,0
2.415,0.394888196311,0
2.415,0.397007924635,0
2.415,0.399013440494,0
2.415,0.400903535839,0
2.415,0.402677072149,0
2.415,0.404332981111,0
2.415,0.405870265267,0
2.415,0.407287998615,0
2.415,0.408585327165,0
2.415,0.409761469456,0
2.415,0.410815717022,0
2.415,0.411747434826,0
2.415,0.412556061634,0
2.415,0.41324111036,0
2.415,0.413802168357,0
2.415,0.414238897663,0
2.415,0.414551035211,0
2.415,0.414738392979,0
2.415,0.414800858111,0
2.4675,0,1.58716719202
2.4675,6.24651316307e-05,1.58716718163
2.4675,0.000249822899863,1.58716699902
2.4675,0.000561960447384,1.58716612661
2.4675,0.000998689754205,1.58716361284
2.4675,0.00155974775092,1.58715803356
2.4675,0.00224479647718,1.58714746564
2.4675,0.00305342328524,1.58712946819
2.4675,0.00398514108855,1.58710106936
2.4675,0.00503938865514,1.58705875755
2.4675,0.0062155309457,1.58699847654
2.4675,0.0075128594961,1.58691562398
2.4675,0.00893059284412,1.58680505297
2.4675,0.0104678770002,1.5866610764
2.4675,0.0121237859619,1.58647747401
2.4675,0.0138973222715,1.58624750178
2.4675,0.0157874176171,1.58596390369
2.4675,0.0177929334759,1.58561892548
2.4675,0.0199126618001,1.58520433055
2.4675,0.0221453257447,1.5847114175
2.4675,0.0244895804365,1.58413103957
2.4675,0.0269440137839,1.58345362548
2.4675,0.0295071473283,1.58266920183
2.4675,0.0321774371336,1.5817674167
2.4675,0.0349532747173,1.58073756449
2.4675,0.0378329880186,1.57956861179
2.4675,0.0408148424058,1.57824922411
2.4675,0.0438970417214,1.57676779352
2.4675,0.0470777293637,1.57511246682
2.4675,0.0503549894054,1.57327117437
2.4675,0.0537268477477,1.57123165929
2.4675,0.0571912733091,1.56898150704
2.4675,0.0607461792493,1.56650817514
2.4675,0.0643894242258,1.56379902309
2.4675,0.0681188136841,1.56084134219
2.4675,0.0719321011795,1.55762238541
2.4675,0.07582698973,1.55412939695
2.4675,0.0798011332006,1.55034964163
2.4675,0.0838521377157,1.54627043387
2.4675,0.0879775631017,1.5418791663
2.4675,0.0921749243567,1.5371633378
2.4675,0.0964416931472,1.53211058106
2.4675,0.100775299331,1.52670868942
2.4675,0.105173132506,1.52094564305
2.4675,0.109632543582,1.5148096344
2.4675,0.114150846377,1.50828909274
2.4675,0.118725319233,1.50137270799
2.4675,0.12335320666,1.49404945346
2.4675,0.128031720991,1.48630860776
2.4675,0.132758044063,1.47813977563
2.4675,0.137529328917,1.46953290774
2.4675,0.14234270151,1.46047831936
2.4675,0.147195262445,1.45096670795
2.4675,0.152084088721,1.44098916947
2.4675,0.157006235492,1.43053721354
2.4675,0.16195873784,1.41960277726
2.4675,0.166938612565,1.40817823771
2.4675,0.171942859974,1.39625642314
2.4675,0.176968465698,1.38383062256
2.4675,0.182012402498,1.37089459402
2.4675,0.187071632096,1.35744257113
2.4675,0.192143107002,1.34346926812
2.4675,0.197223772347,1.32896988298
2.4675,0.20231056773,1.31394009889
2.4675,0.207400429055,1.29837608365
2.4675,0.212490290381,1.28227448707
2.4675,0.217577085764,1.26563243603
2.4675,0.222657751109,1.24844752724
2.4675,0.227729226015,1.23071781733
2.4675,0.232788455613,1.21244181006
2.4675,0.237832392413,1.19361844041
2.4675,0.242857998136,1.17424705517
2.4675,0.247862245546,1.1543273896
2.4675,0.252842120271,1.13385953975
2.4675,0.257794622619,1.11284392974
2.4675,0.26271676939,1.09128127342
2.4675,0.267605595666,1.06917252943
2.4675,0.272458156601,1.04651884876
2.4675,0.277271529193,1.02332151331
2.4675,0.282042814048,0.999581864157
2.4675,0.28676913712,0.975301217255
2.4675,0.291447651451,0.950480764387
2.4675,0.296075538878,0.925121456103
2.4675,0.300650011734,0.899223862809
2.4675,0.305168314528,0.872788008972
2.4675,0.309627725605,0.845813173975
2.4675,0.31402555878,0.818297651193
2.4675,0.318359164964,0.790238454146
2.4675,0.322625933754,0.761630954909
2.4675,0.326823295009,0.732468434698
2.4675,0.330948720395,0.702741519131
2.4675,0.33499972491,0.672437459825
2.4675,0.338973868381,0.641539207961
2.4675,0.342868756931,0.610024201198
2.4675,0.346682044427,0.577862747577
2.4675,0.350411433885,0.545015829986
2.4675,0.354054678862,0.511432055542
2.4675,0.357609584802,0.477043304794
2.4675,0.361074010363,0.441758333076
2.4675,0.364445868705,0.40545300816
2.4675,0.367723128747,0.36795473397
2.4675,0.370903816389,0.329016168177
2.4675,0.373986015705,0.28826755904
2.4675,0.376967870092,0.245121503802
2.4675,0.379847583394,0.198554299265
2.4675,0.382623420977,0.146480595176
2.4675,0.385293710783,0.0830005648077
2.4675,0.387856844327,0
2.4675,0.390311277674,0
2.4675,0.392655532366,0
2.4675,0.394888196311,0
2.4675,0.397007924635,0
2.4675,0.399013440494,0
2.4675,0.400903535839,0
2.4675,0.402677072149,0
2.4675,0.404332981111,0
2.4675,0.405870265267,0
2.4675,0.407287998615,0
2.4675,0.408585327165,0
2.4675,0.409761469456,0
2.4675,0.410815717022,0
2.4675,0.411747434826,0
2.4675,0.412556061634,0
2.4675,0.41324111036,0
2.4675,0.413802168357,0
2.4675,0.414238897663,0
2.4675,0.414551035211,0
2.4675,0.414738392979,0
2.4675,0.414800858111,0
2.52,0,1.60074290993
2.52,6.24651316307e-05,1.60074289975
2.52,0.000249822899863,1.60074272029
2.52,0.000561960447384,1.6007418612
2.52,0.000998689754205,1.60073938234
2.52,0.00155974775092,1.60073387461
2.52,0.00224479647718,1.60072343317
2.52,0.00305342328524,1.60070563823
2.52,0.00398514108855,1.60067754145
2.52,0.00503938865514,1.60063565685
2.52,0.0062155309457,1.60057595554
2.52,0.0075128594961,1.60049386396
2.52,0.00893059284412,1.60038426509
2.52,0.0104678770002,1.60024150258
2.52,0.0121237859619,1.6000593875
2.52,0.0138973222715,1.5998312075
2.52,0.0157874176171,1.59954973828
2.52,0.0177929334759,1.59920725724
2.52,0.0199126618001,1.59879555904
2.52,0.0221453257447,1.59830597309
2.52,0.0244895804365,1.59772938267
2.52,0.0269440137839,1.59705624577
2.52,0.0295071473283,1.59627661721
2.52,0.0321774371336,1.59538017222
2.52,0.0349532747173,1.59435623113
2.52,0.0378329880186,1.59319378512
2.52,0.0408148424058,1.59188152298
2.52,0.0438970417214,1.59040785857
2.52,0.0470777293637,1.58876095904
2.52,0.0503549894054,1.58692877359
2.52,0.0537268477477,1.58489906271
2.52,0.0571912733091,1.5826594277
2.52,0.0607461792493,1.58019734049
2.52,0.0643894242258,1.57750017353
2.52,0.0681188136841,1.57455522976
2.52,0.0719321011795,1.57134977243
2.52,0.07582698973,1.56787105484
2.52,0.0798011332006,1.56410634979
2.52,0.0838521377157,1.56004297868
2.52,0.0879775631017,1.55566834024
2.52,0.0921749243567,1.55096993875
2.52,0.0964416931472,1.54593541169
2.52,0.100775299331,1.5405525568
2.52,0.105173132506,1.53480935844
2.52,0.109632543582,1.5286940132
2.52,0.114150846377,1.52219495471
2.52,0.118725319233,1.51530087763
2.52,0.12335320666,1.50800076072
2.52,0.128031720991,1.50028388893
2.52,0.132758044063,1.49213987454
2.52,0.137529328917,1.48355867728
2.52,0.14234270151,1.47453062328
2.52,0.147195262445,1.46504642301
2.52,0.152084088721,1.45509718799
2.52,0.157006235492,1.44467444627
2.52,0.16195873784,1.43377015675
2.52,0.166938612565,1.42237672208
2.52,0.171942859974,1.41048700035
2.52,0.176968465698,1.39809431523
2.52,0.182012402498,1.3851924648
2.52,0.187071632096,1.37177572874
2.52,0.192143107002,1.35783887402
2.52,0.197223772347,1.34337715887
2.52,0.20231056773,1.328386335
2.52,0.207400429055,1.31286264794
2.52,0.212490290381,1.2968028355
2.52,0.217577085764,1.28020412395
2.52,0.222657751109,1.26306422208
2.52,0.227729226015,1.2453813127
2.52,0.232788455613,1.2271540415
2.52,0.237832392413,1.20838150298
2.52,0.242857998136,1.18906322315
2.52,0.247862245546,1.16919913855
2.52,0.252842120271,1.14878957137
2.52,0.257794622619,1.12783519992
2.52,0.26271676939,1.10633702392
2.52,0.267605595666,1.08429632398
2.52,0.272458156601,1.06171461408
2.52,0.277271529193,1.03859358617
2.52,0.282042814048,1.01493504548
2.52,0.28676913712,0.990740834621
2.52,0.291447651451,0.966012744693
2.52,0.296075538878,0.940752410439
2.52,0.300650011734,0.914961186258
2.52,0.305168314528,0.888639998738
2.52,0.309627725605,0.861789170221
2.52,0.31402555878,0.834408206265
2.52,0.318359164964,0.806495537681
2.52,0.322625933754,0.778048204746
2.52,0.326823295009,0.749061467009
2.52,0.330948720395,0.719528316101
2.52,0.33499972491,0.689438860392
2.52,0.338973868381,0.658779537749
2.52,0.342868756931,0.627532093867
2.52,0.346682044427,0.595672234898
2.52,0.350411433885,0.563167817973
2.52,0.354054678862,0.529976370272
2.52,0.357609584802,0.496041605295
2.52,0.361074010363,0.461288392845
2.52,0.364445868705,0.425615252974
2.52,0.367723128747,0.388882701314
2.52,0.370903816389,0.350894246611
2.52,0.373986015705,0.311363433801
2.52,0.376967870092,0.269851869382
2.52,0.379847583394,0.225638966367
2.52,0.382623420977,0.17739914367
2.52,0.385293710783,0.122145143016
2.52,0.387856844327,0.0484819341856
2.52,0.390311277674,0
2.52,0.392655532366,0
2.52,0.394888196311,0
2.52,0.397007924635,0
2.52,0.399013440494,0
2.52,0.400903535839,0
2.52,0.402677072149,0
2.52,0.404332981111,0
2.52,0.405870265267,0
2.52,0.407287998615,0
2.52,0.408585327165,0
2.52,0.409761469456,0
2.52,0.410815717022,0
2.52,0.411747434826,0
2.52,0.412556061634,0
2.52,0.41324111036,0
2.52,0.413802168357,0
2.52,0.414238897663,0
2.52,0.414551035211,0
2.52,0.414738392979,0
2.52,0.414800858111,0
2.5725,0,1.61393335302
2.5725,6.24651316307e-05,1.61393334304
2.5725,0.000249822899863,1.61393316659
2.5725,0.000561960447384,1.61393232028
2.5725,0.000998689754205,1.61392987492
2.5725,0.00155974775092,1.61392443596
2.5725,0.00224479647718,1.61391411621
2.5725,0.00305342328524,1.61389651627
2.5725,0.00398514108855,1.61386871056
2.5725,0.00503938865514,1.61382723789
2.5725,0.0062155309457,1.61376809591
2.5725,0.0075128594961,1.61368673894
2.5725,0.00893059284412,1.61357807902
2.5725,0.0104678770002,1.61343648969
2.5725,0.0121237859619,1.61325581247
2.5725,0.0138973222715,1.61302936583
2.5725,0.0157874176171,1.61274995641
2.5725,0.0177929334759,1.61240989243
2.5725,0.0199126618001,1.61200099908
2.5725,0.0221453257447,1.61151463581
2.5725,0.0244895804365,1.61094171533
2.5725,0.0269440137839,1.61027272418
2.5725,0.0295071473283,1.60949774487
2.5725,0.0321774371336,1.60860647921
2.5725,0.0349532747173,1.60758827295
2.5725,0.0378329880186,1.60643214147
2.5725,0.0408148424058,1.6051267964
2.5725,0.0438970417214,1.60366067308
2.5725,0.0470777293637,1.6020219587
2.5725,0.0503549894054,1.6001986211
2.5725,0.0537268477477,1.59817843789
2.5725,0.0571912733091,1.5959490261
2.5725,0.0607461792493,1.59349787194
2.5725,0.0643894242258,1.59081236076
2.5725,0.0681188136841,1.58787980705
2.5725,0.0719321011795,1.58468748437
2.5725,0.07582698973,1.58122265511
2.5725,0.0798011332006,1.57747260006
2.5725,0.0838521377157,1.57342464767
2.5725,0.0879775631017,1.56906620278
2.5725,0.0921749243567,1.5643847751
2.5725,0.0964416931472,1.55936800694
2.5725,0.100775299331,1.55400370042
2.5725,0.105173132506,1.54827984407
2.5725,0.109632543582,1.54218463855
2.5725,0.114150846377,1.53570652173
2.5725,0.118725319233,1.52883419286
2.5725,0.12335320666,1.52155663586
2.5725,0.128031720991,1.5138631417
2.5725,0.132758044063,1.50574332978
2.5725,0.137529328917,1.4971871683
2.5725,0.14234270151,1.48818499361
2.5725,0.147195262445,1.47872752835
2.5725,0.152084088721,1.46880589858
2.5725,0.157006235492,1.45841164963
2.5725,0.16195873784,1.44753676079
2.5725,0.166938612565,1.43617365864
2.5725,0.171942859974,1.42431522923
2.5725,0.176968465698,1.41195482868
2.5725,0.182012402498,1.3990862926
2.5725,0.187071632096,1.38570394383
2.5725,0.192143107002,1.3718025988
2.5725,0.197223772347,1.35737757219
2.5725,0.20231056773,1.34242467996
2.5725,0.207400429055,1.32694024053
2.5725,0.212490290381,1.31092107419
2.5725,0.217577085764,1.29436450036
2.5725,0.222657751109,1.27726833283
2.5725,0.227729226015,1.25963087258
2.5725,0.232788455613,1.24145089816
2.5725,0.237832392413,1.22272765331
2.5725,0.242857998136,1.20346083158
2.5725,0.247862245546,1.18365055755
2.5725,0.252842120271,1.16329736448
2.5725,0.257794622619,1.14240216764
2.5725,0.26271676939,1.12096623302
2.5725,0.267605595666,1.09899114063
2.5725,0.272458156601,1.07647874161
2.5725,0.277271529193,1.05343110814
2.5725,0.282042814048,1.02985047505
2.5725,0.28676913712,1.00573917153
2.5725,0.291447651451,0.981099541126
2.5725,0.296075538878,0.955933847816
2.5725,0.300650011734,0.930244165119
2.5725,0.305168314528,0.904032244711
2.5725,0.309627725605,0.877299359796
2.5725,0.31402555878,0.850046117197
2.5725,0.318359164964,0.82227223031
2.5725,0.322625933754,0.793976242548
2.5725,0.326823295009,0.765155187476
2.5725,0.330948720395,0.735804167012
2.5725,0.33499972491,0.705915822209
2.5725,0.338973868381,0.675479661192
2.5725,0.342868756931,0.644481194145
2.5725,0.346682044427,0.612900803123
2.5725,0.350411433885,0.580712240194
2.5725,0.354054678862,0.547880593099
2.5725,0.357609584802,0.514359468475
2.5725,0.361074010363,0.480086991347
2.5725,0.364445868705,0.444979951571
2.5725,0.367723128747,0.408924929202
2.5725,0.370903816389,0.371764246594
2.5725,0.373986015705,0.333272506597
2.5725,0.376967870092,0.293114622157
2.5725,0.379847583394,0.250763534487
2.5725,0.382623420977,0.205316628583
2.5725,0.385293710783,0.154995369531
2.5725,0.387856844327,0.0951687065403
2.5725,0.390311277674,0
2.5725,0.392655532366,0
2.5725,0.394888196311,0
2.5725,0.397007924635,0
2.5725,0.399013440494,0
2.5725,0.400903535839,0
2.5725,0.402677072149,0
2.5725,0.404332981111,0
2.5725,0.405870265267,0
2.5725,0.407287998615,0
2.5725,0.408585327165,0
2.5725,0.409761469456,0
2.5725,0.410815717022,0
2.5725,0.411747434826,0
2.5725,0.412556061634,0
2.5725,0.41324111036,0
2.5725,0.413802168357,0
2.5725,0.414238897663,0
2.5725,0.414551035211,0
2.5725,0.414738392979,0
2.5725,0.414800858111,0
2.625,0,1.62674197973
2.625,6.24651316307e-05,1.62674196994
2.625,0.000249822899863,1.62674179637
2.625,0.000561960447384,1.62674096229
2.625,0.000998689754205,1.62673854909
2.625,0.00155974775092,1.62673317621
2.625,0.00224479647718,1.62672297349
2.625,0.00305342328524,1.62670556125
2.625,0.00398514108855,1.62667803591
2.625,0.00503938865514,1.62663696029
2.625,0.0062155309457,1.62657835772
2.625,0.0075128594961,1.62649770961
2.625,0.00893059284412,1.62638995616
2.625,0.0104678770002,1.62624949993
2.625,0.0121237859619,1.62607021207
2.625,0.0138973222715,1.62584544101
2.625,0.0157874176171,1.62556802349
2.625,0.0177929334759,1.62523029777
2.625,0.0199126618001,1.62482411879
2.625,0.0221453257447,1.62434087533
2.625,0.0244895804365,1.62377150878
2.625,0.0269440137839,1.62310653364
2.625,0.0295071473283,1.62233605946
2.625,0.0321774371336,1.62144981408
2.625,0.0349532747173,1.62043716818
2.625,0.0378329880186,1.61928716086
2.625,0.0408148424058,1.61798852619
2.625,0.0438970417214,1.61652972061
2.625,0.0470777293637,1.61489895107
2.625,0.0503549894054,1.61308420374
2.625,0.0537268477477,1.61107327317
2.625,0.0571912733091,1.60885379193
2.625,0.0607461792493,1.60641326038
2.625,0.0643894242258,1.60373907667
2.625,0.0681188136841,1.60081856678
2.625,0.0719321011795,1.59763901451
2.625,0.07582698973,1.59418769136
2.625,0.0798011332006,1.59045188614
2.625,0.0838521377157,1.58641893428
2.625,0.0879775631017,1.58207624683
2.625,0.0921749243567,1.57741133892
2.625,0.0964416931472,1.57241185769
2.625,0.100775299331,1.56706560966
2.625,0.105173132506,1.56136058748
2.625,0.109632543582,1.55528499583
2.625,0.114150846377,1.5488272767
2.625,0.118725319233,1.54197613375
2.625,0.12335320666,1.53472055586
2.625,0.128031720991,1.52704983967
2.625,0.132758044063,1.51895361132
2.625,0.137529328917,1.51042184699
2.625,0.14234270151,1.50144489257
2.625,0.147195262445,1.49201348215
2.625,0.152084088721,1.48211875538
2.625,0.157006235492,1.47175227379
2.625,0.16195873784,1.46090603573
2.625,0.166938612565,1.44957249023
2.625,0.171942859974,1.43774454951
2.625,0.176968465698,1.42541560013
2.625,0.182012402498,1.41257951285
2.625,0.187071632096,1.399230651
2.625,0.192143107002,1.38536387739
2.625,0.197223772347,1.37097455965
2.625,0.20231056773,1.356058574
2.625,0.207400429055,1.34061230723
2.625,0.212490290381,1.32463265698
2.625,0.217577085764,1.30811703003
2.625,0.222657751109,1.29106333858
2.625,0.227729226015,1.27346999438
2.625,0.232788455613,1.25533590041
2.625,0.237832392413,1.23666044015
2.625,0.242857998136,1.21744346387
2.625,0.247862245546,1.19768527197
2.625,0.252842120271,1.17738659486
2.625,0.257794622619,1.15654856897
2.625,0.26271676939,1.13517270849
2.625,0.267605595666,1.11326087222
2.625,0.272458156601,1.09081522476
2.625,0.277271529193,1.06783819134
2.625,0.282042814048,1.044332405
2.625,0.28676913712,1.02030064507
2.625,0.291447651451,0.995745765226
2.625,0.296075538878,0.970670609121
2.625,0.300650011734,0.945077911155
2.625,0.305168314528,0.918970179219
2.625,0.309627725605,0.892349555398
2.625,0.31402555878,0.86521764952
2.625,0.318359164964,0.837575338867
2.625,0.322625933754,0.809422525373
2.625,0.326823295009,0.780757838756
2.625,0.330948720395,0.751578270164
2.625,0.33499972491,0.721878715379
2.625,0.338973868381,0.691651398717
2.625,0.342868756931,0.660885137201
2.625,0.346682044427,0.629564387404
2.625,0.350411433885,0.59766799111
2.625,0.354054678862,0.565167494964
2.625,0.357609584802,0.532024853341
2.625,0.361074010363,0.498189214003
2.625,0.364445868705,0.463592296722
2.625,0.367723128747,0.428141532902
2.625,0.370903816389,0.391709482642
2.625,0.373986015705,0.354116722497
2.625,0.376967870092,0.315102488103
2.625,0.379847583394,0.27427027852
2.625,0.382623420977,0.230975925839
2.625,0.385293710783,0.184059219992
2.625,0.387856844327,0.131017087242
2.625,0.390311277674,0.0636218029722
2.625,0.392655532366,0
2.625,0.394888196311,0
2.625,0.397007924635,0
2.625,0.399013440494,0
2.625,0.400903535839,0
2.625,0.402677072149,0
2.625,0.404332981111,0
2.625,0.405870265267,0
2.625,0.407287998615,0
2.625,0.408585327165,0
2.625,0.409761469456,0
2.625,0.410815717022,0
2.625,0.411747434826,0
2.625,0.412556061634,0
2.625,0.41324111036,0
2.625,0.413802168357,0
2.625,0.414238897663,0
2.625,0.414551035211,0
2.625,0.414738392979,0
2.625,0.414800858111,0
2.6775,0,1.63917201406
2.6775,6.24651316307e-05,1.63917200446
2.6775,0.000249822899863,1.63917183364
2.6775,0.000561960447384,1.63917101129
2.6775,0.000998689754205,1.63916862893
2.6775,0.00155974775092,1.63916331952
2.6775,0.00224479647718,1.63915322932
2.6775,0.00305342328524,1.63913599766
2.6775,0.00398514108855,1.63910874227
2.6775,0.00503938865514,1.63906804918
2.6775,0.0062155309457,1.63900996658
2.6775,0.0075128594961,1.63893000212
2.6775,0.00893059284412,1.63882312334
2.6775,0.0104678770002,1.63868376094
2.6775,0.0121237859619,1.63850581484
2.6775,0.0138973222715,1.6382826626
2.6775,0.0157874176171,1.63800717023
2.6775,0.0177929334759,1.63767170522
2.6775,0.0199126618001,1.6372681515
2.6775,0.0221453257447,1.6367879264
2.6775,0.0244895804365,1.63622199934
2.6775,0.0269440137839,1.63556091208
2.6775,0.0295071473283,1.63479480059
2.6775,0.0321774371336,1.63391341818
2.6775,0.0349532747173,1.63290615993
2.6775,0.0378329880186,1.63176208816
2.6775,0.0408148424058,1.63046995895
2.6775,0.0438970417214,1.6290182495
2.6775,0.0470777293637,1.62739518614
2.6775,0.0503549894054,1.6255887731
2.6775,0.0537268477477,1.62358682164
2.6775,0.0571912733091,1.62137697966
2.6775,0.0607461792493,1.6189467615
2.6775,0.0643894242258,1.616283578
2.6775,0.0681188136841,1.61337476654
2.6775,0.0719321011795,1.61020762113
2.6775,0.07582698973,1.6067694223
2.6775,0.0798011332006,1.60304746685
2.6775,0.0838521377157,1.59902909727
2.6775,0.0879775631017,1.59470173077
2.6775,0.0921749243567,1.5900528879
2.6775,0.0964416931472,1.58507022066
2.6775,0.100775299331,1.57974153995
2.6775,0.105173132506,1.57405484249
2.6775,0.109632543582,1.56799833693
2.6775,0.114150846377,1.56156046927
2.6775,0.118725319233,1.55472994743
2.6775,0.12335320666,1.547495765
2.6775,0.128031720991,1.53984722408
2.6775,0.132758044063,1.53177395709
2.6775,0.137529328917,1.52326594776
2.6775,0.14234270151,1.51431355095
2.6775,0.147195262445,1.50490751143
2.6775,0.152084088721,1.49503898166
2.6775,0.157006235492,1.48469953827
2.6775,0.16195873784,1.47388119754
2.6775,0.166938612565,1.46257642949
2.6775,0.171942859974,1.45077817087
2.6775,0.176968465698,1.43847983679
2.6775,0.182012402498,1.42567533098
2.6775,0.187071632096,1.41235905474
2.6775,0.192143107002,1.39852591438
2.6775,0.197223772347,1.38417132724
2.6775,0.20231056773,1.36929122607
2.6775,0.207400429055,1.35388206184
2.6775,0.212490290381,1.33794080475
2.6775,0.217577085764,1.32146494354
2.6775,0.222657751109,1.30445248272
2.6775,0.227729226015,1.28690193788
2.6775,0.232788455613,1.26881232865
2.6775,0.237832392413,1.25018316938
2.6775,0.242857998136,1.2310144571
2.6775,0.247862245546,1.2113066567
2.6775,0.252842120271,1.19106068289
2.6775,0.257794622619,1.17027787864
2.6775,0.26271676939,1.14895998975
2.6775,0.267605595666,1.12710913484
2.6775,0.272458156601,1.10472777031
2.6775,0.277271529193,1.08181864949
2.6775,0.282042814048,1.05838477502
2.6775,0.28676913712,1.03442934326
2.6775,0.291447651451,1.00995567958
2.6775,0.296075538878,0.98496716253
2.6775,0.300650011734,0.959467134931
2.6775,0.305168314528,0.933458799077
2.6775,0.309627725605,0.906945092689
2.6775,0.31402555878,0.879928541193
2.6775,0.318359164964,0.852411080713
2.6775,0.322625933754,0.824393844413
2.6775,0.326823295009,0.795876902546
2.6775,0.330948720395,0.766858943363
2.6775,0.33499972491,0.737336877552
2.6775,0.338973868381,0.707305342598
2.6775,0.342868756931,0.676756074236
2.6775,0.346682044427,0.645677098737
2.6775,0.350411433885,0.614051679476
2.6775,0.354054678862,0.581856920004
2.6775,0.357609584802,0.54906187649
2.6775,0.361074010363,0.515624951818
2.6775,0.364445868705,0.481490207651
2.6775,0.367723128747,0.446581991486
2.6775,0.370903816389,0.410796834299
2.6775,0.373986015705,0.373990711707
2.6775,0.376967870092,0.335957953963
2.6775,0.379847583394,0.296393955446
2.6775,0.382623420977,0.254823240312
2.6775,0.385293710783,0.210442756461
2.6775,0.387856844327,0.161711259642
2.6775,0.390311277674,0.1048551536
2.6775,0.392655532366,0.0184494595531
2.6775,0.394888196311,0
2.6775,0.397007924635,0
2.6775,0.399013440494,0
2.6775,0.400903535839,0
2.6775,0.402677072149,0
2.6775,0.404332981111,0
2.6775,0.405870265267,0
2.6775,0.407287998615,0
2.6775,0.408585327165,0
2.6775,0.409761469456,0
2.6775,0.410815717022,0
2.6775,0.411747434826,0
2.6775,0.412556061634,0
2.6775,0.41324111036,0
2.6775,0.413802168357,0
2.6775,0.414238897663,0
2.6775,0.414551035211,0
2.6775,0.414738392979,0
2.6775,0.414800858111,0
2.73,0,1.65122646275
2.73,6.24651316307e-05,1.65122645332
2.73,0.000249822899863,1.65122628513
2.73,0.000561960447384,1.651225474
2.73,0.000998689754205,1.65122312124
2.73,0.00155974775092,1.65121787275
2.73,0.00224479647718,1.65120789068
2.73,0.00305342328524,1.65119083269
2.73,0.00398514108855,1.65116383708
2.73,0.00503938865514,1.65112351234
2.73,0.0062155309457,1.65106593071
2.73,0.0075128594961,1.65098662524
2.73,0.00893059284412,1.65088058995
2.73,0.0104678770002,1.65074228287
2.73,0.0121237859619,1.65056563181
2.73,0.0138973222715,1.65034404261
2.73,0.0157874176171,1.65007040975
2.73,0.0177929334759,1.64973712911
2.73,0.0199126618001,1.64933611284
2.73,0.0221453257447,1.64885880609
2.73,0.0244895804365,1.64829620555
2.73,0.0269440137839,1.6476388796
2.73,0.0295071473283,1.64687699
2.73,0.0321774371336,1.64600031493
2.73,0.0349532747173,1.64499827331
2.73,0.0378329880186,1.64385995021
2.73,0.0408148424058,1.64257412327
2.73,0.0438970417214,1.64112929
2.73,0.0470777293637,1.63951369581
2.73,0.0503549894054,1.63771536267
2.73,0.0537268477477,1.63572211828
2.73,0.0571912733091,1.63352162563
2.73,0.0607461792493,1.63110141289
2.73,0.0643894242258,1.62844890343
2.73,0.0681188136841,1.62555144594
2.73,0.0719321011795,1.62239634453
2.73,0.07582698973,1.61897088874
2.73,0.0798011332006,1.61526238332
2.73,0.0838521377157,1.61125817777
2.73,0.0879775631017,1.60694569547
2.73,0.0921749243567,1.60231246241
2.73,0.0964416931472,1.5973461354
2.73,0.100775299331,1.59203452972
2.73,0.105173132506,1.58636564613
2.73,0.109632543582,1.58032769718
2.73,0.114150846377,1.57390913276
2.73,0.118725319233,1.56709866493
2.73,0.12335320666,1.5598852918
2.73,0.128031720991,1.5522583206
2.73,0.132758044063,1.54420738975
2.73,0.137529328917,1.53572249006
2.73,0.14234270151,1.5267939848
2.73,0.147195262445,1.51741262881
2.73,0.152084088721,1.5075695865
2.73,0.157006235492,1.49725644872
2.73,0.16195873784,1.48646524848
2.73,0.166938612565,1.47518847551
2.73,0.171942859974,1.46341908959
2.73,0.176968465698,1.45115053255
2.73,0.182012402498,1.43837673909
2.73,0.187071632096,1.42509214611
2.73,0.192143107002,1.41129170077
2.73,0.197223772347,1.39697086706
2.73,0.20231056773,1.38212563081
2.73,0.207400429055,1.36675250319
2.73,0.212490290381,1.35084852256
2.73,0.217577085764,1.33441125456
2.73,0.222657751109,1.31743879033
2.73,0.227729226015,1.29992974286
2.73,0.232788455613,1.28188324117
2.73,0.237832392413,1.26329892228
2.73,0.242857998136,1.24417692069
2.73,0.247862245546,1.22451785527
2.73,0.252842120271,1.20432281314
2.73,0.257794622619,1.18359333036
2.73,0.26271676939,1.16233136897
2.73,0.267605595666,1.14053928994
2.73,0.272458156601,1.11821982155
2.73,0.277271529193,1.09537602243
2.73,0.282042814048,1.07201123857
2.73,0.28676913712,1.04812905318
2.73,0.291447651451,1.02373322836
2.73,0.296075538878,0.998827636965
2.73,0.300650011734,0.97341618281
2.73,0.305168314528,0.947502706951
2.73,0.309627725605,0.921090877049
2.73,0.31402555878,0.894184056096
2.73,0.318359164964,0.866785145701
2.73,0.322625933754,0.838896397731
2.73,0.326823295009,0.810519186183
2.73,0.330948720395,0.781653728559
2.73,0.33499972491,0.752298742386
2.73,0.338973868381,0.722451017405
2.73,0.342868756931,0.692104876696
2.73,0.346682044427,0.661251489305
2.73,0.350411433885,0.629877981203
2.73,0.354054678862,0.597966267361
2.73,0.357609584802,0.565491490367
2.73,0.361074010363,0.532419891112
2.73,0.364445868705,0.498705838
2.73,0.367723128747,0.464287570964
2.73,0.370903816389,0.429080911368
2.73,0.373986015705,0.392969612447
2.73,0.376967870092,0.355789866543
2.73,0.379847583394,0.317303971917
2.73,0.382623420977,0.27715215123
2.73,0.385293710783,0.234755169187
2.73,0.387856844327,0.189087185204
2.73,0.390311277674,0.13800932823
2.73,0.392655532366,0.0751629903586
2.73,0.394888196311,0
2.73,0.397007924635,0
2.73,0.399013440494,0
2.73,0.400903535839,0
2.73,0.402677072149,0
2.73,0.404332981111,0
2.73,0.405870265267,0
2.73,0.407287998615,0
2.73,0.408585327165,0
2.73,0.409761469456,0
2.73,0.410815717022,0
2.73,0.411747434826,0
2.73,0.412556061634,0
2.73,0.41324111036,0
2.73,0.413802168357,0
2.73,0.414238897663,0
2.73,0.414551035211,0
2.73,0.414738392979,0
2.73,0.414800858111,0
2.7825,0,1.66290813088
2.7825,6.24651316307e-05,1.66290812162
2.7825,0.000249822899863,1.66290795595
2.7825,0.000561960447384,1.66290715557
2.7825,0.000998689754205,1.66290483117
2.7825,0.00155974775092,1.66289964116
2.7825,0.00224479647718,1.66288976293
2.7825,0.00305342328524,1.66287287189
2.7825,0.00398514108855,1.66284612614
2.7825,0.00503938865514,1.66280615588
2.7825,0.0062155309457,1.66274905663
2.7825,0.0075128594961,1.66267038602
2.7825,0.00893059284412,1.66256516369
2.7825,0.0104678770002,1.66242787413
2.7825,0.0121237859619,1.66225247222
2.7825,0.0138973222715,1.66203239124
2.7825,0.0157874176171,1.66176055327
2.7825,0.0177929334759,1.66142938183
2.7825,0.0199126618001,1.66103081646
2.7825,0.0221453257447,1.66055632939
2.7825,0.0244895804365,1.65999694387
2.7825,0.0269440137839,1.65934325419
2.7825,0.0295071473283,1.65858544725
2.7825,0.0321774371336,1.65771332551
2.7825,0.0349532747173,1.65671633116
2.7825,0.0378329880186,1.65558357152
2.7825,0.0408148424058,1.65430384531
2.7825,0.0438970417214,1.65286566996
2.7825,0.0470777293637,1.65125730955
2.7825,0.0503549894054,1.64946680348
2.7825,0.0537268477477,1.64748199558
2.7825,0.0571912733091,1.64529056373
2.7825,0.0607461792493,1.64288004971
2.7825,0.0643894242258,1.64023788925
2.7825,0.0681188136841,1.63735144221
2.7825,0.0719321011795,1.63420802272
2.7825,0.07582698973,1.63079492924
2.7825,0.0798011332006,1.62709947445
2.7825,0.0838521377157,1.62310901481
2.7825,0.0879775631017,1.61881097984
2.7825,0.0921749243567,1.61419290095
2.7825,0.0964416931472,1.60924243977
2.7825,0.100775299331,1.6039474159
2.7825,0.105173132506,1.59829583412
2.7825,0.109632543582,1.59227591078
2.7825,0.114150846377,1.58587609961
2.7825,0.118725319233,1.57908511664
2.7825,0.12335320666,1.57189196431
2.7825,0.128031720991,1.56428595474
2.7825,0.132758044063,1.55625673203
2.7825,0.137529328917,1.54779429365
2.7825,0.14234270151,1.5388890108
2.7825,0.147195262445,1.52953164775
2.7825,0.152084088721,1.51971338011
2.7825,0.157006235492,1.50942581206
2.7825,0.16195873784,1.49866099233
2.7825,0.166938612565,1.48741142912
2.7825,0.171942859974,1.47567010377
2.7825,0.176968465698,1.46343048323
2.7825,0.182012402498,1.45068653121
2.7825,0.187071632096,1.43743271806
2.7825,0.192143107002,1.42366402929
2.7825,0.197223772347,1.40937597267
2.7825,0.20231056773,1.39456458386
2.7825,0.207400429055,1.3792264306
2.7825,0.212490290381,1.36335861522
2.7825,0.217577085764,1.34695877556
2.7825,0.222657751109,1.33002508408
2.7825,0.227729226015,1.31255624519
2.7825,0.232788455613,1.29455149051
2.7825,0.237832392413,1.27601057209
2.7825,0.242857998136,1.25693375327
2.7825,0.247862245546,1.23732179717
2.7825,0.252842120271,1.21717595227
2.7825,0.257794622619,1.19649793522
2.7825,0.26271676939,1.17528991011
2.7825,0.267605595666,1.15355446419
2.7825,0.272458156601,1.13129457923
2.7825,0.277271529193,1.10851359818
2.7825,0.282042814048,1.08521518634
2.7825,0.28676913712,1.06140328614
2.7825,0.291447651451,1.03708206456
2.7825,0.296075538878,1.01225585179
2.7825,0.300650011734,0.986929069684
2.7825,0.305168314528,0.961106147783
2.7825,0.309627725605,0.934791424581
2.7825,0.31402555878,0.907989030702
2.7825,0.318359164964,0.880702749964
2.7825,0.322625933754,0.852935853039
2.7825,0.326823295009,0.824690896884
2.7825,0.330948720395,0.795969480925
2.7825,0.33499972491,0.766771948055
2.7825,0.338973868381,0.737097014352
2.7825,0.342868756931,0.706941305566
2.7825,0.346682044427,0.676298769993
2.7825,0.350411433885,0.645159924936
2.7825,0.354054678862,0.613510875339
2.7825,0.357609584802,0.581332014627
2.7825,0.361074010363,0.54859627276
2.7825,0.364445868705,0.515266703392
2.7825,0.367723128747,0.48129307916
2.7825,0.370903816389,0.446606949361
2.7825,0.373986015705,0.411114220663
2.7825,0.376967870092,0.374683559233
2.7825,0.379847583394,0.33712733251
2.7825,0.382623420977,0.298168244694
2.7825,0.385293710783,0.25737585555
2.7825,0.387856844327,0.214031052731
2.7825,0.390311277674,0.166782328101
2.7825,0.392655532366,0.112473199749
2.7825,0.394888196311,0.0374973128179
2.7825,0.397007924635,0
2.7825,0.399013440494,0
2.7825,0.400903535839,0
2.7825,0.402677072149,0
2.7825,0.404332981111,0
2.7825,0.405870265267,0
2.7825,0.407287998615,0
2.7825,0.408585327165,0
2.7825,0.409761469456,0
2.7825,0.410815717022,0
2.7825,0.411747434826,0
2.7825,0.412556061634,0
2.7825,0.41324111036,0
2.7825,0.413802168357,0
2.7825,0.414238897663,0
2.7825,0.414551035211,0
2.7825,0.414738392979,0
2.7825,0.414800858111,0
2.835,0,1.67421963624
2.835,6.24651316307e-05,1.67421962713
2.835,0.000249822899863,1.67421946387
2.835,0.000561960447384,1.67421867377
2.835,0.000998689754205,1.67421637654
2.835,0.00155974775092,1.67421124262
2.835,0.00224479647718,1.67420146409
2.835,0.00305342328524,1.67418473341
2.835,0.00398514108855,1.67415822785
2.835,0.00503938865514,1.67411859854
2.835,0.0062155309457,1.67406196349
2.835,0.0075128594961,1.67398390407
2.835,0.00893059284412,1.67387946473
2.835,0.0104678770002,1.6737431556
2.835,0.0121237859619,1.67356895776
2.835,0.0138973222715,1.67335033107
2.835,0.0157874176171,1.67308022442
2.835,0.0177929334759,1.67275108811
2.835,0.0199126618001,1.67235488831
2.835,0.0221453257447,1.67188312357
2.835,0.0244895804365,1.67132684293
2.835,0.0269440137839,1.67067666594
2.835,0.0295071473283,1.66992280396
2.835,0.0321774371336,1.66905508312
2.835,0.0349532747173,1.66806296831
2.835,0.0378329880186,1.66693558855
2.835,0.0408148424058,1.66566176319
2.835,0.0438970417214,1.66423002911
2.835,0.0470777293637,1.66262866868
2.835,0.0503549894054,1.66084573837
2.835,0.0537268477477,1.65886909786
2.835,0.0571912733091,1.65668643966
2.835,0.0607461792493,1.6542853189
2.835,0.0643894242258,1.65165318353
2.835,0.0681188136841,1.64877740442
2.835,0.0719321011795,1.64564530559
2.835,0.07582698973,1.64224419436
2.835,0.0798011332006,1.63856139122
2.835,0.0838521377157,1.63458425957
2.835,0.0879775631017,1.63030023504
2.835,0.0921749243567,1.62569685442
2.835,0.0964416931472,1.62076178412
2.835,0.100775299331,1.61548284806
2.835,0.105173132506,1.60984805496
2.835,0.109632543582,1.60384562493
2.835,0.114150846377,1.59746401543
2.835,0.118725319233,1.59069194632
2.835,0.12335320666,1.58351842421
2.835,0.128031720991,1.57593276586
2.835,0.132758044063,1.56792462075
2.835,0.137529328917,1.55948399264
2.835,0.14234270151,1.55060126017
2.835,0.147195262445,1.54126719647
2.835,0.152084088721,1.5314729877
2.835,0.157006235492,1.52121025048
2.835,0.16195873784,1.51047104832
2.835,0.166938612565,1.49924790671
2.835,0.171942859974,1.48753382725
2.835,0.176968465698,1.47532230044
2.835,0.182012402498,1.46260731722
2.835,0.187071632096,1.44938337936
2.835,0.192143107002,1.43564550834
2.835,0.197223772347,1.42138925306
2.835,0.20231056773,1.406610696
2.835,0.207400429055,1.39130645801
2.835,0.212490290381,1.37547370151
2.835,0.217577085764,1.35911013213
2.835,0.222657751109,1.34221399871
2.835,0.227729226015,1.32478409144
2.835,0.232788455613,1.30681973825
2.835,0.237832392413,1.28832079908
2.835,0.242857998136,1.26928765811
2.835,0.247862245546,1.24972121356
2.835,0.252842120271,1.2296228651
2.835,0.257794622619,1.20899449831
2.835,0.26271676939,1.18783846625
2.835,0.267605595666,1.16615756749
2.835,0.272458156601,1.14395502035
2.835,0.277271529193,1.12123443278
2.835,0.282042814048,1.09799976732
2.835,0.28676913712,1.07425530026
2.835,0.291447651451,1.05000557428
2.835,0.296075538878,1.02525534327
2.835,0.300650011734,1.00000950801
2.835,0.305168314528,0.974273041008
2.835,0.309627725605,0.94805089821
2.835,0.31402555878,0.921347914991
2.835,0.318359164964,0.894168682811
2.835,0.322625933754,0.866517402123
2.835,0.326823295009,0.838397705744
2.835,0.330948720395,0.809812445116
2.835,0.33499972491,0.780763429466
2.835,0.338973868381,0.751251104534
2.835,0.342868756931,0.721274152773
2.835,0.346682044427,0.690828990218
2.835,0.350411433885,0.659909125387
2.835,0.354054678862,0.628504331056
2.835,0.357609584802,0.596599557726
2.835,0.361074010363,0.564173483406
2.835,0.364445868705,0.531196539792
2.835,0.367723128747,0.497628164988
2.835,0.370903816389,0.463412879361
2.835,0.373986015705,0.428474507273
2.835,0.376967870092,0.392707354083
2.835,0.379847583394,0.355962125492
2.835,0.382623420977,0.318022183391
2.835,0.385293710783,0.278560565744
2.835,0.387856844327,0.237054430696
2.835,0.390311277674,0.192590068479
2.835,0.392655532366,0.143313298332
2.835,0.394888196311,0.0841000777575
2.835,0.397007924635,0
2.835,0.399013440494,0
2.835,0.400903535839,0
2.835,0.402677072149,0
2.835,0.404332981111,0
2.835,0.405870265267,0
2.835,0.407287998615,0
2.835,0.408585327165,0
2.835,0.409761469456,0
2.835,0.410815717022,0
2.835,0.411747434826,0
2.835,0.412556061634,0
2.835,0.41324111036,0
2.835,0.413802168357,0
2.835,0.414238897663,0
2.835,0.414551035211,0
2.835,0.414738392979,0
2.835,0.414800858111,0
2.8875,0,1.6851634223
2.8875,6.24651316307e-05,1.68516341335
2.8875,0.000249822899863,1.68516325238
2.8875,0.000561960447384,1.68516247211
2.8875,0.000998689754205,1.68516020091
2.8875,0.00155974775092,1.68515512076
2.8875,0.00224479647718,1.68514543787
2.8875,0.00305342328524,1.68512886116
2.8875,0.00398514108855,1.68510258634
2.8875,0.00503938865514,1.68506328473
2.8875,0.0062155309457,1.68500709606
2.8875,0.0075128594961,1.68492962465
2.8875,0.00893059284412,1.68482593893
2.8875,0.0104678770002,1.68469057379
2.8875,0.0121237859619,1.68451753568
2.8875,0.0138973222715,1.68430031024
2.8875,0.0157874176171,1.68403187229
2.8875,0.0177929334759,1.68370469812
2.8875,0.0199126618001,1.68331077974
2.8875,0.0221453257447,1.6828416412
2.8875,0.0244895804365,1.68228835668
2.8875,0.0269440137839,1.68164157019
2.8875,0.0295071473283,1.68089151697
2.8875,0.0321774371336,1.68002804611
2.8875,0.0349532747173,1.67904064468
2.8875,0.0378329880186,1.67791846282
2.8875,0.0408148424058,1.67665033999
2.8875,0.0438970417214,1.67522483211
2.8875,0.0470777293637,1.67363023943
2.8875,0.0503549894054,1.6718546351
2.8875,0.0537268477477,1.66988589434
2.8875,0.0571912733091,1.66771172398
2.8875,0.0607461792493,1.66531969232
2.8875,0.0643894242258,1.66269725928
2.8875,0.0681188136841,1.65983180658
2.8875,0.0719321011795,1.65671066801
2.8875,0.07582698973,1.65332115961
2.8875,0.0798011332006,1.64965060963
2.8875,0.0838521377157,1.64568638834
2.8875,0.0879775631017,1.64141593742
2.8875,0.0921749243567,1.63682679901
2.8875,0.0964416931472,1.63190664427
2.8875,0.100775299331,1.62664330135
2.8875,0.105173132506,1.6210247829
2.8875,0.109632543582,1.61503931273
2.8875,0.114150846377,1.6086753519
2.8875,0.118725319233,1.601921624
2.8875,0.12335320666,1.59476713962
2.8875,0.128031720991,1.58720121998
2.8875,0.132758044063,1.57921351962
2.8875,0.137529328917,1.57079404823
2.8875,0.14234270151,1.56193319147
2.8875,0.147195262445,1.55262173079
2.8875,0.152084088721,1.54285086223
2.8875,0.157006235492,1.53261221413
2.8875,0.16195873784,1.5218978638
2.8875,0.166938612565,1.510700353
2.8875,0.171942859974,1.49901270231
2.8875,0.176968465698,1.48682842433
2.8875,0.182012402498,1.47414153558
2.8875,0.187071632096,1.46094656729
2.8875,0.192143107002,1.44723857476
2.8875,0.197223772347,1.4330131455
2.8875,0.20231056773,1.41826640597
2.8875,0.207400429055,1.40299502691
2.8875,0.212490290381,1.38719622717
2.8875,0.217577085764,1.37086777609
2.8875,0.222657751109,1.3540079942
2.8875,0.227729226015,1.33661575226
2.8875,0.232788455613,1.31869046858
2.8875,0.237832392413,1.30023210437
2.8875,0.242857998136,1.28124115708
2.8875,0.247862245546,1.26171865166
2.8875,0.252842120271,1.24166612933
2.8875,0.257794622619,1.22108563391
2.8875,0.26271676939,1.19997969517
2.8875,0.267605595666,1.17835130921
2.8875,0.272458156601,1.1562039152
2.8875,0.277271529193,1.13354136827
2.8875,0.282042814048,1.11036790779
2.8875,0.28676913712,1.08668812066
2.8875,0.291447651451,1.06250689853
2.8875,0.296075538878,1.03782938817
2.8875,0.300650011734,1.01266093368
2.8875,0.305168314528,0.987007009118
2.8875,0.309627725605,0.960873139571
2.8875,0.31402555878,0.934264808427
2.8875,0.318359164964,0.907187347786
2.8875,0.322625933754,0.879645808247
2.8875,0.326823295009,0.851644803149
2.8875,0.330948720395,0.823188320908
2.8875,0.33499972491,0.794279497074
2.8875,0.338973868381,0.764920334993
2.8875,0.342868756931,0.735111360141
2.8875,0.346682044427,0.704851187761
2.8875,0.350411433885,0.674135975656
2.8875,0.354054678862,0.642958722542
2.8875,0.357609584802,0.611308355262
2.8875,0.361074010363,0.579168521991
2.8875,0.364445868705,0.54651596738
2.8875,0.367723128747,0.513318299051
2.8875,0.370903816389,0.479530843456
2.8875,0.373986015705,0.445092095391
2.8875,0.376967870092,0.409916912712
2.8875,0.379847583394,0.373885929779
2.8875,0.382623420977,0.336828270936
2.8875,0.385293710783,0.298491543043
2.8875,0.387856844327,0.258485407609
2.8875,0.390311277674,0.216163157508
2.8875,0.392655532366,0.170329464813
2.8875,0.394888196311,0.118293879762
2.8875,0.397007924635,0.0500880079061
2.8875,0.399013440494,0
2.8875,0.400903535839,0
2.8875,0.402677072149,0
2.8875,0.404332981111,0
2.8875,0.405870265267,0
2.8875,0.407287998615,0
2.8875,0.408585327165,0
2.8875,0.409761469456,0
2.8875,0.410815717022,0
2.8875,0.411747434826,0
2.8875,0.412556061634,0
2.8875,0.41324111036,0
2.8875,0.413802168357,0
2.8875,0.414238897663,0
2.8875,0.414551035211,0
2.8875,0.414738392979,0
2.8875,0.414800858111,0
2.94,0,1.69574177028
2.94,6.24651316307e-05,1.69574176146
2.94,0.000249822899863,1.69574160268
2.94,0.000561960447384,1.69574083182
2.94,0.000998689754205,1.69573858553
2.94,0.00155974775092,1.69573355688
2.94,0.00224479647718,1.69572396569
2.94,0.00305342328524,1.69570753669
2.94,0.00398514108855,1.69568148337
2.94,0.00503938865514,1.69564249652
2.94,0.0062155309457,1.69558673677
2.94,0.0075128594961,1.69550983063
2.94,0.00893059284412,1.69540686968
2.94,0.0104678770002,1.69527241273
2.94,0.0121237859619,1.69510049077
2.94,0.0138973222715,1.69488461435
2.94,0.0157874176171,1.69461778343
2.94,0.0177929334759,1.69429249943
2.94,0.0199126618001,1.69390077942
2.94,0.0221453257447,1.69343417221
2.94,0.0244895804365,1.6928837763
2.94,0.0269440137839,1.69224025952
2.94,0.0295071473283,1.69149388024
2.94,0.0321774371336,1.69063450995
2.94,0.0349532747173,1.68965165723
2.94,0.0378329880186,1.68853449283
2.94,0.0408148424058,1.6872718758
2.94,0.0438970417214,1.68585238061
2.94,0.0470777293637,1.68426432494
2.94,0.0503549894054,1.6824957983
2.94,0.0537268477477,1.68053469107
2.94,0.0571912733091,1.67836872412
2.94,0.0607461792493,1.67598547864
2.94,0.0643894242258,1.67337242631
2.94,0.0681188136841,1.67051695953
2.94,0.0719321011795,1.6674064217
2.94,0.07582698973,1.66402813744
2.94,0.0798011332006,1.66036944269
2.94,0.0838521377157,1.65641771448
2.94,0.0879775631017,1.65216040049
2.94,0.0921749243567,1.64758504815
2.94,0.0964416931472,1.64267933332
2.94,0.100775299331,1.63743108837
2.94,0.105173132506,1.63182832978
2.94,0.109632543582,1.62585928499
2.94,0.114150846377,1.61951241858
2.94,0.118725319233,1.61277645776
2.94,0.12335320666,1.60564041694
2.94,0.128031720991,1.59809362155
2.94,0.132758044063,1.59012573095
2.94,0.137529328917,1.58172676045
2.94,0.14234270151,1.5728871023
2.94,0.147195262445,1.56359754576
2.94,0.152084088721,1.55384929615
2.94,0.157006235492,1.54363399279
2.94,0.16195873784,1.53294372596
2.94,0.166938612565,1.52177105267
2.94,0.171942859974,1.51010901132
2.94,0.176968465698,1.49795113522
2.94,0.182012402498,1.48529146495
2.94,0.187071632096,1.47212455936
2.94,0.192143107002,1.45844550552
2.94,0.197223772347,1.44424992722
2.94,0.20231056773,1.42953399221
2.94,0.207400429055,1.41429441811
2.94,0.212490290381,1.39852847679
2.94,0.217577085764,1.38223399741
2.94,0.222657751109,1.36540936785
2.94,0.227729226015,1.34805353455
2.94,0.232788455613,1.33016600064
2.94,0.237832392413,1.31174682236
2.94,0.242857998136,1.29279660347
2.94,0.247862245546,1.27331648769
2.94,0.252842120271,1.25330814895
2.94,0.257794622619,1.23277377919
2.94,0.26271676939,1.21171607361
2.94,0.267605595666,1.19013821297
2.94,0.272458156601,1.16804384278
2.94,0.277271529193,1.14543704879
2.94,0.282042814048,1.12232232844
2.94,0.28676913712,1.09870455776
2.94,0.291447651451,1.07458895278
2.94,0.296075538878,1.04998102493
2.94,0.300650011734,1.02488652907
2.94,0.305168314528,0.999311403075
2.94,0.309627725605,0.973261697275
2.94,0.31402555878,0.946743491719
2.94,0.318359164964,0.919762798748
2.94,0.322625933754,0.892325447611
2.94,0.326823295009,0.864436946978
2.94,0.330948720395,0.836102319959
2.94,0.33499972491,0.807325904617
2.94,0.338973868381,0.77811111068
2.94,0.342868756931,0.74846012007
2.94,0.346682044427,0.718373514481
2.94,0.350411433885,0.687849807014
2.94,0.354054678862,0.656884845816
2.94,0.357609584802,0.625471044302
2.94,0.361074010363,0.593596372311
2.94,0.364445868705,0.561243011228
2.94,0.367723128747,0.528385526272
2.94,0.370903816389,0.494988327393
2.94,0.373986015705,0.461002051081
2.94,0.376967870092,0.426358248697
2.94,0.379847583394,0.390961307434
2.94,0.382623420977,0.354675622066
2.94,0.385293710783,0.317304107531
2.94,0.387856844327,0.278549658113
2.94,0.390311277674,0.23793941768
2.94,0.392655532366,0.194655540221
2.94,0.394888196311,0.147073777041
2.94,0.397007924635,0.0909471409341
2.94,0.399013440494,0
2.94,0.400903535839,0
2.94,0.402677072149,0
2.94,0.404332981111,0
2.94,0.405870265267,0
2.94,0.407287998615,0
2.94,0.408585327165,0
2.94,0.409761469456,0
2.94,0.410815717022,0
2.94,0.411747434826,0
2.94,0.412556061634,0
2.94,0.41324111036,0
2.94,0.413802168357,0
2.94,0.414238897663,0
2.94,0.414551035211,0
2.94,0.414738392979,0
2.94,0.414800858111,0
2.9925,0,1.70595681002
2.9925,6.24651316307e-05,1.70595680135
2.9925,0.000249822899863,1.70595664465
2.9925,0.000561960447384,1.70595588278
2.9925,0.000998689754205,1.70595366031
2.9925,0.00155974775092,1.70594868096
2.9925,0.00224479647718,1.70593917763
2.9925,0.00305342328524,1.70592289024
2.9925,0.00398514108855,1.70589704938
2.9925,0.00503938865514,1.70585836459
2.9925,0.0062155309457,1.70580301668
2.9925,0.0075128594961,1.7057266535
2.9925,0.00893059284412,1.70562438897
2.9925,0.0104678770002,1.70549080503
2.9925,0.0121237859619,1.70531995633
2.9925,0.0138973222715,1.70510537751
2.9925,0.0157874176171,1.70484009281
2.9925,0.0177929334759,1.70451662801
2.9925,0.0199126618001,1.70412702441
2.9925,0.0221453257447,1.70366285479
2.9925,0.0244895804365,1.70311524124
2.9925,0.0269440137839,1.70247487469
2.9925,0.0295071473283,1.70173203593
2.9925,0.0321774371336,1.70087661821
2.9925,0.0349532747173,1.69989815101
2.9925,0.0378329880186,1.69878582511
2.9925,0.0408148424058,1.69752851864
2.9925,0.0438970417214,1.69611482412
2.9925,0.0470777293637,1.69453307625
2.9925,0.0503549894054,1.69277138044
2.9925,0.0537268477477,1.69081764194
2.9925,0.0571912733091,1.68865959529
2.9925,0.0607461792493,1.68628483434
2.9925,0.0643894242258,1.68368084226
2.9925,0.0681188136841,1.68083502194
2.9925,0.0719321011795,1.67773472621
2.9925,0.07582698973,1.67436728816
2.9925,0.0798011332006,1.67072005127
2.9925,0.0838521377157,1.66678039927
2.9925,0.0879775631017,1.66253578574
2.9925,0.0921749243567,1.65797376335
2.9925,0.0964416931472,1.65308201259
2.9925,0.100775299331,1.64784837
2.9925,0.105173132506,1.64226085583
2.9925,0.109632543582,1.63630770108
2.9925,0.114150846377,1.62997737377
2.9925,0.118725319233,1.62325860457
2.9925,0.12335320666,1.61614041157
2.9925,0.128031720991,1.60861212423
2.9925,0.132758044063,1.60066340649
2.9925,0.137529328917,1.59228427894
2.9925,0.14234270151,1.58346514003
2.9925,0.147195262445,1.57419678638
2.9925,0.152084088721,1.56447043201
2.9925,0.157006235492,1.55427772656
2.9925,0.16195873784,1.54361077247
2.9925,0.166938612565,1.53246214103
2.9925,0.171942859974,1.52082488739
2.9925,0.176968465698,1.50869256431
2.9925,0.182012402498,1.49605923488
2.9925,0.187071632096,1.48291948397
2.9925,0.192143107002,1.46926842843
2.9925,0.197223772347,1.45510172614
2.9925,0.20231056773,1.44041558365
2.9925,0.207400429055,1.42520676259
2.9925,0.212490290381,1.40947258466
2.9925,0.217577085764,1.39321093521
2.9925,0.222657751109,1.37642026537
2.9925,0.227729226015,1.35909959264
2.9925,0.232788455613,1.34124849981
2.9925,0.237832392413,1.32286713231
2.9925,0.242857998136,1.30395619362
2.9925,0.247862245546,1.28451693888
2.9925,0.252842120271,1.26455116636
2.9925,0.257794622619,1.2440612068
2.9925,0.26271676939,1.2230499102
2.9925,0.267605595666,1.20152063009
2.9925,0.272458156601,1.17947720477
2.9925,0.277271529193,1.15692393531
2.9925,0.282042814048,1.13386555983
2.9925,0.28676913712,1.11030722364
2.9925,0.291447651451,1.08625444454
2.9925,0.296075538878,1.06171307265
2.9925,0.300650011734,1.03668924372
2.9925,0.305168314528,1.01118932499
2.9925,0.309627725605,0.985219852038
2.9925,0.31402555878,0.958787454954
2.9925,0.318359164964,0.931898771689
2.9925,0.322625933754,0.904560345744
2.9925,0.326823295009,0.876778504715
2.9925,0.330948720395,0.848559215117
2.9925,0.33499972491,0.8199079076
2.9925,0.338973868381,0.790829264763
2.9925,0.342868756931,0.761326961285
2.9925,0.346682044427,0.731403342507
2.9925,0.350411433885,0.701059022622
2.9925,0.354054678862,0.670292376402
2.9925,0.357609584802,0.639098887892
2.9925,0.361074010363,0.607470303744
2.9925,0.364445868705,0.575393514837
2.9925,0.367723128747,0.542849052199
2.9925,0.370903816389,0.509809022487
2.9925,0.373986015705,0.476234207104
2.9925,0.376967870092,0.442069873746
2.9925,0.379847583394,0.407239531803
2.9925,0.382623420977,0.371635257002
2.9925,0.385293710783,0.335101976613
2.9925,0.387856844327,0.29741038549
2.9925,0.390311277674,0.258206521998
2.9925,0.392655532366,0.216907475702
2.9925,0.394888196311,0.172449868164
2.9925,0.397007924635,0.122509234445
2.9925,0.399013440494,0.0593078169601
2.9925,0.400903535839,0
2.9925,0.402677072149,0
2.9925,0.404332981111,0
2.9925,0.405870265267,0
2.9925,0.407287998615,0
2.9925,0.408585327165,0
2.9925,0.409761469456,0
2.9925,0.410815717022,0
2.9925,0.411747434826,0
2.9925,0.412556061634,0
2.9925,0.41324111036,0
2.9925,0.413802168357,0
2.9925,0.414238897663,0
2.9925,0.414551035211,0
2.9925,0.414738392979,0
2.9925,0.414800858111,0
3.045,0,1.71581053016
3.045,6.24651316307e-05,1.71581052162
3.045,0.000249822899863,1.71581036691
3.045,0.000561960447384,1.71580961361
3.045,0.000998689754205,1.7158074139
3.045,0.00155974775092,1.71580248173
3.045,0.00224479647718,1.7157930625
3.045,0.00305342328524,1.71577691075
3.045,0.00398514108855,1.7157512735
3.045,0.00503938865514,1.71571287835
3.045,0.0062155309457,1.7156579255
3.045,0.0075128594961,1.71558208338
3.045,0.00893059284412,1.71548048743
3.045,0.0104678770002,1.71534774187
3.045,0.0121237859619,1.71517792422
3.045,0.0138973222715,1.71496459233
3.045,0.0157874176171,1.71470079393
3.045,0.0177929334759,1.7143790783
3.045,0.0199126618001,1.71399151017
3.045,0.0221453257447,1.71352968553
3.045,0.0244895804365,1.71298474929
3.045,0.0269440137839,1.71234741473
3.045,0.0295071473283,1.7116079844
3.045,0.0321774371336,1.71075637262
3.045,0.0349532747173,1.70978212918
3.045,0.0378329880186,1.70867446428
3.045,0.0408148424058,1.70742227459
3.045,0.0438970417214,1.70601417019
3.045,0.0470777293637,1.70443850233
3.045,0.0503549894054,1.70268339195
3.045,0.0537268477477,1.70073675871
3.045,0.0571912733091,1.6985863506
3.045,0.0607461792493,1.69621977374
3.045,0.0643894242258,1.69362452261
3.045,0.0681188136841,1.69078801032
3.045,0.0719321011795,1.68769759898
3.045,0.07582698973,1.68434062998
3.045,0.0798011332006,1.68070445421
3.045,0.0838521377157,1.67677646198
3.045,0.0879775631017,1.67254411272
3.045,0.0921749243567,1.66799496424
3.045,0.0964416931472,1.6631167016
3.045,0.100775299331,1.65789716543
3.045,0.105173132506,1.65232437971
3.045,0.109632543582,1.6463865789
3.045,0.114150846377,1.64007223437
3.045,0.118725319233,1.63337008015
3.045,0.12335320666,1.62626913786
3.045,0.128031720991,1.61875874079
3.045,0.132758044063,1.61082855723
3.045,0.137529328917,1.60246861274
3.045,0.14234270151,1.59366931165
3.045,0.147195262445,1.58442145746
3.045,0.152084088721,1.57471627237
3.045,0.157006235492,1.5645454157
3.045,0.16195873784,1.55390100129
3.045,0.166938612565,1.54277561386
3.045,0.171942859974,1.53116232421
3.045,0.176968465698,1.5190547034
3.045,0.182012402498,1.50644683566
3.045,0.187071632096,1.49333333023
3.045,0.192143107002,1.47970933198
3.045,0.197223772347,1.46557053076
3.045,0.20231056773,1.45091316958
3.045,0.207400429055,1.43573405142
3.045,0.212490290381,1.42003054476
3.045,0.217577085764,1.40380058775
3.045,0.222657751109,1.38704269093
3.045,0.227729226015,1.3697559385
3.045,0.232788455613,1.35193998807
3.045,0.237832392413,1.33359506875
3.045,0.242857998136,1.31472197761
3.045,0.247862245546,1.29532207426
3.045,0.252842120271,1.27539727355
3.045,0.257794622619,1.25495003623
3.045,0.26271676939,1.23398335725
3.045,0.267605595666,1.21250075176
3.045,0.272458156601,1.19050623827
3.045,0.277271529193,1.16800431895
3.045,0.282042814048,1.14499995643
3.045,0.28676913712,1.12149854698
3.045,0.291447651451,1.09750588926
3.045,0.296075538878,1.07302814813
3.045,0.300650011734,1.04807181285
3.045,0.305168314528,1.02264364841
3.045,0.309627725605,0.996750639088
3.045,0.31402555878,0.970399922582
3.045,0.318359164964,0.943598712889
3.045,0.322625933754,0.916354209562
3.045,0.326823295009,0.888673490364
3.045,0.330948720395,0.860563383436
3.045,0.33499972491,0.832030314024
3.045,0.338973868381,0.803080119234
3.045,0.342868756931,0.77371782224
3.045,0.346682044427,0.74394735446
3.045,0.350411433885,0.713771210191
3.045,0.354054678862,0.683190012445
3.045,0.357609584802,0.65220196037
3.045,0.361074010363,0.620802116349
3.045,0.364445868705,0.588981472277
3.045,0.367723128747,0.556725705828
3.045,0.370903816389,0.524013491983
3.045,0.373986015705,0.490814160593
3.045,0.376967870092,0.457084364474
3.045,0.379847583394,0.422763199698
3.045,0.382623420977,0.387764806874
3.045,0.385293710783,0.35196667222
3.045,0.387856844327,0.315190141833
3.045,0.390311277674,0.27716574105
3.045,0.392655532366,0.237465778012
3.045,0.394888196311,0.195356216981
3.045,0.397007924635,0.149403938375
3.045,0.399013440494,0.0960193050192
3.045,0.400903535839,0.0124472778015
3.045,0.402677072149,0
3.045,0.404332981111,0
3.045,0.405870265267,0
3.045,0.407287998615,0
3.045,0.408585327165,0
3.045,0.409761469456,0
3.045,0.410815717022,0
3.045,0.411747434826,0
3.045,0.412556061634,0
3.045,0.41324111036,0
3.045,0.413802168357,0
3.045,0.414238897663,0
3.045,0.414551035211,0
3.045,0.414738392979,0
3.045,0.414800858111,0
3.0975,0,1.72530478729
3.0975,6.24651316307e-05,1.72530477887
3.0975,0.000249822899863,1.72530462606
3.0975,0.000561960447384,1.72530388093
3.0975,0.000998689754205,1.72530170297
3.0975,0.00155974775092,1.72529681588
3.0975,0.00224479647718,1.72528747708
3.0975,0.00305342328524,1.72527145513
3.0975,0.00398514108855,1.72524601285
3.0975,0.00503938865514,1.72520789515
3.0975,0.0062155309457,1.72515332091
3.0975,0.0075128594961,1.72507797833
3.0975,0.00893059284412,1.72497702359
3.0975,0.0104678770002,1.72484508235
3.0975,0.0121237859619,1.72467625415
3.0975,0.0138973222715,1.72446411927
3.0975,0.0157874176171,1.72420174805
3.0975,0.0177929334759,1.72388171247
3.0975,0.0199126618001,1.72349609987
3.0975,0.0221453257447,1.72303652866
3.0975,0.0244895804365,1.72249416582
3.0975,0.0269440137839,1.72185974624
3.0975,0.0295071473283,1.72112359353
3.0975,0.0321774371336,1.7202756424
3.0975,0.0349532747173,1.7193054623
3.0975,0.0378329880186,1.7182022823
3.0975,0.0408148424058,1.71695501703
3.0975,0.0438970417214,1.71555229361
3.0975,0.0470777293637,1.71398247939
3.0975,0.0503549894054,1.71223371039
3.0975,0.0537268477477,1.71029392034
3.0975,0.0571912733091,1.70815087026
3.0975,0.0607461792493,1.70579217829
3.0975,0.0643894242258,1.70320534993
3.0975,0.0681188136841,1.70037780829
3.0975,0.0719321011795,1.69729692454
3.0975,0.07582698973,1.69395004822
3.0975,0.0798011332006,1.69032453747
3.0975,0.0838521377157,1.68640778909
3.0975,0.0879775631017,1.68218726822
3.0975,0.0921749243567,1.67765053774
3.0975,0.0964416931472,1.67278528722
3.0975,0.100775299331,1.66757936129
3.0975,0.105173132506,1.6620207876
3.0975,0.109632543582,1.65609780399
3.0975,0.114150846377,1.64979888508
3.0975,0.118725319233,1.64311276816
3.0975,0.12335320666,1.63602847821
3.0975,0.128031720991,1.6285353522
3.0975,0.132758044063,1.62062306252
3.0975,0.137529328917,1.61228163946
3.0975,0.14234270151,1.60350149283
3.0975,0.147195262445,1.59427343265
3.0975,0.152084088721,1.58458868879
3.0975,0.157006235492,1.57443892962
3.0975,0.16195873784,1.56381627971
3.0975,0.166938612565,1.55271333634
3.0975,0.171942859974,1.54112318504
3.0975,0.176968465698,1.52903941398
3.0975,0.182012402498,1.51645612725
3.0975,0.187071632096,1.50336795699
3.0975,0.192143107002,1.48977007432
3.0975,0.197223772347,1.47565819917
3.0975,0.20231056773,1.46102860874
3.0975,0.207400429055,1.44587814485
3.0975,0.212490290381,1.43020421994
3.0975,0.217577085764,1.41400482171
3.0975,0.222657751109,1.39727851649
3.0975,0.227729226015,1.38002445114
3.0975,0.232788455613,1.36224235347
3.0975,0.237832392413,1.34393253115
3.0975,0.242857998136,1.32509586902
3.0975,0.247862245546,1.30573382468
3.0975,0.252842120271,1.28584842227
3.0975,0.257794622619,1.26544224431
3.0975,0.26271676939,1.2445184215
3.0975,0.267605595666,1.22308062017
3.0975,0.272458156601,1.20113302735
3.0975,0.277271529193,1.17868033301
3.0975,0.282042814048,1.15572770933
3.0975,0.28676913712,1.1322807865
3.0975,0.291447651451,1.10834562465
3.0975,0.296075538878,1.08392868135
3.0975,0.300650011734,1.05903677406
3.0975,0.305168314528,1.03367703649
3.0975,0.309627725605,1.00785686819
3.0975,0.31402555878,0.981583875677
3.0975,0.318359164964,0.954865803903
3.0975,0.322625933754,0.927710455709
3.0975,0.326823295009,0.900125596939
3.0975,0.330948720395,0.872118843838
3.0975,0.33499972491,0.843697528573
3.0975,0.338973868381,0.814868537398
3.0975,0.342868756931,0.785638114291
3.0975,0.346682044427,0.756011620542
3.0975,0.350411433885,0.725993237482
3.0975,0.354054678862,0.69558559496
3.0975,0.357609584802,0.664789301501
3.0975,0.361074010363,0.633602342419
3.0975,0.364445868705,0.602019297679
3.0975,0.367723128747,0.570030309289
3.0975,0.370903816389,0.537619693516
3.0975,0.373986015705,0.504764037843
3.0975,0.376967870092,0.471429530475
3.0975,0.379847583394,0.437568111402
3.0975,0.382623420977,0.403111747764
3.0975,0.385293710783,0.367963592801
3.0975,0.387856844327,0.331983688969
3.0975,0.390311277674,0.294964475516
3.0975,0.392655532366,0.256585573288
3.0975,0.394888196311,0.216321417664
3.0975,0.397007924635,0.173222802682
3.0975,0.399013440494,0.125262428434
3.0975,0.400903535839,0.0661418227718
3.0975,0.402677072149,0
3.0975,0.404332981111,0
3.0975,0.405870265267,0
3.0975,0.407287998615,0
3.0975,0.408585327165,0
3.0975,0.409761469456,0
3.0975,0.410815717022,0
3.0975,0.411747434826,0
3.0975,0.412556061634,0
3.0975,0.41324111036,0
3.0975,0.413802168357,0
3.0975,0.414238897663,0
3.0975,0.414551035211,0
3.0975,0.414738392979,0
3.0975,0.414800858111,0
3.15,0,1.73444131452
3.15,6.24651316307e-05,1.73444130622
3.15,0.000249822899863,1.7344411552
3.15,0.000561960447384,1.73444041787
3.15,0.000998689754205,1.73443826066
3.15,0.00155974775092,1.7344334166
3.15,0.00224479647718,1.73442415466
3.15,0.00305342328524,1.73440825681
3.15,0.00398514108855,1.73438300101
3.15,0.00503938865514,1.73434514881
3.15,0.0062155309457,1.73429093701
3.15,0.0075128594961,1.73421607283
3.15,0.00893059284412,1.73411573236
3.15,0.0104678770002,1.73398456191
3.15,0.0121237859619,1.73381668221
3.15,0.0138973222715,1.73360569509
3.15,0.0157874176171,1.73334469271
3.15,0.0177929334759,1.73302626892
3.15,0.0199126618001,1.73264253287
3.15,0.0221453257447,1.73218512457
3.15,0.0244895804365,1.73164523232
3.15,0.0269440137839,1.73101361187
3.15,0.0295071473283,1.73028060718
3.15,0.0321774371336,1.72943617268
3.15,0.0349532747173,1.72846989685
3.15,0.0378329880186,1.72737102698
3.15,0.0408148424058,1.72612849514
3.15,0.0438970417214,1.72473094496
3.15,0.0470777293637,1.72316675937
3.15,0.0503549894054,1.72142408906
3.15,0.0537268477477,1.71949088141
3.15,0.0571912733091,1.71735491013
3.15,0.0607461792493,1.71500380505
3.15,0.0643894242258,1.7124250824
3.15,0.0681188136841,1.70960617505
3.15,0.0719321011795,1.70653446302
3.15,0.07582698973,1.7031973038
3.15,0.0798011332006,1.69958206265
3.15,0.0838521377157,1.6956761427
3.15,0.0879775631017,1.6914670147
3.15,0.0921749243567,1.68694224652
3.15,0.0964416931472,1.68208953213
3.15,0.100775299331,1.67689672012
3.15,0.105173132506,1.67135184168
3.15,0.109632543582,1.66544313797
3.15,0.114150846377,1.65915908679
3.15,0.118725319233,1.65248842853
3.15,0.12335320666,1.64542019144
3.15,0.128031720991,1.63794371598
3.15,0.132758044063,1.63004867842
3.15,0.137529328917,1.62172511351
3.15,0.14234270151,1.61296343626
3.15,0.147195262445,1.60375446277
3.15,0.152084088721,1.59408943012
3.15,0.157006235492,1.5839600152
3.15,0.16195873784,1.5733583526
3.15,0.166938612565,1.5622770514
3.15,0.171942859974,1.55070921093
3.15,0.176968465698,1.53864843543
3.15,0.182012402498,1.52608884761
3.15,0.187071632096,1.51302510107
3.15,0.192143107002,1.49945239162
3.15,0.197223772347,1.48536646735
3.15,0.20231056773,1.47076363762
3.15,0.207400429055,1.45564078069
3.15,0.212490290381,1.43999535025
3.15,0.217577085764,1.42382538056
3.15,0.222657751109,1.40712949031
3.15,0.227729226015,1.38990688516
3.15,0.232788455613,1.37215735881
3.15,0.237832392413,1.35388129265
3.15,0.242857998136,1.33507965385
3.15,0.247862245546,1.31575399189
3.15,0.252842120271,1.29590643331
3.15,0.257794622619,1.27553967474
3.15,0.26271676939,1.25465697394
3.15,0.267605595666,1.23326213871
3.15,0.272458156601,1.21135951361
3.15,0.277271529193,1.18895396406
3.15,0.282042814048,1.16605085781
3.15,0.28676913712,1.14265604313
3.15,0.291447651451,1.11877582368
3.15,0.296075538878,1.0944169293
3.15,0.300650011734,1.06958648228
3.15,0.305168314528,1.04429195836
3.15,0.309627725605,1.01854114157
3.15,0.31402555878,0.992342071812
3.15,0.318359164964,0.965702983797
3.15,0.322625933754,0.938632235682
3.15,0.326823295009,0.911138225148
3.15,0.330948720395,0.883229290222
3.15,0.33499972491,0.854913591262
3.15,0.338973868381,0.826198969523
3.15,0.342868756931,0.797092776302
3.15,0.346682044427,0.767601664744
3.15,0.350411433885,0.737731333722
3.15,0.354054678862,0.707486209505
3.15,0.357609584802,0.676869045601
3.15,0.361074010363,0.645880413525
3.15,0.364445868705,0.614518045905
3.15,0.367723128747,0.582775976303
3.15,0.370903816389,0.550643393885
3.15,0.373986015705,0.518103089413
3.15,0.376967870092,0.485129301221
3.15,0.379847583394,0.451684655126
3.15,0.382623420977,0.417715690636
3.15,0.385293710783,0.38314609418
3.15,0.387856844327,0.347866035205
3.15,0.390311277674,0.311714486463
3.15,0.392655532366,0.274447961237
3.15,0.394888196311,0.235680324263
3.15,0.397007924635,0.194752365506
3.15,0.399013440494,0.150394034068
3.15,0.400903535839,0.0995298347524
3.15,0.402677072149,0.0271191461819
3.15,0.404332981111,0
3.15,0.405870265267,0
3.15,0.407287998615,0
3.15,0.408585327165,0
3.15,0.409761469456,0
3.15,0.410815717022,0
3.15,0.411747434826,0
3.15,0.412556061634,0
3.15,0.41324111036,0
3.15,0.413802168357,0
3.15,0.414238897663,0
3.15,0.414551035211,0
3.15,0.414738392979,0
3.15,0.414800858111,0
3.2025,0,1.74322172928
3.2025,6.24651316307e-05,1.74322172108
3.2025,0.000249822899863,1.74322157178
3.2025,0.000561960447384,1.74322084188
3.2025,0.000998689754205,1.74321870443
3.2025,0.00155974775092,1.74321390142
3.2025,0.00224479647718,1.74320471283
3.2025,0.00305342328524,1.74318893348
3.2025,0.00398514108855,1.74316385585
3.2025,0.00503938865514,1.74312625742
3.2025,0.0062155309457,1.74307239219
3.2025,0.0075128594961,1.74299798562
3.2025,0.00893059284412,1.74289823291
3.2025,0.0104678770002,1.74276780022
3.2025,0.0121237859619,1.74260082862
3.2025,0.0138973222715,1.74239094071
3.2025,0.0157874176171,1.74213124957
3.2025,0.0177929334759,1.74181437014
3.2025,0.0199126618001,1.74143243254
3.2025,0.0221453257447,1.74097709763
3.2025,0.0244895804365,1.74043957421
3.2025,0.0269440137839,1.73981063817
3.2025,0.0295071473283,1.73908065309
3.2025,0.0321774371336,1.73823959244
3.2025,0.0349532747173,1.73727706305
3.2025,0.0378329880186,1.73618232987
3.2025,0.0408148424058,1.73494434177
3.2025,0.0438970417214,1.73355175839
3.2025,0.0470777293637,1.73199297777
3.2025,0.0503549894054,1.73025616475
3.2025,0.0537268477477,1.72832928001
3.2025,0.0571912733091,1.72620010952
3.2025,0.0607461792493,1.72385629452
3.2025,0.0643894242258,1.72128536162
3.2025,0.0681188136841,1.71847475322
3.2025,0.0719321011795,1.71541185795
3.2025,0.07582698973,1.71208404106
3.2025,0.0798011332006,1.70847867476
3.2025,0.0838521377157,1.70458316836
3.2025,0.0879775631017,1.70038499813
3.2025,0.0921749243567,1.69587173678
3.2025,0.0964416931472,1.69103108261
3.2025,0.100775299331,1.68585088806
3.2025,0.105173132506,1.68031918783
3.2025,0.109632543582,1.67442422628
3.2025,0.114150846377,1.66815448428
3.2025,0.118725319233,1.66149870524
3.2025,0.12335320666,1.65444592052
3.2025,0.128031720991,1.64698547391
3.2025,0.132758044063,1.63910704537
3.2025,0.137529328917,1.63080067386
3.2025,0.14234270151,1.62205677927
3.2025,0.147195262445,1.61286618344
3.2025,0.152084088721,1.60322013019
3.2025,0.157006235492,1.5931103044
3.2025,0.16195873784,1.58252885006
3.2025,0.166938612565,1.57146838732
3.2025,0.171942859974,1.55992202843
3.2025,0.176968465698,1.5478833927
3.2025,0.182012402498,1.53534662029
3.2025,0.187071632096,1.52230638495
3.2025,0.192143107002,1.50875790562
3.2025,0.197223772347,1.49469695686
3.2025,0.20231056773,1.48011987815
3.2025,0.207400429055,1.46502358198
3.2025,0.212490290381,1.44940556075
3.2025,0.217577085764,1.4332638924
3.2025,0.222657751109,1.41659724477
3.2025,0.227729226015,1.39940487869
3.2025,0.232788455613,1.38168664967
3.2025,0.237832392413,1.36344300824
3.2025,0.242857998136,1.34467499879
3.2025,0.247862245546,1.32538425689
3.2025,0.252842120271,1.30557300507
3.2025,0.257794622619,1.28524404682
3.2025,0.26271676939,1.2644007588
3.2025,0.267605595666,1.24304708119
3.2025,0.272458156601,1.22118750578
3.2025,0.277271529193,1.19882706192
3.2025,0.282042814048,1.17597129983
3.2025,0.28676913712,1.15262627116
3.2025,0.291447651451,1.12879850638
3.2025,0.296075538878,1.10449498861
3.2025,0.300650011734,1.0797231234
3.2025,0.305168314528,1.05449070382
3.2025,0.309627725605,1.02880587008
3.2025,0.31402555878,1.00267706286
3.2025,0.318359164964,0.97611296899
3.2025,0.322625933754,0.949122458158
3.2025,0.326823295009,0.921714508782
3.2025,0.330948720395,0.893898120643
3.2025,0.33499972491,0.865682211342
3.2025,0.338973868381,0.837075492695
3.2025,0.342868756931,0.808086322056
3.2025,0.346682044427,0.778722521965
3.2025,0.350411433885,0.748991159368
3.2025,0.354054678862,0.718898272641
3.2025,0.357609584802,0.688448530402
3.2025,0.361074010363,0.657644800011
3.2025,0.364445868705,0.626487594755
3.2025,0.367723128747,0.594974355453
3.2025,0.370903816389,0.563098502065
3.2025,0.373986015705,0.530848159387
3.2025,0.376967870092,0.498204410379
3.2025,0.379847583394,0.465138846978
3.2025,0.382623420977,0.431610044247
3.2025,0.385293710783,0.397558325333
3.2025,0.387856844327,0.362897696481
3.2025,0.390311277674,0.327502850619
3.2025,0.392655532366,0.291187012416
3.2025,0.394888196311,0.253661326761
3.2025,0.397007924635,0.214452761756
3.2025,0.399013440494,0.172713128796
3.2025,0.400903535839,0.126663635693
3.2025,0.402677072149,0.0710798183003
3.2025,0.404332981111,0
3.2025,0.405870265267,0
3.2025,0.407287998615,0
3.2025,0.408585327165,0
3.2025,0.409761469456,0
3.2025,0.410815717022,0
3.2025,0.411747434826,0
3.2025,0.412556061634,0
3.2025,0.41324111036,0
3.2025,0.413802168357,0
3.2025,0.414238897663,0
3.2025,0.414551035211,0
3.2025,0.414738392979,0
3.2025,0.414800858111,0
3.255,0,1.75164754052
3.255,6.24651316307e-05,1.75164753243
3.255,0.000249822899863,1.75164738476
3.255,0.000561960447384,1.75164666191
3.255,0.000998689754205,1.75164454328
3.255,0.00155974775092,1.75163977938
3.255,0.00224479647718,1.75163066071
3.255,0.00305342328524,1.75161499439
3.255,0.00398514108855,1.75159008677
3.255,0.00503938865514,1.75155273059
3.255,0.0062155309457,1.75149919631
3.255,0.0075128594961,1.75142522689
3.255,0.00893059284412,1.75132603585
3.255,0.0104678770002,1.75119630836
3.255,0.0121237859619,1.75103020504
3.255,0.0138973222715,1.75082136838
3.255,0.0157874176171,1.75056293162
3.255,0.0177929334759,1.7502475299
3.255,0.0199126618001,1.74986731355
3.255,0.0221453257447,1.74941396342
3.255,0.0244895804365,1.74887870809
3.255,0.0269440137839,1.7482523428
3.255,0.0295071473283,1.74752525005
3.255,0.0321774371336,1.74668742163
3.255,0.0349532747173,1.7457284821
3.255,0.0378329880186,1.74463771339
3.255,0.0408148424058,1.74340408064
3.255,0.0438970417214,1.74201625891
3.255,0.0470777293637,1.74046266085
3.255,0.0503549894054,1.73873146502
3.255,0.0537268477477,1.73681064491
3.255,0.0571912733091,1.73468799843
3.255,0.0607461792493,1.73235117781
3.255,0.0643894242258,1.72978771979
3.255,0.0681188136841,1.72698507601
3.255,0.0719321011795,1.72393064345
3.255,0.07582698973,1.72061179493
3.255,0.0798011332006,1.71701590942
3.255,0.0838521377157,1.71313040227
3.255,0.0879775631017,1.7089427551
3.255,0.0921749243567,1.70444054539
3.255,0.0964416931472,1.69961147565
3.255,0.100775299331,1.69444340209
3.255,0.105173132506,1.6889243628
3.255,0.109632543582,1.68304260528
3.255,0.114150846377,1.67678661335
3.255,0.118725319233,1.67014513336
3.255,0.12335320666,1.66310719962
3.255,0.128031720991,1.65566215911
3.255,0.132758044063,1.64779969528
3.255,0.137529328917,1.63950985106
3.255,0.14234270151,1.63078305093
3.255,0.147195262445,1.62161012212
3.255,0.152084088721,1.61198231478
3.255,0.157006235492,1.60189132129
3.255,0.16195873784,1.59132929443
3.255,0.166938612565,1.58028886472
3.255,0.171942859974,1.56876315652
3.255,0.176968465698,1.55674580326
3.255,0.182012402498,1.54423096145
3.255,0.187071632096,1.53121332374
3.255,0.192143107002,1.51768813074
3.255,0.197223772347,1.50365118183
3.255,0.20231056773,1.48909884475
3.255,0.207400429055,1.4740280641
3.255,0.212490290381,1.45843636858
3.255,0.217577085764,1.44232187709
3.255,0.222657751109,1.42568330358
3.255,0.227729226015,1.40851996062
3.255,0.232788455613,1.39083176169
3.255,0.237832392413,1.37261922212
3.255,0.242857998136,1.35388345868
3.255,0.247862245546,1.33462618763
3.255,0.252842120271,1.31484972137
3.255,0.257794622619,1.29455696344
3.255,0.26271676939,1.27375140179
3.255,0.267605595666,1.25243710035
3.255,0.272458156601,1.23061868856
3.255,0.277271529193,1.20830134881
3.255,0.282042814048,1.18549080164
3.255,0.28676913712,1.16219328829
3.255,0.291447651451,1.13841555047
3.255,0.296075538878,1.11416480695
3.255,0.300650011734,1.08944872649
3.255,0.305168314528,1.06427539661
3.255,0.309627725605,1.03865328763
3.255,0.31402555878,1.01259121097
3.255,0.318359164964,0.986098270992
3.255,0.322625933754,0.959183808907
3.255,0.326823295009,0.931857337275
3.255,0.330948720395,0.904128463129
3.255,0.33499972491,0.876006797159
3.255,0.338973868381,0.84750184574
3.255,0.342868756931,0.818622881581
3.255,0.346682044427,0.789378787518
3.255,0.350411433885,0.759777866185
3.255,0.354054678862,0.729827605859
3.255,0.357609584802,0.699534389392
3.255,0.361074010363,0.668903128233
3.255,0.364445868705,0.637936796567
3.255,0.367723128747,0.606635830204
3.255,0.370903816389,0.574997339279
3.255,0.373986015705,0.543014059827
3.255,0.376967870092,0.510672931358
3.255,0.379847583394,0.477953125814
3.255,0.382623420977,0.44482324922
3.255,0.385293710783,0.411237255047
3.255,0.387856844327,0.377128273539
3.255,0.390311277674,0.342398911774
3.255,0.392655532366,0.306905231025
3.255,0.394888196311,0.270428564356
3.255,0.397007924635,0.232621680807
3.255,0.399013440494,0.192893515658
3.255,0.400903535839,0.150116539991
3.255,0.402677072149,0.101632097632
3.255,0.404332981111,0.0361533495275
3.255,0.405870265267,0
3.255,0.407287998615,0
3.255,0.408585327165,0
3.255,0.409761469456,0
3.255,0.410815717022,0
3.255,0.411747434826,0
3.255,0.412556061634,0
3.255,0.41324111036,0
3.255,0.413802168357,0
3.255,0.414238897663,0
3.255,0.414551035211,0
3.255,0.414738392979,0
3.255,0.414800858111,0
3.3075,0,1.75972015537
3.3075,6.24651316307e-05,1.75972014738
3.3075,0.000249822899863,1.75972000125
3.3075,0.000561960447384,1.75971928511
3.3075,0.000998689754205,1.75971718436
3.3075,0.00155974775092,1.75971245768
3.3075,0.00224479647718,1.75970340557
3.3075,0.00305342328524,1.75968784691
3.3075,0.00398514108855,1.75966310128
3.3075,0.00503938865514,1.75962597604
3.3075,0.0062155309457,1.75957275736
3.3075,0.0075128594961,1.75949920494
3.3075,0.00893059284412,1.75940054985
3.3075,0.0104678770002,1.75927149547
3.3075,0.0121237859619,1.75910622112
3.3075,0.0138973222715,1.75889838838
3.3075,0.0157874176171,1.7586411498
3.3075,0.0177929334759,1.7583271599
3.3075,0.0199126618001,1.7579485884
3.3075,0.0221453257447,1.75749713537
3.3075,0.0244895804365,1.75696404834
3.3075,0.0269440137839,1.75634014118
3.3075,0.0295071473283,1.75561581455
3.3075,0.0321774371336,1.75478107789
3.3075,0.0349532747173,1.75382557278
3.3075,0.0378329880186,1.75273859755
3.3075,0.0408148424058,1.75150913296
3.3075,0.0438970417214,1.75012586898
3.3075,0.0470777293637,1.74857723232
3.3075,0.0503549894054,1.74685141478
3.3075,0.0537268477477,1.74493640224
3.3075,0.0571912733091,1.74282000412
3.3075,0.0607461792493,1.74048988333
3.3075,0.0643894242258,1.73793358638
3.3075,0.0681188136841,1.73513857385
3.3075,0.0719321011795,1.73209225087
3.3075,0.07582698973,1.72878199755
3.3075,0.0798011332006,1.72519519947
3.3075,0.0838521377157,1.72131927783
3.3075,0.0879775631017,1.71714171948
3.3075,0.0921749243567,1.71265010653
3.3075,0.0964416931472,1.70783214558
3.3075,0.100775299331,1.70267569654
3.3075,0.105173132506,1.69716880077
3.3075,0.109632543582,1.69129970883
3.3075,0.114150846377,1.6850569074
3.3075,0.118725319233,1.67842914563
3.3075,0.12335320666,1.67140546069
3.3075,0.128031720991,1.66397520256
3.3075,0.132758044063,1.65612805802
3.3075,0.137529328917,1.64785407373
3.3075,0.14234270151,1.63914367851
3.3075,0.147195262445,1.62998770463
3.3075,0.152084088721,1.62037740818
3.3075,0.157006235492,1.61030448854
3.3075,0.16195873784,1.59976110677
3.3075,0.166938612565,1.58873990305
3.3075,0.171942859974,1.5772340131
3.3075,0.176968465698,1.56523708358
3.3075,0.182012402498,1.55274328631
3.3075,0.187071632096,1.53974733163
3.3075,0.192143107002,1.52624448047
3.3075,0.197223772347,1.51223055545
3.3075,0.20231056773,1.49770195083
3.3075,0.207400429055,1.48265564125
3.3075,0.212490290381,1.46708918948
3.3075,0.217577085764,1.45100075281
3.3075,0.222657751109,1.43438908839
3.3075,0.227729226015,1.4172535573
3.3075,0.232788455613,1.39959412733
3.3075,0.237832392413,1.38141137455
3.3075,0.242857998136,1.3627064835
3.3075,0.247862245546,1.34348124601
3.3075,0.252842120271,1.32373805861
3.3075,0.257794622619,1.30347991846
3.3075,0.26271676939,1.2827104176
3.3075,0.267605595666,1.26143373564
3.3075,0.272458156601,1.23965463059
3.3075,0.277271529193,1.21737842775
3.3075,0.282042814048,1.19461100651
3.3075,0.28676913712,1.17135878482
3.3075,0.291447651451,1.14762870111
3.3075,0.296075538878,1.12342819336
3.3075,0.300650011734,1.09876517487
3.3075,0.305168314528,1.07364800646
3.3075,0.309627725605,1.04808546429
3.3075,0.31402555878,1.02208670288
3.3075,0.318359164964,0.995661212313
3.3075,0.322625933754,0.968818768571
3.3075,0.326823295009,0.941569375774
3.3075,0.330948720395,0.913923198562
3.3075,0.33499972491,0.885890482518
3.3075,0.338973868381,0.857481459922
3.3075,0.342868756931,0.828706237298
3.3075,0.346682044427,0.799574660199
3.3075,0.350411433885,0.770096149196
3.3075,0.354054678862,0.740279499084
3.3075,0.357609584802,0.710132630555
3.3075,0.361074010363,0.679662279712
3.3075,0.364445868705,0.648873605206
3.3075,0.367723128747,0.61776968467
3.3075,0.370903816389,0.586350860021
3.3075,0.373986015705,0.55461387276
3.3075,0.376967870092,0.522550701767
3.3075,0.379847583394,0.490146970095
3.3075,0.382623420977,0.457379711278
3.3075,0.385293710783,0.424214155389
3.3075,0.387856844327,0.390598961932
3.3075,0.390311277674,0.356458888131
3.3075,0.392655532366,0.321683004874
3.3075,0.394888196311,0.28610468655
3.3075,0.397007924635,0.249465142873
3.3075,0.399013440494,0.211340341967
3.3075,0.400903535839,0.170973376318
3.3075,0.402677072149,0.126798920983
3.3075,0.404332981111,0.0744149114877
3.3075,0.405870265267,0
3.3075,0.407287998615,0
3.3075,0.408585327165,0
3.3075,0.409761469456,0
3.3075,0.410815717022,0
3.3075,0.411747434826,0
3.3075,0.412556061634,0
3.3075,0.41324111036,0
3.3075,0.413802168357,0
3.3075,0.414238897663,0
3.3075,0.414551035211,0
3.3075,0.414738392979,0
3.3075,0.414800858111,0
3.36,0,1.76744088523
3.36,6.24651316307e-05,1.76744087734
3.36,0.000249822899863,1.76744073267
3.36,0.000561960447384,1.76744002288
3.36,0.000998689754205,1.76743793912
3.36,0.00155974775092,1.76743324779
3.36,0.00224479647718,1.76742425895
3.36,0.00305342328524,1.76740880267
3.36,0.00398514108855,1.76738421118
3.36,0.00503938865514,1.76734730573
3.36,0.0062155309457,1.76729438755
3.36,0.0075128594961,1.7672212323
3.36,0.00893059284412,1.76712308781
3.36,0.0104678770002,1.76699467485
3.36,0.0121237859619,1.76683019067
3.36,0.0138973222715,1.76662331509
3.36,0.0157874176171,1.76636721914
3.36,0.0177929334759,1.7660545759
3.36,0.0199126618001,1.76567757365
3.36,0.0221453257447,1.76522793087
3.36,0.0244895804365,1.76469691329
3.36,0.0269440137839,1.76407535261
3.36,0.0295071473283,1.76335366693
3.36,0.0321774371336,1.76252188263
3.36,0.0349532747173,1.76156965764
3.36,0.0378329880186,1.76048630603
3.36,0.0408148424058,1.7592608236
3.36,0.0438970417214,1.75788191464
3.36,0.0470777293637,1.7563380194
3.36,0.0503549894054,1.75461734244
3.36,0.0537268477477,1.75270788156
3.36,0.0571912733091,1.75059745731
3.36,0.0607461792493,1.74827374286
3.36,0.0643894242258,1.74572429419
3.36,0.0681188136841,1.74293658053
3.36,0.0719321011795,1.73989801485
3.36,0.07582698973,1.73659598438
3.36,0.0798011332006,1.73301788105
3.36,0.0838521377157,1.72915113177
3.36,0.0879775631017,1.72498322846
3.36,0.0921749243567,1.72050175771
3.36,0.0964416931472,1.71569443012
3.36,0.100775299331,1.71054910916
3.36,0.105173132506,1.70505383941
3.36,0.109632543582,1.69919687435
3.36,0.114150846377,1.69296670343
3.36,0.118725319233,1.6863520785
3.36,0.12335320666,1.67934203945
3.36,0.128031720991,1.67192593914
3.36,0.132758044063,1.66409346746
3.36,0.137529328917,1.65583467463
3.36,0.14234270151,1.64713999351
3.36,0.147195262445,1.6380002611
3.36,0.152084088721,1.62840673909
3.36,0.157006235492,1.61835113338
3.36,0.16195873784,1.60782561277
3.36,0.166938612565,1.59682282652
3.36,0.171942859974,1.58533592096
3.36,0.176968465698,1.57335855508
3.36,0.182012402498,1.5608849151
3.36,0.187071632096,1.54790972787
3.36,0.192143107002,1.53442827336
3.36,0.197223772347,1.52043639596
3.36,0.20231056773,1.50593051472
3.36,0.207400429055,1.49090763248
3.36,0.212490290381,1.47536534385
3.36,0.217577085764,1.45930184212
3.36,0.222657751109,1.4427159249
3.36,0.227729226015,1.42560699867
3.36,0.232788455613,1.4079750821
3.36,0.237832392413,1.38982080811
3.36,0.242857998136,1.37114542468
3.36,0.247862245546,1.35195079435
3.36,0.252842120271,1.33223939237
3.36,0.257794622619,1.31201430342
3.36,0.26271676939,1.29127921683
3.36,0.267605595666,1.27003842029
3.36,0.272458156601,1.24829679186
3.36,0.277271529193,1.22605979015
3.36,0.282042814048,1.20333344269
3.36,0.28676913712,1.18012433205
3.36,0.291447651451,1.15643957979
3.36,0.296075538878,1.13228682769
3.36,0.300650011734,1.10767421627
3.36,0.305168314528,1.08261035986
3.36,0.309627725605,1.05710431807
3.36,0.31402555878,1.03116556289
3.36,0.318359164964,1.00480394073
3.36,0.322625933754,0.978029628578
3.36,0.326823295009,0.950853083048
3.36,0.330948720395,0.923284981031
3.36,0.33499972491,0.895336150033
3.36,0.338973868381,0.867017486015
3.36,0.342868756931,0.838339855749
3.36,0.346682044427,0.809313979891
3.36,0.350411433885,0.779950291798
3.36,0.354054678862,0.750258765476
3.36,0.357609584802,0.720248703856
3.36,0.361074010363,0.689928475465
3.36,0.364445868705,0.659305183132
3.36,0.367723128747,0.628384241975
3.36,0.370903816389,0.597168834447
3.36,0.373986015705,0.565659196072
3.36,0.376967870092,0.533851663626
3.36,0.379847583394,0.501737383097
3.36,0.382623420977,0.469300518712
3.36,0.385293710783,0.436515710179
3.36,0.387856844327,0.403344360694
3.36,0.390311277674,0.369729037172
3.36,0.392655532366,0.335584682465
3.36,0.394888196311,0.300784138641
3.36,0.397007924635,0.265132789854
3.36,0.399013440494,0.228320432425
3.36,0.400903535839,0.189819250954
3.36,0.402677072149,0.148629135444
3.36,0.404332981111,0.102440218303
3.36,0.405870265267,0.0423417176406
3.36,0.407287998615,0
3.36,0.408585327165,0
3.36,0.409761469456,0
3.36,0.410815717022,0
3.36,0.411747434826,0
3.36,0.412556061634,0
3.36,0.41324111036,0
3.36,0.413802168357,0
3.36,0.414238897663,0
3.36,0.414551035211,0
3.36,0.414738392979,0
3.36,0.414800858111,0
3.4125,0,1.77481095141
3.4125,6.24651316307e-05,1.7748109436
3.4125,0.000249822899863,1.77481080032
3.4125,0.000561960447384,1.77481009655
3.4125,0.000998689754205,1.77480802889
3.4125,0.00155974775092,1.77480337109
3.4125,0.00224479647718,1.77479444229
3.4125,0.00305342328524,1.77477908322
3.4125,0.00398514108855,1.77475463813
3.4125,0.00503938865514,1.77471794153
3.4125,0.0062155309457,1.77466530896
3.4125,0.0075128594961,1.77459253131
3.4125,0.00893059284412,1.77449487241
3.4125,0.0104678770002,1.77436706964
3.4125,0.0121237859619,1.7742033373
3.4125,0.0138973222715,1.77399737266
3.4125,0.0157874176171,1.77374236439
3.4125,0.0177929334759,1.77343100333
3.4125,0.0199126618001,1.77305549548
3.4125,0.0221453257447,1.77260757693
3.4125,0.0244895804365,1.7720785308
3.4125,0.0269440137839,1.7714592059
3.4125,0.0295071473283,1.77074003699
3.4125,0.0321774371336,1.76991106668
3.4125,0.0349532747173,1.76896196858
3.4125,0.0378329880186,1.76788207184
3.4125,0.0408148424058,1.7666603867
3.4125,0.0438970417214,1.76528563117
3.4125,0.0470777293637,1.76374625851
3.4125,0.0503549894054,1.76203048555
3.4125,0.0537268477477,1.76012632155
3.4125,0.0571912733091,1.75802159775
3.4125,0.0607461792493,1.75570399722
3.4125,0.0643894242258,1.75316108505
3.4125,0.0681188136841,1.7503803388
3.4125,0.0719321011795,1.74734917903
3.4125,0.07582698973,1.74405499981
3.4125,0.0798011332006,1.74048519925
3.4125,0.0838521377157,1.73662720977
3.4125,0.0879775631017,1.73246852817
3.4125,0.0921749243567,1.72799674542
3.4125,0.0964416931472,1.72319957598
3.4125,0.100775299331,1.71806488676
3.4125,0.105173132506,1.71258072545
3.4125,0.109632543582,1.70673534837
3.4125,0.114150846377,1.70051724765
3.4125,0.118725319233,1.69391517769
3.4125,0.12335320666,1.686918181
3.4125,0.128031720991,1.67951561315
3.4125,0.132758044063,1.67169716701
3.4125,0.137529328917,1.66345289611
3.4125,0.14234270151,1.65477323713
3.4125,0.147195262445,1.64564903151
3.4125,0.152084088721,1.63607154615
3.4125,0.157006235492,1.62603249308
3.4125,0.16195873784,1.61552404833
3.4125,0.166938612565,1.60453886961
3.4125,0.171942859974,1.59307011319
3.4125,0.176968465698,1.58111144963
3.4125,0.182012402498,1.56865707853
3.4125,0.187071632096,1.55570174223
3.4125,0.192143107002,1.5422407385
3.4125,0.197223772347,1.52826993209
3.4125,0.20231056773,1.51378576524
3.4125,0.207400429055,1.49878526716
3.4125,0.212490290381,1.48326606229
3.4125,0.217577085764,1.46722637755
3.4125,0.222657751109,1.45066504843
3.4125,0.227729226015,1.4335815239
3.4125,0.232788455613,1.41597587022
3.4125,0.237832392413,1.39784877346
3.4125,0.242857998136,1.37920154096
3.4125,0.247862245546,1.36003610136
3.4125,0.252842120271,1.34035500345
3.4125,0.257794622619,1.32016141371
3.4125,0.26271676939,1.29945911232
3.4125,0.267605595666,1.27825248787
3.4125,0.272458156601,1.25654653039
3.4125,0.277271529193,1.23434682283
3.4125,0.282042814048,1.21165953071
3.4125,0.28676913712,1.1884913899
3.4125,0.291447651451,1.16484969229
3.4125,0.296075538878,1.14074226912
3.4125,0.300650011734,1.11617747184
3.4125,0.305168314528,1.09116414995
3.4125,0.309627725605,1.06571162561
3.4125,0.31402555878,1.03982966448
3.4125,0.318359164964,1.01352844215
3.4125,0.322625933754,0.986818505421
3.4125,0.326823295009,0.959710727503
3.4125,0.330948720395,0.932216255957
3.4125,0.33499972491,0.904346451849
3.4125,0.338973868381,0.876112818236
3.4125,0.342868756931,0.847526915519
3.4125,0.346682044427,0.818600260509
3.4125,0.350411433885,0.78934420507
3.4125,0.354054678862,0.75976978892
3.4125,0.357609584802,0.729887559337
3.4125,0.361074010363,0.699707348069
3.4125,0.364445868705,0.669237992176
3.4125,0.367723128747,0.638486980492
3.4125,0.370903816389,0.607460000003
3.4125,0.373986015705,0.576160345463
3.4125,0.376967870092,0.544588138837
3.4125,0.379847583394,0.512739279195
3.4125,0.382623420977,0.480604002022
3.4125,0.385293710783,0.44816485823
3.4125,0.387856844327,0.415393805589
3.4125,0.390311277674,0.382247895528
3.4125,0.392655532366,0.348662645056
3.4125,0.394888196311,0.314541401403
3.4125,0.397007924635,0.279737333568
3.4125,0.399013440494,0.244020760801
3.4125,0.400903535839,0.207014152133
3.4125,0.402677072149,0.168044757811
3.4125,0.404332981111,0.125735250736
3.4125,0.405870265267,0.0763408095825
3.4125,0.407287998615,0
3.4125,0.408585327165,0
3.4125,0.409761469456,0
3.4125,0.410815717022,0
3.4125,0.411747434826,0
3.4125,0.412556061634,0
3.4125,0.41324111036,0
3.4125,0.413802168357,0
3.4125,0.414238897663,0
3.4125,0.414551035211,0
3.4125,0.414738392979,0
3.4125,0.414800858111,0
3.465,0,1.78183149031
3.465,6.24651316307e-05,1.7818314826
3.465,0.000249822899863,1.78183134062
3.465,0.000561960447384,1.78183064254
3.465,0.000998689754205,1.78182859011
3.465,0.00155974775092,1.78182396405
3.465,0.00224479647718,1.78181509214
3.465,0.00305342328524,1.78179982518
3.465,0.00398514108855,1.78177551888
3.465,0.00503938865514,1.78173902035
3.465,0.0062155309457,1.78168665873
3.465,0.0075128594961,1.7816142394
3.465,0.00893059284412,1.78151704141
3.465,0.0104678770002,1.78138981794
3.465,0.0121237859619,1.78122679958
3.465,0.0138973222715,1.78102170018
3.465,0.0157874176171,1.78076772524
3.465,0.0177929334759,1.78045758251
3.465,0.0199126618001,1.78008349492
3.465,0.0221453257447,1.77963721535
3.465,0.0244895804365,1.77911004354
3.465,0.0269440137839,1.77849284458
3.465,0.0295071473283,1.7777760692
3.465,0.0321774371336,1.7769497755
3.465,0.0349532747173,1.77600365208
3.465,0.0378329880186,1.77492704251
3.465,0.0408148424058,1.77370897085
3.465,0.0438970417214,1.77233816825
3.465,0.0470777293637,1.77080310045
3.465,0.0503549894054,1.76909199599
3.465,0.0537268477477,1.76719287516
3.465,0.0571912733091,1.76509357945
3.465,0.0607461792493,1.76278180142
3.465,0.0643894242258,1.76024511493
3.465,0.0681188136841,1.75747100555
3.465,0.0719321011795,1.75444690113
3.465,0.07582698973,1.75116020236
3.465,0.0798011332006,1.74759831327
3.465,0.0838521377157,1.74374867159
3.465,0.0879775631017,1.73959877887
3.465,0.0921749243567,1.73513623027
3.465,0.0964416931472,1.73034874401
3.465,0.100775299331,1.72522419031
3.465,0.105173132506,1.71975061986
3.465,0.109632543582,1.71391629172
3.465,0.114150846377,1.70770970057
3.465,0.118725319233,1.70111960329
3.465,0.12335320666,1.69413504485
3.465,0.128031720991,1.68674538342
3.465,0.132758044063,1.67894031467
3.465,0.137529328917,1.67070989524
3.465,0.14234270151,1.6620445654
3.465,0.147195262445,1.65293517075
3.465,0.152084088721,1.64337298303
3.465,0.157006235492,1.63334972004
3.465,0.16195873784,1.62285756452
3.465,0.166938612565,1.61188918211
3.465,0.171942859974,1.60043773833
3.465,0.176968465698,1.58849691454
3.465,0.182012402498,1.57606092286
3.465,0.187071632096,1.56312452009
3.465,0.192143107002,1.5496830206
3.465,0.197223772347,1.53573230817
3.465,0.20231056773,1.52126884675
3.465,0.207400429055,1.50628969014
3.465,0.212490290381,1.49079249067
3.465,0.217577085764,1.47477550671
3.465,0.222657751109,1.45823760914
3.465,0.227729226015,1.44117828662
3.465,0.232788455613,1.42359764988
3.465,0.237832392413,1.40549643469
3.465,0.242857998136,1.38687600378
3.465,0.247862245546,1.36773834753
3.465,0.252842120271,1.34808608343
3.465,0.257794622619,1.32792245425
3.465,0.26271676939,1.30725132497
3.465,0.267605595666,1.28607717823
3.465,0.272458156601,1.26440510846
3.465,0.277271529193,1.24224081439
3.465,0.282042814048,1.21959059005
3.465,0.28676913712,1.19646131388
3.465,0.291447651451,1.17286043611
3.465,0.296075538878,1.14879596396
3.465,0.300650011734,1.12427644458
3.465,0.305168314528,1.09931094543
3.465,0.309627725605,1.07390903178
3.465,0.31402555878,1.04808074083
3.465,0.318359164964,1.02183655214
3.465,0.322625933754,0.995187353475
3.465,0.326823295009,0.968144401515
3.465,0.330948720395,0.940719276276
3.465,0.33499972491,0.912923828082
3.465,0.338973868381,0.884770115452
3.465,0.342868756931,0.856270331892
3.465,0.346682044427,0.827436718952
3.465,0.350411433885,0.798281462153
3.465,0.354054678862,0.768816565313
3.465,0.357609584802,0.739053697336
3.465,0.361074010363,0.70900400356
3.465,0.364445868705,0.678677870904
3.465,0.367723128747,0.648084632083
3.465,0.370903816389,0.617232188335
3.465,0.373986015705,0.586126521606
3.465,0.376967870092,0.554771054261
3.465,0.379847583394,0.523165794702
3.465,0.382623420977,0.491306176106
3.465,0.385293710783,0.45918144498
3.465,0.387856844327,0.426772371394
3.465,0.390311277674,0.394047904782
3.465,0.392655532366,0.360960129249
3.465,0.394888196311,0.327436352659
3.465,0.397007924635,0.293366096244
3.465,0.399013440494,0.258578374346
3.465,0.400903535839,0.222798784689
3.465,0.402677072149,0.185559294478
3.465,0.404332981111,0.145976193665
3.465,0.405870265267,0.102039945177
3.465,0.407287998615,0.0465197922017
3.465,0.408585327165,0
3.465,0.409761469456,0
3.465,0.410815717022,0
3.465,0.411747434826,0
3.465,0.412556061634,0
3.465,0.41324111036,0
3.465,0.413802168357,0
3.465,0.414238897663,0
3.465,0.414551035211,0
3.465,0.414738392979,0
3.465,0.414800858111,0
3.5175,0,1.78850355825
3.5175,6.24651316307e-05,1.78850355061
3.5175,0.000249822899863,1.78850340986
3.5175,0.000561960447384,1.78850271716
3.5175,0.000998689754205,1.78850067911
3.5175,0.00155974775092,1.78849608305
3.5175,0.00224479647718,1.7884872649
3.5175,0.00305342328524,1.78847208506
3.5175,0.00398514108855,1.78844791006
3.5175,0.00503938865514,1.78841159896
3.5175,0.0062155309457,1.78835949383
3.5175,0.0075128594961,1.7882874138
3.5175,0.00893059284412,1.78819065234
3.5175,0.0104678770002,1.78806397768
3.5175,0.0121237859619,1.78790163584
3.5175,0.0138973222715,1.78769735647
3.5175,0.0157874176171,1.78744436105
3.5175,0.0177929334759,1.78713537344
3.5175,0.0199126618001,1.78676263264
3.5175,0.0221453257447,1.78631790754
3.5175,0.0244895804365,1.78579251368
3.5175,0.0269440137839,1.7851773317
3.5175,0.0295071473283,1.7844628275
3.5175,0.0321774371336,1.78363907396
3.5175,0.0349532747173,1.78269577398
3.5175,0.0378329880186,1.78162228489
3.5175,0.0408148424058,1.78040764393
3.5175,0.0438970417214,1.77904059482
3.5175,0.0470777293637,1.77750961517
3.5175,0.0503549894054,1.77580294477
3.5175,0.0537268477477,1.77390861444
3.5175,0.0571912733091,1.77181447546
3.5175,0.0607461792493,1.7695082295
3.5175,0.0643894242258,1.7669774588
3.5175,0.0681188136841,1.76420965663
3.5175,0.0719321011795,1.76119225783
3.5175,0.07582698973,1.75791266943
3.5175,0.0798011332006,1.75435830116
3.5175,0.0838521377157,1.75051659588
3.5175,0.0879775631017,1.74637505968
3.5175,0.0921749243567,1.74192129177
3.5175,0.0964416931472,1.73714301397
3.5175,0.100775299331,1.73202809971
3.5175,0.105173132506,1.72656460256
3.5175,0.109632543582,1.7207407842
3.5175,0.114150846377,1.71454514177
3.5175,0.118725319233,1.7079664345
3.5175,0.12335320666,1.70099370973
3.5175,0.128031720991,1.69361632805
3.5175,0.132758044063,1.68582398779
3.5175,0.137529328917,1.67760674851
3.5175,0.14234270151,1.66895505385
3.5175,0.147195262445,1.65985975328
3.5175,0.152084088721,1.6503121231
3.5175,0.157006235492,1.64030388643
3.5175,0.16195873784,1.62982723231
3.5175,0.166938612565,1.61887483377
3.5175,0.171942859974,1.60743986495
3.5175,0.176968465698,1.59551601727
3.5175,0.182012402498,1.58309751453
3.5175,0.187071632096,1.57017912701
3.5175,0.192143107002,1.55675618459
3.5175,0.197223772347,1.54282458879
3.5175,0.20231056773,1.52838082378
3.5175,0.207400429055,1.51342196636
3.5175,0.212490290381,1.49794569486
3.5175,0.217577085764,1.48195029702
3.5175,0.222657751109,1.46543467671
3.5175,0.227729226015,1.44839835967
3.5175,0.232788455613,1.4308414981
3.5175,0.237832392413,1.41276487412
3.5175,0.242857998136,1.39416990218
3.5175,0.247862245546,1.37505863022
3.5175,0.252842120271,1.35543373975
3.5175,0.257794622619,1.33529854471
3.5175,0.26271676939,1.31465698904
3.5175,0.267605595666,1.293513643
3.5175,0.272458156601,1.27187369818
3.5175,0.277271529193,1.24974296109
3.5175,0.282042814048,1.22712784519
3.5175,0.28676913712,1.20403536145
3.5175,0.291447651451,1.18047310714
3.5175,0.296075538878,1.15644925272
3.5175,0.300650011734,1.13197252678
3.5175,0.305168314528,1.10705219865
3.5175,0.309627725605,1.08169805845
3.5175,0.31402555878,1.05592039435
3.5175,0.318359164964,1.02972996638
3.5175,0.322625933754,1.00313797653
3.5175,0.326823295009,0.976156034294
3.5175,0.330948720395,0.94879611691
3.5175,0.33499972491,0.921070523246
3.5175,0.338973868381,0.892991820019
3.5175,0.342868756931,0.86457277865
3.5175,0.346682044427,0.835826300602
3.5175,0.350411433885,0.80676532839
3.5175,0.354054678862,0.777402738599
3.5175,0.357609584802,0.747751212067
3.5175,0.361074010363,0.717823074793
3.5175,0.364445868705,0.687630100867
3.5175,0.367723128747,0.65718326556
3.5175,0.370903816389,0.626492432161
3.5175,0.373986015705,0.59556594949
3.5175,0.376967870092,0.56441012713
3.5175,0.379847583394,0.533028540402
3.5175,0.382623420977,0.501421093653
3.5175,0.385293710783,0.46958273306
3.5175,0.387856844327,0.43750163835
3.5175,0.390311277674,0.405156617404
3.5175,0.392655532366,0.372513239856
3.5175,0.394888196311,0.339517894691
3.5175,0.397007924635,0.306088261016
3.5175,0.399013440494,0.272097199846
3.5175,0.400903535839,0.237343624533
3.5175,0.402677072149,0.201494871427
3.5175,0.404332981111,0.163957294722
3.5175,0.405870265267,0.123523086031
3.5175,0.407287998615,0.0769921991515
3.5175,0.408585327165,0
3.5175,0.409761469456,0
3.5175,0.410815717022,0
3.5175,0.411747434826,0
3.5175,0.412556061634,0
3.5175,0.41324111036,0
3.5175,0.413802168357,0
3.5175,0.414238897663,0
3.5175,0.414551035211,0
3.5175,0.414738392979,0
3.5175,0.414800858111,0
3.57,0,1.7948281358
3.57,6.24651316307e-05,1.79482812824
3.57,0.000249822899863,1.79482798865
3.57,0.000561960447384,1.794827301
3.57,0.000998689754205,1.7948252765
3.57,0.00155974775092,1.79482070871
3.57,0.00224479647718,1.79481194127
3.57,0.00305342328524,1.79479684362
3.57,0.00398514108855,1.79477279255
3.57,0.00503938865514,1.79473665841
3.57,0.0062155309457,1.79468479551
3.57,0.0075128594961,1.79461303597
3.57,0.00893059284412,1.79451668698
3.57,0.0104678770002,1.79439053096
3.57,0.0121237859619,1.7942288286
3.57,0.0138973222715,1.79402532451
3.57,0.0157874176171,1.79377325533
3.57,0.0177929334759,1.7934653602
3.57,0.0199126618001,1.79309389336
3.57,0.0221453257447,1.79265063891
3.57,0.0244895804365,1.7921269274
3.57,0.0269440137839,1.79151365421
3.57,0.0295071473283,1.79080129969
3.57,0.0321774371336,1.78997995076
3.57,0.0349532747173,1.78903932391
3.57,0.0378329880186,1.78796878957
3.57,0.0408148424058,1.78675739751
3.57,0.0438970417214,1.7853939034
3.57,0.0470777293637,1.78386679622
3.57,0.0503549894054,1.78216432644
3.57,0.0537268477477,1.7802745349
3.57,0.0571912733091,1.77818528225
3.57,0.0607461792493,1.77588427886
3.57,0.0643894242258,1.77335911497
3.57,0.0681188136841,1.7705972912
3.57,0.0719321011795,1.76758624908
3.57,0.07582698973,1.76431340171
3.57,0.0798011332006,1.76076616429
3.57,0.0838521377157,1.75693198456
3.57,0.0879775631017,1.75279837299
3.57,0.0921749243567,1.74835293269
3.57,0.0964416931472,1.74358338891
3.57,0.100775299331,1.73847761817
3.57,0.105173132506,1.73302367679
3.57,0.109632543582,1.72720982899
3.57,0.114150846377,1.72102457422
3.57,0.118725319233,1.71445667399
3.57,0.12335320666,1.70749517784
3.57,0.128031720991,1.70012944871
3.57,0.132758044063,1.69234918736
3.57,0.137529328917,1.68414445615
3.57,0.14234270151,1.67550570183
3.57,0.147195262445,1.6664237775
3.57,0.152084088721,1.6568899637
3.57,0.157006235492,1.64689598853
3.57,0.16195873784,1.63643404687
3.57,0.166938612565,1.62549681862
3.57,0.171942859974,1.61407748597
3.57,0.176968465698,1.60216974969
3.57,0.182012402498,1.58976784446
3.57,0.187071632096,1.57686655311
3.57,0.192143107002,1.56346121996
3.57,0.197223772347,1.54954776304
3.57,0.20231056773,1.53512268539
3.57,0.207400429055,1.52018308521
3.57,0.212490290381,1.50472666507
3.57,0.217577085764,1.48875174004
3.57,0.222657751109,1.47225724476
3.57,0.227729226015,1.45524273951
3.57,0.232788455613,1.43770841511
3.57,0.237832392413,1.41965509687
3.57,0.242857998136,1.40108424738
3.57,0.247862245546,1.3819979682
3.57,0.252842120271,1.36239900045
3.57,0.257794622619,1.34229072426
3.57,0.26271676939,1.32167715704
3.57,0.267605595666,1.30056295056
3.57,0.272458156601,1.27895338673
3.57,0.277271529193,1.25685437214
3.57,0.282042814048,1.2342724312
3.57,0.28676913712,1.21121469787
3.57,0.291447651451,1.18768890574
3.57,0.296075538878,1.16370337657
3.57,0.300650011734,1.13926700694
3.57,0.305168314528,1.11438925291
3.57,0.309627725605,1.08908011242
3.57,0.31402555878,1.06335010525
3.57,0.318359164964,1.03721025007
3.57,0.322625933754,1.01067203817
3.57,0.326823295009,0.983747403434
3.57,0.330948720395,0.956448687723
3.57,0.33499972491,0.928788600926
3.57,0.338973868381,0.900780174539
3.57,0.342868756931,0.872436707408
3.57,0.346682044427,0.843771701845
3.57,0.350411433885,0.814798787828
3.57,0.354054678862,0.78553163229
3.57,0.357609584802,0.755983829544
3.57,0.361074010363,0.726168767633
3.57,0.364445868705,0.696099463571
3.57,0.367723128747,0.665788357944
3.57,0.370903816389,0.635247055765
3.57,0.373986015705,0.604485995299
3.57,0.376967870092,0.573514018906
3.57,0.379847583394,0.542337808492
3.57,0.382623420977,0.510961130474
3.57,0.385293710783,0.479383807274
3.57,0.387856844327,0.447600287132
3.57,0.390311277674,0.415597608154
3.57,0.392655532366,0.383352420352
3.57,0.394888196311,0.350826488799
3.57,0.397007924635,0.317959639128
3.57,0.399013440494,0.284658161311
3.57,0.400903535839,0.250774593924
3.57,0.402677072149,0.216069679533
3.57,0.404332981111,0.180132891881
3.57,0.405870265267,0.142189084186
3.57,0.407287998615,0.100494315648
3.57,0.408585327165,0.0490919421149
3.57,0.409761469456,0
3.57,0.410815717022,0
3.57,0.411747434826,0
3.57,0.412556061634,0
3.57,0.41324111036,0
3.57,0.413802168357,0
3.57,0.414238897663,0
3.57,0.414551035211,0
3.57,0.414738392979,0
3.57,0.414800858111,0
3.6225,0,1.8008061319
3.6225,6.24651316307e-05,1.8008061244
3.6225,0.000249822899863,1.8008059859
3.6225,0.000561960447384,1.800805303
3.6225,0.000998689754205,1.80080329124
3.6225,0.00155974775092,1.80079875002
3.6225,0.00224479647718,1.80079003028
3.6225,0.00305342328524,1.80077500998
3.6225,0.00398514108855,1.80075107556
3.6225,0.00503938865514,1.80071510805
3.6225,0.0062155309457,1.80066347328
3.6225,0.0075128594961,1.80059201568
3.6225,0.00893059284412,1.80049605535
3.6225,0.0104678770002,1.80037038814
3.6225,0.0121237859619,1.80020928861
3.6225,0.0138973222715,1.80000651548
3.6225,0.0157874176171,1.79975531975
3.6225,0.0177929334759,1.79944845499
3.6225,0.0199126618001,1.7990781899
3.6225,0.0221453257447,1.79863632294
3.6225,0.0244895804365,1.79811419887
3.6225,0.0269440137839,1.79750272706
3.6225,0.0295071473283,1.79679240152
3.6225,0.0321774371336,1.79597332249
3.6225,0.0349532747173,1.79503521933
3.6225,0.0378329880186,1.7939674749
3.6225,0.0408148424058,1.79275915086
3.6225,0.0438970417214,1.79139901425
3.6225,0.0470777293637,1.78987556479
3.6225,0.0503549894054,1.78817706311
3.6225,0.0537268477477,1.78629155961
3.6225,0.0571912733091,1.78420692384
3.6225,0.0607461792493,1.78191087441
3.6225,0.0643894242258,1.7793910092
3.6225,0.0681188136841,1.77663483583
3.6225,0.0719321011795,1.77362980221
3.6225,0.07582698973,1.77036332723
3.6225,0.0798011332006,1.7668228313
3.6225,0.0838521377157,1.76299576684
3.6225,0.0879775631017,1.7588696485
3.6225,0.0921749243567,1.75443208309
3.6225,0.0964416931472,1.74967079917
3.6225,0.100775299331,1.7445736762
3.6225,0.105173132506,1.73912877315
3.6225,0.109632543582,1.73332435663
3.6225,0.114150846377,1.72714892833
3.6225,0.118725319233,1.72059125188
3.6225,0.12335320666,1.71364037895
3.6225,0.128031720991,1.70628567463
3.6225,0.132758044063,1.69851684204
3.6225,0.137529328917,1.6903239461
3.6225,0.14234270151,1.68169743648
3.6225,0.147195262445,1.67262816966
3.6225,0.152084088721,1.66310743014
3.6225,0.157006235492,1.65312695063
3.6225,0.16195873784,1.64267893145
3.6225,0.166938612565,1.63175605888
3.6225,0.171942859974,1.62035152258
3.6225,0.176968465698,1.60845903202
3.6225,0.182012402498,1.59607283197
3.6225,0.187071632096,1.58318771694
3.6225,0.192143107002,1.56979904466
3.6225,0.197223772347,1.55590274854
3.6225,0.20231056773,1.54149534911
3.6225,0.207400429055,1.52657396449
3.6225,0.212490290381,1.51113631979
3.6225,0.217577085764,1.4951807555
3.6225,0.222657751109,1.47870623487
3.6225,0.227729226015,1.46171235027
3.6225,0.232788455613,1.44419932847
3.6225,0.237832392413,1.42616803492
3.6225,0.242857998136,1.40761997694
3.6225,0.247862245546,1.38855730593
3.6225,0.252842120271,1.36898281839
3.6225,0.257794622619,1.34889995595
3.6225,0.26271676939,1.32831280426
3.6225,0.267605595666,1.30722609071
3.6225,0.272458156601,1.28564518103
3.6225,0.277271529193,1.26357607466
3.6225,0.282042814048,1.24102539885
3.6225,0.28676913712,1.21800040146
3.6225,0.291447651451,1.19450894235
3.6225,0.296075538878,1.17055948324
3.6225,0.300650011734,1.14616107601
3.6225,0.305168314528,1.1213233492
3.6225,0.309627725605,1.09605649255
3.6225,0.31402555878,1.07037123935
3.6225,0.318359164964,1.04427884641
3.6225,0.322625933754,1.01779107112
3.6225,0.326823295009,0.990920145283
3.6225,0.330948720395,0.963678745135
3.6225,0.33499972491,0.936079956884
3.6225,0.338973868381,0.908137236795
3.6225,0.342868756931,0.87986436478
3.6225,0.346682044427,0.85127538999
3.6225,0.350411433885,0.822384566573
3.6225,0.354054678862,0.793206277127
3.6225,0.357609584802,0.763754940698
3.6225,0.361074010363,0.734044901057
3.6225,0.364445868705,0.704090289648
3.6225,0.367723128747,0.673904855545
3.6225,0.370903816389,0.643501751989
3.6225,0.373986015705,0.612893265017
3.6225,0.376967870092,0.582090463794
3.6225,0.379847583394,0.551102743466
3.6225,0.382623420977,0.519937217957
3.6225,0.385293710783,0.488597899306
3.6225,0.387856844327,0.457084566803
3.6225,0.390311277674,0.425391174212
3.6225,0.392655532366,0.393503549535
3.6225,0.394888196311,0.361395974897
3.6225,0.397007924635,0.329025922748
3.6225,0.399013440494,0.296325609306
3.6225,0.400903535839,0.263187721505
3.6225,0.402677072149,0.229439652152
3.6225,0.404332981111,0.194792728513
3.6225,0.405870265267,0.158729064251
3.6225,0.407287998615,0.120197207521
3.6225,0.408585327165,0.0764636166223
3.6225,0.409761469456,0.00895051598756
3.6225,0.410815717022,0
3.6225,0.411747434826,0
3.6225,0.412556061634,0
3.6225,0.41324111036,0
3.6225,0.413802168357,0
3.6225,0.414238897663,0
3.6225,0.414551035211,0
3.6225,0.414738392979,0
3.6225,0.414800858111,0
3.675,0,1.80643838755
3.675,6.24651316307e-05,1.80643838011
3.675,0.000249822899863,1.80643824263
3.675,0.000561960447384,1.80643756417
3.675,0.000998689754205,1.80643556434
3.675,0.00155974775092,1.80643104805
3.675,0.00224479647718,1.80642237304
3.675,0.00305342328524,1.80640742531
3.675,0.00398514108855,1.80638360037
3.675,0.00503938865514,1.80634778928
3.675,0.0062155309457,1.80629636873
3.675,0.0075128594961,1.80622519472
3.675,0.00893059284412,1.80612959949
3.675,0.0104678770002,1.80600439158
3.675,0.0121237859619,1.80584385855
3.675,0.0138973222715,1.80564177248
3.675,0.0157874176171,1.80539139787
3.675,0.0177929334759,1.8050855019
3.675,0.0199126618001,1.80471636691
3.675,0.0221453257447,1.80427580491
3.675,0.0244895804365,1.80375517405
3.675,0.0269440137839,1.80314539691
3.675,0.0295071473283,1.80243698041
3.675,0.0321774371336,1.80162003735
3.675,0.0349532747173,1.80068430928
3.675,0.0378329880186,1.79961919077
3.675,0.0408148424058,1.79841375476
3.675,0.0438970417214,1.79705677901
3.675,0.0470777293637,1.79553677342
3.675,0.0503549894054,1.79384200826
3.675,0.0537268477477,1.79196054293
3.675,0.0571912733091,1.78988025543
3.675,0.0607461792493,1.78758887221
3.675,0.0643894242258,1.78507399839
3.675,0.0681188136841,1.78232314821
3.675,0.0719321011795,1.77932377565
3.675,0.07582698973,1.77606330509
3.675,0.0798011332006,1.77252916191
3.675,0.0838521377157,1.76870880297
3.675,0.0879775631017,1.7645897469
3.675,0.0921749243567,1.76015960404
3.675,0.0964416931472,1.75540610612
3.675,0.100775299331,1.75031713537
3.675,0.105173132506,1.74488075329
3.675,0.109632543582,1.73908522876
3.675,0.114150846377,1.7329190656
3.675,0.118725319233,1.72637102945
3.675,0.12335320666,1.71943017397
3.675,0.128031720991,1.71208586631
3.675,0.132758044063,1.70432781177
3.675,0.137529328917,1.69614607766
3.675,0.14234270151,1.68753111638
3.675,0.147195262445,1.67847378756
3.675,0.152084088721,1.66896537933
3.675,0.157006235492,1.65899762873
3.675,0.16195873784,1.64856274109
3.675,0.166938612565,1.63765340863
3.675,0.171942859974,1.6262628279
3.675,0.176968465698,1.61438471647
3.675,0.182012402498,1.60201332844
3.675,0.187071632096,1.58914346916
3.675,0.192143107002,1.57577050879
3.675,0.197223772347,1.56189039498
3.675,0.20231056773,1.54749966453
3.675,0.207400429055,1.53259545403
3.675,0.212490290381,1.51717550947
3.675,0.217577085764,1.50123819494
3.675,0.222657751109,1.48478250023
3.675,0.227729226015,1.4678080475
3.675,0.232788455613,1.45031509683
3.675,0.237832392413,1.4323045509
3.675,0.242857998136,1.41377795857
3.675,0.247862245546,1.3947375174
3.675,0.252842120271,1.37518607526
3.675,0.257794622619,1.35512713078
3.675,0.26271676939,1.33456483282
3.675,0.267605595666,1.31350397883
3.675,0.272458156601,1.29195001215
3.675,0.277271529193,1.26990901814
3.675,0.282042814048,1.24738771919
3.675,0.28676913712,1.2243934685
3.675,0.291447651451,1.20093424255
3.675,0.296075538878,1.17701863234
3.675,0.300650011734,1.15265583305
3.675,0.305168314528,1.12785563224
3.675,0.309627725605,1.10262839632
3.675,0.31402555878,1.0769850551
3.675,0.318359164964,1.05093708432
3.675,0.322625933754,1.02449648571
3.675,0.326823295009,0.997675764285
3.675,0.330948720395,0.970487902541
3.675,0.33499972491,0.94294633079
3.675,0.338973868381,0.915064893068
3.675,0.342868756931,0.886857807637
3.675,0.346682044427,0.858339620925
3.675,0.350411433885,0.829525153399
3.675,0.354054678862,0.800429435394
3.675,0.357609584802,0.771067630355
3.675,0.361074010363,0.741454942074
3.675,0.364445868705,0.711606501432
3.675,0.367723128747,0.681537226546
3.675,0.370903816389,0.65126164804
3.675,0.373986015705,0.620793688015
3.675,0.376967870092,0.590146376718
3.675,0.379847583394,0.559331484186
3.675,0.382623420977,0.528359033993
3.675,0.385293710783,0.497236650602
3.675,0.387856844327,0.465968667186
3.675,0.390311277674,0.434554880735
3.675,0.392655532366,0.402988774164
3.675,0.394888196311,0.371254908267
3.675,0.397007924635,0.33932497385
3.675,0.399013440494,0.307151587151
3.675,0.400903535839,0.274658080776
3.675,0.402677072149,0.24172070955
3.675,0.404332981111,0.208135226229
3.675,0.405870265267,0.173547375298
3.675,0.407287998615,0.137285329998
3.675,0.408585327165,0.0978460670558
3.675,0.409761469456,0.0502912583969
3.675,0.410815717022,0
3.675,0.411747434826,0
3.675,0.412556061634,0
3.675,0.41324111036,0
3.675,0.413802168357,0
3.675,0.414238897663,0
3.675,0.414551035211,0
3.675,0.414738392979,0
3.675,0.414800858111,0
3.7275,0,1.81172567924
3.7275,6.24651316307e-05,1.81172567187
3.7275,0.000249822899863,1.81172553533
3.7275,0.000561960447384,1.81172486102
3.7275,0.000998689754205,1.81172287233
3.7275,0.00155974775092,1.81171837933
3.7275,0.00224479647718,1.81170974614
3.7275,0.00305342328524,1.81169486626
3.7275,0.00398514108855,1.81167114372
3.7275,0.00503938865514,1.81163547898
3.7275,0.0062155309457,1.81158425889
3.7275,0.0075128594961,1.8115133503
3.7275,0.00893059284412,1.81141809688
3.7275,0.0104678770002,1.81129331902
3.7275,0.0121237859619,1.81113331653
3.7275,0.0138973222715,1.81093187399
3.7275,0.0157874176171,1.81068226861
3.7275,0.0177929334759,1.81037728034
3.7275,0.0199126618001,1.81000920432
3.7275,0.0221453257447,1.80956986531
3.7275,0.0244895804365,1.80905063406
3.7275,0.0269440137839,1.80844244556
3.7275,0.0295071473283,1.80773581887
3.7275,0.0321774371336,1.8069208786
3.7275,0.0349532747173,1.80598737779
3.7275,0.0378329880186,1.80492472204
3.7275,0.0408148424058,1.80372199489
3.7275,0.0438970417214,1.8023679842
3.7275,0.0470777293637,1.80085120949
3.7275,0.0503549894054,1.79915995008
3.7275,0.0537268477477,1.79728227391
3.7275,0.0571912733091,1.79520606693
3.7275,0.0607461792493,1.79291906298
3.7275,0.0643894242258,1.79040887401
3.7275,0.0681188136841,1.78766302055
3.7275,0.0719321011795,1.7846689623
3.7275,0.07582698973,1.78141412885
3.7275,0.0798011332006,1.77788595026
3.7275,0.0838521377157,1.77407188763
3.7275,0.0879775631017,1.76995946333
3.7275,0.0921749243567,1.76553629106
3.7275,0.0964416931472,1.76079010554
3.7275,0.100775299331,1.75570879165
3.7275,0.105173132506,1.75028041327
3.7275,0.109632543582,1.74449324146
3.7275,0.114150846377,1.73833578202
3.7275,0.118725319233,1.7317968025
3.7275,0.12335320666,1.72486535843
3.7275,0.128031720991,1.71753081888
3.7275,0.132758044063,1.70978289118
3.7275,0.137529328917,1.70161164489
3.7275,0.14234270151,1.69300753493
3.7275,0.147195262445,1.68396142385
3.7275,0.152084088721,1.67446460315
3.7275,0.157006235492,1.66450881385
3.7275,0.16195873784,1.65408626595
3.7275,0.166938612565,1.64318965711
3.7275,0.171942859974,1.63181219031
3.7275,0.176968465698,1.61994759055
3.7275,0.182012402498,1.6075901206
3.7275,0.187071632096,1.59473459581
3.7275,0.192143107002,1.58137639785
3.7275,0.197223772347,1.56751148754
3.7275,0.20231056773,1.55313641672
3.7275,0.207400429055,1.53824833905
3.7275,0.212490290381,1.52284501987
3.7275,0.217577085764,1.5069248451
3.7275,0.222657751109,1.49048682908
3.7275,0.227729226015,1.4735306215
3.7275,0.232788455613,1.4560565133
3.7275,0.237832392413,1.4380654416
3.7275,0.242857998136,1.41955899364
3.7275,0.247862245546,1.40053940972
3.7275,0.252842120271,1.38100958517
3.7275,0.257794622619,1.36097307132
3.7275,0.26271676939,1.34043407544
3.7275,0.267605595666,1.31939745974
3.7275,0.272458156601,1.2978687392
3.7275,0.277271529193,1.27585407851
3.7275,0.282042814048,1.25336028786
3.7275,0.28676913712,1.23039481758
3.7275,0.291447651451,1.20696575169
3.7275,0.296075538878,1.18308180026
3.7275,0.300650011734,1.15875229039
3.7275,0.305168314528,1.13398715594
3.7275,0.309627725605,1.1087969257
3.7275,0.31402555878,1.08319270996
3.7275,0.318359164964,1.05718618532
3.7275,0.322625933754,1.03078957741
3.7275,0.326823295009,1.00401564137
3.7275,0.330948720395,0.976877639661
3.7275,0.33499972491,0.949389316722
3.7275,0.338973868381,0.921564870029
3.7275,0.342868756931,0.893418916698
3.7275,0.346682044427,0.864966454775
3.7275,0.350411433885,0.836222817975
3.7275,0.354054678862,0.807203622325
3.7275,0.357609584802,0.777924702647
3.7275,0.361074010363,0.748402036208
3.7275,0.364445868705,0.718651649933
3.7275,0.367723128747,0.688689506376
3.7275,0.370903816389,0.658531361923
3.7275,0.373986015705,0.628192588241
3.7275,0.376967870092,0.597687944498
3.7275,0.379847583394,0.567031282713
3.7275,0.382623420977,0.536235160901
3.7275,0.385293710783,0.505310326991
3.7275,0.387856844327,0.4742650182
3.7275,0.390311277674,0.443103991307
3.7275,0.392655532366,0.411827151019
3.7275,0.394888196311,0.380427561173
3.7275,0.397007924635,0.348888477025
3.7275,0.399013440494,0.317178763726
3.7275,0.400903535839,0.285245527312
3.7275,0.402677072149,0.253001645521
3.7275,0.404332981111,0.220303259303
3.7275,0.405870265267,0.186905508472
3.7275,0.407287998615,0.152364409047
3.7275,0.408585327165,0.115775946621
3.7275,0.409761469456,0.0748182859021
3.7275,0.410815717022,0.0164091042245
3.7275,0.411747434826,0
3.7275,0.412556061634,0
3.7275,0.41324111036,0
3.7275,0.413802168357,0
3.7275,0.414238897663,0
3.7275,0.414551035211,0
3.7275,0.414738392979,0
3.7275,0.414800858111,0
3.78,0,1.81666872212
3.78,6.24651316307e-05,1.8166687148
3.78,0.000249822899863,1.81666857914
3.78,0.000561960447384,1.81666790869
3.78,0.000998689754205,1.81666593037
3.78,0.00155974775092,1.81666145904
3.78,0.00224479647718,1.81665286479
3.78,0.00305342328524,1.81663804811
3.78,0.00398514108855,1.81661442097
3.78,0.00503938865514,1.81657889261
3.78,0.0062155309457,1.81652785937
3.78,0.0075128594961,1.81645719824
3.78,0.00893059284412,1.81636226354
3.78,0.0104678770002,1.81623788676
3.78,0.0121237859619,1.81607837915
3.78,0.0138973222715,1.81587753699
3.78,0.0157874176171,1.81562864934
3.78,0.0177929334759,1.81532450812
3.78,0.0199126618001,1.81495742046
3.78,0.0221453257447,1.81451922302
3.78,0.0244895804365,1.81400129837
3.78,0.0269440137839,1.8133945931
3.78,0.0295071473283,1.81268963765
3.78,0.0321774371336,1.81187656771
3.78,0.0349532747173,1.81094514706
3.78,0.0378329880186,1.80988479165
3.78,0.0408148424058,1.80868459496
3.78,0.0438970417214,1.80733335433
3.78,0.0470777293637,1.80581959831
3.78,0.0503549894054,1.80413161471
3.78,0.0537268477477,1.80225747947
3.78,0.0571912733091,1.80018508602
3.78,0.0607461792493,1.79790217516
3.78,0.0643894242258,1.79539636527
3.78,0.0681188136841,1.79265518276
3.78,0.0719321011795,1.78966609274
3.78,0.07582698973,1.7864165297
3.78,0.0798011332006,1.78289392812
3.78,0.0838521377157,1.77908575306
3.78,0.0879775631017,1.77497953046
3.78,0.0921749243567,1.77056287719
3.78,0.0964416931472,1.76582353075
3.78,0.100775299331,1.76074937857
3.78,0.105173132506,1.75532848675
3.78,0.109632543582,1.74954912839
3.78,0.114150846377,1.74339981118
3.78,0.118725319233,1.73686930445
3.78,0.12335320666,1.7299466655
3.78,0.128031720991,1.72262126516
3.78,0.132758044063,1.71488281267
3.78,0.137529328917,1.70672137967
3.78,0.14234270151,1.69812742342
3.78,0.147195262445,1.68909180913
3.78,0.152084088721,1.67960583148
3.78,0.157006235492,1.6696612351
3.78,0.16195873784,1.6592502343
3.78,0.166938612565,1.6483655318
3.78,0.171942859974,1.63700033645
3.78,0.176968465698,1.62514838014
3.78,0.182012402498,1.61280393361
3.78,0.187071632096,1.59996182142
3.78,0.192143107002,1.58661743585
3.78,0.197223772347,1.57276674988
3.78,0.20231056773,1.55840632921
3.78,0.207400429055,1.54353334324
3.78,0.212490290381,1.52814557516
3.78,0.217577085764,1.512241431
3.78,0.222657751109,1.49581994775
3.78,0.227729226015,1.47888080052
3.78,0.232788455613,1.46142430867
3.78,0.237832392413,1.4434514411
3.78,0.242857998136,1.42496382042
3.78,0.247862245546,1.40596372634
3.78,0.252842120271,1.38645409793
3.78,0.257794622619,1.36643853508
3.78,0.26271676939,1.34592129891
3.78,0.267605595666,1.32490731121
3.78,0.272458156601,1.30340215297
3.78,0.277271529193,1.28141206189
3.78,0.282042814048,1.25894392891
3.78,0.28676913712,1.2360052937
3.78,0.291447651451,1.21260433912
3.78,0.296075538878,1.18874988459
3.78,0.300650011734,1.16445137834
3.78,0.305168314528,1.13971888843
3.78,0.309627725605,1.11456309251
3.78,0.31402555878,1.08899526616
3.78,0.318359164964,1.06302726979
3.78,0.322625933754,1.03667153373
3.78,0.326823295009,1.00994104151
3.78,0.330948720395,0.98284931093
3.78,0.33499972491,0.955410372562
3.78,0.338973868381,0.927638745354
3.78,0.342868756931,0.899549408621
3.78,0.346682044427,0.871157769805
3.78,0.350411433885,0.84247962699
3.78,0.354054678862,0.813531124983
3.78,0.357609584802,0.784328703328
3.78,0.361074010363,0.754889034151
3.78,0.364445868705,0.725228947013
3.78,0.367723128747,0.695365337011
3.78,0.370903816389,0.665315051015
3.78,0.373986015705,0.635094745055
3.78,0.376967870092,0.604720703189
3.78,0.379847583394,0.574208604222
3.78,0.382623420977,0.543573216877
3.78,0.385293710783,0.51282799523
3.78,0.387856844327,0.481984532672
3.78,0.390311277674,0.451051811294
3.78,0.392655532366,0.420035148746
3.78,0.394888196311,0.388934686238
3.78,0.397007924635,0.357743159542
3.78,0.399013440494,0.326442509789
3.78,0.400903535839,0.294998536425
3.78,0.402677072149,0.263352072822
3.78,0.404332981111,0.231403577318
3.78,0.405870265267,0.198984183221
3.78,0.407287998615,0.165795633525
3.78,0.408585327165,0.131266415746
3.78,0.409761469456,0.0941175038205
3.78,0.410815717022,0.0502605330862
3.78,0.411747434826,0
3.78,0.412556061634,0
3.78,0.41324111036,0
3.78,0.413802168357,0
3.78,0.414238897663,0
3.78,0.414551035211,0
3.78,0.414738392979,0
3.78,0.414800858111,0
3.8325,0,1.82126817282
3.8325,6.24651316307e-05,1.82126816556
3.8325,0.000249822899863,1.82126803071
3.8325,0.000561960447384,1.82126736384
3.8325,0.000998689754205,1.82126539512
3.8325,0.00155974775092,1.82126094387
3.8325,0.00224479647718,1.82125238571
3.8325,0.00305342328524,1.82123762763
3.8325,0.00398514108855,1.82121408898
3.8325,0.00503938865514,1.82117868714
3.8325,0.0062155309457,1.82112782729
3.8325,0.0075128594961,1.82105739582
3.8325,0.00893059284412,1.82096275697
3.8325,0.0104678770002,1.82083875255
3.8325,0.0121237859619,1.82067970445
3.8325,0.0138973222715,1.82047941983
3.8325,0.0157874176171,1.82023119879
3.8325,0.0177929334759,1.81992784441
3.8325,0.0199126618001,1.81956167494
3.8325,0.0221453257447,1.81912453817
3.8325,0.0244895804365,1.81860782765
3.8325,0.0269440137839,1.81800250079
3.8325,0.0295071473283,1.81729909864
3.8325,0.0321774371336,1.81648776722
3.8325,0.0349532747173,1.81555828031
3.8325,0.0378329880186,1.81450006353
3.8325,0.0408148424058,1.81330221963
3.8325,0.0438970417214,1.81195355481
3.8325,0.0470777293637,1.81044260601
3.8325,0.0503549894054,1.80875766902
3.8325,0.0537268477477,1.80688682723
3.8325,0.0571912733091,1.80481798108
3.8325,0.0607461792493,1.80253887786
3.8325,0.0643894242258,1.80003714195
3.8325,0.0681188136841,1.79730030529
3.8325,0.0719321011795,1.79431583806
3.8325,0.07582698973,1.79107117931
3.8325,0.0798011332006,1.78755376768
3.8325,0.0838521377157,1.78375107196
3.8325,0.0879775631017,1.77965062141
3.8325,0.0921749243567,1.77524003588
3.8325,0.0964416931472,1.7705070555
3.8325,0.100775299331,1.76543957006
3.8325,0.105173132506,1.76002564777
3.8325,0.109632543582,1.75425356364
3.8325,0.114150846377,1.74811182713
3.8325,0.118725319233,1.74158920922
3.8325,0.12335320666,1.73467476885
3.8325,0.128031720991,1.72735787853
3.8325,0.132758044063,1.71962824923
3.8325,0.137529328917,1.71147595452
3.8325,0.14234270151,1.70289145381
3.8325,0.147195262445,1.6938656148
3.8325,0.152084088721,1.68438973502
3.8325,0.157006235492,1.67445556248
3.8325,0.16195873784,1.66405531544
3.8325,0.166938612565,1.65318170122
3.8325,0.171942859974,1.64182793411
3.8325,0.176968465698,1.62998775229
3.8325,0.182012402498,1.61765543383
3.8325,0.187071632096,1.60482581176
3.8325,0.192143107002,1.5914942881
3.8325,0.197223772347,1.57765684699
3.8325,0.20231056773,1.56331006684
3.8325,0.207400429055,1.54845113155
3.8325,0.212490290381,1.53307784068
3.8325,0.217577085764,1.51718861876
3.8325,0.222657751109,1.50078252357
3.8325,0.227729226015,1.48385925358
3.8325,0.232788455613,1.46641915426
3.8325,0.237832392413,1.44846322369
3.8325,0.242857998136,1.42999311699
3.8325,0.247862245546,1.41101115004
3.8325,0.252842120271,1.3915203021
3.8325,0.257794622619,1.37152421765
3.8325,0.26271676939,1.35102720718
3.8325,0.267605595666,1.33003424721
3.8325,0.272458156601,1.30855097926
3.8325,0.277271529193,1.28658370798
3.8325,0.282042814048,1.26413939835
3.8325,0.28676913712,1.24122567188
3.8325,0.291447651451,1.21785080196
3.8325,0.296075538878,1.19402370813
3.8325,0.300650011734,1.16975394942
3.8325,0.305168314528,1.14505171657
3.8325,0.309627725605,1.11992782324
3.8325,0.31402555878,1.09439369593
3.8325,0.318359164964,1.06846136269
3.8325,0.322625933754,1.04214344039
3.8325,0.326823295009,1.0154531205
3.8325,0.330948720395,0.98840415302
3.8325,0.33499972491,0.961010828409
3.8325,0.338973868381,0.933287957205
3.8325,0.342868756931,0.905250846778
3.8325,0.346682044427,0.876915274768
3.8325,0.350411433885,0.848297458425
3.8325,0.354054678862,0.819414018921
3.8325,0.357609584802,0.790281939396
3.8325,0.361074010363,0.760918515096
3.8325,0.364445868705,0.731341293432
3.8325,0.367723128747,0.701568001044
3.8325,0.370903816389,0.671616453954
3.8325,0.373986015705,0.641504445394
3.8325,0.376967870092,0.61124960392
3.8325,0.379847583394,0.580869211381
3.8325,0.382623420977,0.550379965983
3.8325,0.385293710783,0.519797669146
3.8325,0.387856844327,0.489136804822
3.8325,0.390311277674,0.458409964345
3.8325,0.392655532366,0.427627044729
3.8325,0.394888196311,0.396794106864
3.8325,0.397007924635,0.365911709019
3.8325,0.399013440494,0.33497240473
3.8325,0.400903535839,0.303956858474
3.8325,0.402677072149,0.272827567995
3.8325,0.404332981111,0.241518201363
3.8325,0.405870265267,0.209914302288
3.8325,0.407287998615,0.177815328619
3.8325,0.408585327165,0.144850723471
3.8325,0.409761469456,0.110258594021
3.8325,0.410815717022,0.0720910918918
3.8325,0.411747434826,0.0204771368631
3.8325,0.412556061634,0
3.8325,0.41324111036,0
3.8325,0.413802168357,0
3.8325,0.414238897663,0
3.8325,0.414551035211,0
3.8325,0.414738392979,0
3.8325,0.414800858111,0
3.885,0,1.82552463213
3.885,6.24651316307e-05,1.82552462492
3.885,0.000249822899863,1.82552449082
3.885,0.000561960447384,1.82552382723
3.885,0.000998689754205,1.82552186736
3.885,0.00155974775092,1.82551743464
3.885,0.00224479647718,1.82550890976
3.885,0.00305342328524,1.82549420574
3.885,0.00398514108855,1.82547074874
3.885,0.00503938865514,1.82543546365
3.885,0.0062155309457,1.82538476384
3.885,0.0075128594961,1.8253145444
3.885,0.00893059284412,1.82522017872
3.885,0.0104678770002,1.82509651816
3.885,0.0121237859619,1.82493789447
3.885,0.0138973222715,1.82473812486
3.885,0.0157874176171,1.82449051968
3.885,0.0177929334759,1.8241878923
3.885,0.0199126618001,1.82382257131
3.885,0.0221453257447,1.82338641477
3.885,0.0244895804365,1.82287082641
3.885,0.0269440137839,1.82226677369
3.885,0.0295071473283,1.82156480748
3.885,0.0321774371336,1.82075508336
3.885,0.0349532747173,1.81982738441
3.885,0.0378329880186,1.81877114522
3.885,0.0408148424058,1.81757547711
3.885,0.0438970417214,1.81622919453
3.885,0.0470777293637,1.81472084221
3.885,0.0503549894054,1.81303872332
3.885,0.0537268477477,1.81117092821
3.885,0.0571912733091,1.8091053638
3.885,0.0607461792493,1.80682978343
3.885,0.0643894242258,1.80433181706
3.885,0.0681188136841,1.80159900179
3.885,0.0719321011795,1.79861881248
3.885,0.07582698973,1.79537869246
3.885,0.0798011332006,1.79186608424
3.885,0.0838521377157,1.78806846006
3.885,0.0879775631017,1.78397335231
3.885,0.0921749243567,1.77956838359
3.885,0.0964416931472,1.77484129652
3.885,0.100775299331,1.76977998305
3.885,0.105173132506,1.7643725134
3.885,0.109632543582,1.75860716433
3.885,0.114150846377,1.75247244693
3.885,0.118725319233,1.74595713377
3.885,0.12335320666,1.73905028528
3.885,0.128031720991,1.73174127549
3.885,0.132758044063,1.72401981702
3.885,0.137529328917,1.71587598518
3.885,0.14234270151,1.70730024137
3.885,0.147195262445,1.69828345556
3.885,0.152084088721,1.68881692789
3.885,0.157006235492,1.67889240946
3.885,0.16195873784,1.66850212214
3.885,0.166938612565,1.65763877748
3.885,0.171942859974,1.64629559469
3.885,0.176968465698,1.63446631775
3.885,0.182012402498,1.6221452314
3.885,0.187071632096,1.60932717642
3.885,0.192143107002,1.59600756373
3.885,0.197223772347,1.58218238767
3.885,0.20231056773,1.56784823831
3.885,0.207400429055,1.55300231276
3.885,0.212490290381,1.53764242558
3.885,0.217577085764,1.52176701819
3.885,0.222657751109,1.50537516743
3.885,0.227729226015,1.48846659307
3.885,0.232788455613,1.47104166453
3.885,0.237832392413,1.45310140652
3.885,0.242857998136,1.43464750392
3.885,0.247862245546,1.41568230566
3.885,0.252842120271,1.39620882775
3.885,0.257794622619,1.37623075539
3.885,0.26271676939,1.35575244424
3.885,0.267605595666,1.33477892079
3.885,0.272458156601,1.31331588183
3.885,0.277271529193,1.29136969317
3.885,0.282042814048,1.26894738733
3.885,0.28676913712,1.24605666052
3.885,0.291447651451,1.22270586867
3.885,0.296075538878,1.19890402257
3.885,0.300650011734,1.1746607822
3.885,0.305168314528,1.14998645002
3.885,0.309627725605,1.12489196343
3.885,0.31402555878,1.09938888615
3.885,0.318359164964,1.07348939853
3.885,0.322625933754,1.04720628682
3.885,0.326823295009,1.02055293105
3.885,0.330948720395,0.993543291586
3.885,0.33499972491,0.9661918941
3.885,0.338973868381,0.938513812686
3.885,0.342868756931,0.910524650838
3.885,0.346682044427,0.882240519863
3.885,0.350411433885,0.853678014189
3.885,0.354054678862,0.824854182871
3.885,0.357609584802,0.795786496341
3.885,0.361074010363,0.766492807188
3.885,0.364445868705,0.736991303319
3.885,0.367723128747,0.707300451293
3.885,0.370903816389,0.677438926854
3.885,0.373986015705,0.647425528593
3.885,0.376967870092,0.617279069115
3.885,0.379847583394,0.587018235879
3.885,0.382623420977,0.556661410601
3.885,0.385293710783,0.526226431288
3.885,0.387856844327,0.495730273599
3.885,0.390311277674,0.465188616881
3.885,0.392655532366,0.434615242129
3.885,0.394888196311,0.404021179684
3.885,0.397007924635,0.373413474861
3.885,0.399013440494,0.342793353094
3.885,0.400903535839,0.312153408409
3.885,0.402677072149,0.281473136718
3.885,0.404332981111,0.250711519577
3.885,0.405870265267,0.21979401146
3.885,0.407287998615,0.188588014135
3.885,0.408585327165,0.156851953147
3.885,0.409761469456,0.124113702903
3.885,0.410815717022,0.0893077178004
3.885,0.411747434826,0.0490829970784
3.885,0.412556061634,0
3.885,0.41324111036,0
3.885,0.413802168357,0
3.885,0.414238897663,0
3.885,0.414551035211,0
3.885,0.414738392979,0
3.885,0.414800858111,0
3.9375,0,1.82943864735
3.9375,6.24651316307e-05,1.82943864017
3.9375,0.000249822899863,1.82943850676
3.9375,0.000561960447384,1.82943784619
3.9375,0.000998689754205,1.82943589443
3.9375,0.00155974775092,1.82943147866
3.9375,0.00224479647718,1.8294229843
3.9375,0.00305342328524,1.82940832984
3.9375,0.00398514108855,1.8293849477
3.9375,0.00503938865514,1.82934976971
3.9375,0.0062155309457,1.82929921672
3.9375,0.0075128594961,1.8292291918
3.9375,0.00893059284412,1.82913507679
3.9375,0.0104678770002,1.82901173182
3.9375,0.0121237859619,1.82885349768
3.9375,0.0138973222715,1.82865420086
3.9375,0.0157874176171,1.82840716109
3.9375,0.0177929334759,1.82810520124
3.9375,0.0199126618001,1.82774065939
3.9375,0.0221453257447,1.82730540307
3.9375,0.0244895804365,1.8267908454
3.9375,0.0269440137839,1.82618796305
3.9375,0.0295071473283,1.82548731594
3.9375,0.0321774371336,1.82467906848
3.9375,0.0349532747173,1.8237530123
3.9375,0.0378329880186,1.82269859024
3.9375,0.0408148424058,1.82150492157
3.9375,0.0438970417214,1.82016082829
3.9375,0.0470777293637,1.81865486235
3.9375,0.0503549894054,1.81697533371
3.9375,0.0537268477477,1.81511033915
3.9375,0.0571912733091,1.81304779157
3.9375,0.0607461792493,1.81077544988
3.9375,0.0643894242258,1.80828094923
3.9375,0.0681188136841,1.80555183146
3.9375,0.0719321011795,1.80257557575
3.9375,0.07582698973,1.79933962941
3.9375,0.0798011332006,1.79583143852
3.9375,0.0838521377157,1.79203847853
3.9375,0.0879775631017,1.78794828469
3.9375,0.0921749243567,1.78354848219
3.9375,0.0964416931472,1.77882681592
3.9375,0.100775299331,1.77377117987
3.9375,0.105173132506,1.76836964607
3.9375,0.109632543582,1.76261049294
3.9375,0.114150846377,1.75648223308
3.9375,0.118725319233,1.74997364049
3.9375,0.12335320666,1.743073777
3.9375,0.128031720991,1.73577201805
3.9375,0.132758044063,1.72805807773
3.9375,0.137529328917,1.71992203297
3.9375,0.14234270151,1.71135434698
3.9375,0.147195262445,1.70234589178
3.9375,0.152084088721,1.69288796993
3.9375,0.157006235492,1.68297233531
3.9375,0.16195873784,1.67259121306
3.9375,0.166938612565,1.66173731858
3.9375,0.171942859974,1.6504038756
3.9375,0.176968465698,1.63858463329
3.9375,0.182012402498,1.62627388253
3.9375,0.187071632096,1.61346647111
3.9375,0.192143107002,1.60015781803
3.9375,0.197223772347,1.58634392694
3.9375,0.20231056773,1.57202139848
3.9375,0.207400429055,1.5571874418
3.9375,0.212490290381,1.54183988508
3.9375,0.217577085764,1.52597718513
3.9375,0.222657751109,1.50959843609
3.9375,0.227729226015,1.49270337716
3.9375,0.232788455613,1.47529239948
3.9375,0.237832392413,1.45736655202
3.9375,0.242857998136,1.4389275467
3.9375,0.247862245546,1.41997776253
3.9375,0.252842120271,1.4005202489
3.9375,0.257794622619,1.38055872807
3.9375,0.26271676939,1.36009759671
3.9375,0.267605595666,1.33914192673
3.9375,0.272458156601,1.31769746517
3.9375,0.277271529193,1.29577063331
3.9375,0.282042814048,1.27336852505
3.9375,0.28676913712,1.25049890438
3.9375,0.291447651451,1.22717020209
3.9375,0.296075538878,1.20339151175
3.9375,0.300650011734,1.17917258481
3.9375,0.305168314528,1.15452382495
3.9375,0.309627725605,1.12945628159
3.9375,0.31402555878,1.1039816426
3.9375,0.318359164964,1.07811222606
3.9375,0.322625933754,1.05186097119
3.9375,0.326823295009,1.02524142824
3.9375,0.330948720395,0.998267747295
3.9375,0.33499972491,0.970954665921
3.9375,0.338973868381,0.943317495376
3.9375,0.342868756931,0.915372105292
3.9375,0.346682044427,0.887134906448
3.9375,0.350411433885,0.858622831297
3.9375,0.354054678862,0.829853311716
3.9375,0.357609584802,0.80084425332
3.9375,0.361074010363,0.771614005437
3.9375,0.364445868705,0.742181325541
3.9375,0.367723128747,0.712565336528
3.9375,0.370903816389,0.682785474629
3.9375,0.373986015705,0.652861424967
3.9375,0.376967870092,0.622813040591
3.9375,0.379847583394,0.592660239209
3.9375,0.382623420977,0.562422869405
3.9375,0.385293710783,0.532120534625
3.9375,0.387856844327,0.50177235784
3.9375,0.390311277674,0.471396661609
3.9375,0.392655532366,0.441010525333
3.9375,0.394888196311,0.410629160709
3.9375,0.397007924635,0.380265011789
3.9375,0.399013440494,0.349926426722
3.9375,0.400903535839,0.31961564231
3.9375,0.402677072149,0.289325624457
3.9375,0.404332981111,0.259034916507
3.9375,0.405870265267,0.228698821551
3.9375,0.407287998615,0.198233347942
3.9375,0.408585327165,0.167483491897
3.9375,0.409761469456,0.136153037888
3.9375,0.410815717022,0.103620225191
3.9375,0.411747434826,0.0682868414692
3.9375,0.412556061634,0.0225792307933
3.9375,0.41324111036,0
3.9375,0.413802168357,0
3.9375,0.414238897663,0
3.9375,0.414551035211,0
3.9375,0.414738392979,0
3.9375,0.414800858111,0
3.99,0,1.83301071445
3.99,6.24651316307e-05,1.83301070732
3.99,0.000249822899863,1.83301057453
3.99,0.000561960447384,1.83300991669
3.99,0.000998689754205,1.8330079723
3.99,0.00155974775092,1.83300357197
3.99,0.00224479647718,1.83299510537
3.99,0.00305342328524,1.83298049602
3.99,0.00398514108855,1.83295718204
3.99,0.00503938865514,1.83292210155
3.99,0.0062155309457,1.83287168225
3.99,0.0075128594961,1.8328018345
3.99,0.00893059284412,1.83270794783
3.99,0.0104678770002,1.83258489036
3.99,0.0121237859619,1.83242701115
3.99,0.0138973222715,1.83222814513
3.99,0.0157874176171,1.83198162064
3.99,0.0177929334759,1.83168026917
3.99,0.0199126618001,1.8313164375
3.99,0.0221453257447,1.8308820018
3.99,0.0244895804365,1.83036838375
3.99,0.0269440137839,1.82976656846
3.99,0.0295071473283,1.82906712411
3.99,0.0321774371336,1.82826022319
3.99,0.0349532747173,1.82733566513
3.99,0.0378329880186,1.82628290032
3.99,0.0408148424058,1.82509105529
3.99,0.0438970417214,1.82374895897
3.99,0.0470777293637,1.82224516989
3.99,0.0503549894054,1.82056800426
3.99,0.0537268477477,1.8187055647
3.99,0.0571912733091,1.81664576963
3.99,0.0607461792493,1.81437638306
3.99,0.0643894242258,1.81188504485
3.99,0.0681188136841,1.80915930121
3.99,0.0719321011795,1.80618663532
3.99,0.07582698973,1.8029544981
3.99,0.0798011332006,1.79945033889
3.99,0.0838521377157,1.79566163612
3.99,0.0879775631017,1.79157592768
3.99,0.0921749243567,1.7871808411
3.99,0.0964416931472,1.78246412336
3.99,0.100775299331,1.77741367036
3.99,0.105173132506,1.77201755576
3.99,0.109632543582,1.76626405951
3.99,0.114150846377,1.7601416956
3.99,0.118725319233,1.75363923934
3.99,0.12335320666,1.74674575383
3.99,0.128031720991,1.7394506158
3.99,0.132758044063,1.73174354069
3.99,0.137529328917,1.7236146069
3.99,0.14234270151,1.71505427926
3.99,0.147195262445,1.70605343166
3.99,0.152084088721,1.69660336883
3.99,0.157006235492,1.68669584717
3.99,0.16195873784,1.6763230948
3.99,0.166938612565,1.66547783058
3.99,0.171942859974,1.65415328229
3.99,0.176968465698,1.64234320385
3.99,0.182012402498,1.63004189163
3.99,0.187071632096,1.61724419975
3.99,0.192143107002,1.60394555457
3.99,0.197223772347,1.59014196808
3.99,0.20231056773,1.57583005051
3.99,0.207400429055,1.56100702187
3.99,0.212490290381,1.54567072265
3.99,0.217577085764,1.52981962357
3.99,0.222657751109,1.5134528344
3.99,0.227729226015,1.49657011189
3.99,0.232788455613,1.4791718668
3.99,0.237832392413,1.46125917004
3.99,0.242857998136,1.44283375795
3.99,0.247862245546,1.4238980367
3.99,0.252842120271,1.40445508584
3.99,0.257794622619,1.38450866109
3.99,0.26271676939,1.36406319618
3.99,0.267605595666,1.34312380399
3.99,0.272458156601,1.32169627689
3.99,0.277271529193,1.29978708628
3.99,0.282042814048,1.27740338138
3.99,0.28676913712,1.2545529873
3.99,0.291447651451,1.23124440234
3.99,0.296075538878,1.20748679464
3.99,0.300650011734,1.18328999804
3.99,0.305168314528,1.15866450734
3.99,0.309627725605,1.13362147275
3.99,0.31402555878,1.10817269377
3.99,0.318359164964,1.08233061225
3.99,0.322625933754,1.0561083048
3.99,0.326823295009,1.02951947439
3.99,0.330948720395,1.00257844121
3.99,0.33499972491,0.975300132593
3.99,0.338973868381,0.947700072027
3.99,0.342868756931,0.919794367009
3.99,0.346682044427,0.891599695651
3.99,0.350411433885,0.863133291735
3.99,0.354054678862,0.834412927898
3.99,0.357609584802,0.805456896474
3.99,0.361074010363,0.776283987401
3.99,0.364445868705,0.746913462336
3.99,0.367723128747,0.717365023842
3.99,0.370903816389,0.687658778106
3.99,0.373986015705,0.657815189035
3.99,0.376967870092,0.627855020766
3.99,0.379847583394,0.59779926443
3.99,0.382623420977,0.567669043297
3.99,0.385293710783,0.537485487854
3.99,0.387856844327,0.507269568588
3.99,0.390311277674,0.477041868369
3.99,0.392655532366,0.446822267236
3.99,0.394888196311,0.416629497847
3.99,0.397007924635,0.386480505906
3.99,0.399013440494,0.356389509489
3.99,0.400903535839,0.326366580128
3.99,0.402677072149,0.296415438675
3.99,0.404332981111,0.266529909148
3.99,0.405870265267,0.236687963759
3.99,0.407287998615,0.206841170717
3.99,0.408585327165,0.176894646844
3.99,0.409761469456,0.146665206361
3.99,0.410815717022,0.11578129925
3.99,0.411747434826,0.0833861508109
3.99,0.412556061634,0.0467923867098
3.99,0.41324111036,0
3.99,0.413802168357,0
3.99,0.414238897663,0
3.99,0.414551035211,0
3.99,0.414738392979,0
3.99,0.414800858111,0
4.0425,0,1.83624128007
4.0425,6.24651316307e-05,1.83624127297
4.0425,0.000249822899863,1.83624114074
4.0425,0.000561960447384,1.83624048537
4.0425,0.000998689754205,1.83623854763
4.0425,0.00155974775092,1.83623416122
4.0425,0.00224479647718,1.83622571965
4.0425,0.00305342328524,1.836211151
4.0425,0.00398514108855,1.83618789851
4.0425,0.00503938865514,1.83615290603
4.0425,0.0062155309457,1.83610260739
4.0425,0.0075128594961,1.83603291958
4.0425,0.00893059284412,1.83593923905
4.0425,0.0104678770002,1.83581644118
4.0425,0.0121237859619,1.83565888247
4.0425,0.0138973222715,1.83546040552
4.0425,0.0157874176171,1.83521434641
4.0425,0.0177929334759,1.83491354449
4.0425,0.0199126618001,1.83455035437
4.0425,0.0221453257447,1.83411666006
4.0425,0.0244895804365,1.83360389096
4.0425,0.0269440137839,1.83300303984
4.0425,0.0295071473283,1.83230468236
4.0425,0.0321774371336,1.83149899831
4.0425,0.0349532747173,1.83057579421
4.0425,0.0378329880186,1.82952452728
4.0425,0.0408148424058,1.82833433063
4.0425,0.0438970417214,1.82699403946
4.0425,0.0470777293637,1.82549221828
4.0425,0.0503549894054,1.82381718895
4.0425,0.0537268477477,1.82195705942
4.0425,0.0571912733091,1.81989975306
4.0425,0.0607461792493,1.81763303855
4.0425,0.0643894242258,1.81514456004
4.0425,0.0681188136841,1.81242186768
4.0425,0.0719321011795,1.80945244828
4.0425,0.07582698973,1.80622375604
4.0425,0.0798011332006,1.8027232433
4.0425,0.0838521377157,1.79893839116
4.0425,0.0879775631017,1.7948567399
4.0425,0.0921749243567,1.79046591922
4.0425,0.0964416931472,1.785753678
4.0425,0.100775299331,1.78070791382
4.0425,0.105173132506,1.7753167019
4.0425,0.109632543582,1.76956832353
4.0425,0.114150846377,1.76345129399
4.0425,0.118725319233,1.75695438976
4.0425,0.12335320666,1.7500666751
4.0425,0.128031720991,1.74277752791
4.0425,0.132758044063,1.73507666483
4.0425,0.137529328917,1.72695416558
4.0425,0.14234270151,1.71840049647
4.0425,0.147195262445,1.70940653306
4.0425,0.152084088721,1.69996358203
4.0425,0.157006235492,1.69006340203
4.0425,0.16195873784,1.67969822385
4.0425,0.166938612565,1.66886076944
4.0425,0.171942859974,1.65754427023
4.0425,0.176968465698,1.64574248438
4.0425,0.182012402498,1.63344971317
4.0425,0.187071632096,1.62066081643
4.0425,0.192143107002,1.60737122705
4.0425,0.197223772347,1.59357696456
4.0425,0.20231056773,1.57927464774
4.0425,0.207400429055,1.56446150634
4.0425,0.212490290381,1.54913539189
4.0425,0.217577085764,1.53329478757
4.0425,0.222657751109,1.51693881716
4.0425,0.227729226015,1.50006725314
4.0425,0.232788455613,1.48268052385
4.0425,0.237832392413,1.46477971987
4.0425,0.242857998136,1.4463665994
4.0425,0.247862245546,1.42744359297
4.0425,0.252842120271,1.40801380716
4.0425,0.257794622619,1.38808102763
4.0425,0.26271676939,1.3676497213
4.0425,0.267605595666,1.34672503778
4.0425,0.272458156601,1.32531281001
4.0425,0.277271529193,1.30341955424
4.0425,0.282042814048,1.2810524692
4.0425,0.28676913712,1.25821943468
4.0425,0.291447651451,1.23492900935
4.0425,0.296075538878,1.21119042801
4.0425,0.300650011734,1.18701359816
4.0425,0.305168314528,1.16240909595
4.0425,0.309627725605,1.1373881616
4.0425,0.31402555878,1.11196269423
4.0425,0.318359164964,1.08614524605
4.0425,0.322625933754,1.05994901612
4.0425,0.326823295009,1.03338784343
4.0425,0.330948720395,1.00647619955
4.0425,0.33499972491,0.979229180574
4.0425,0.338973868381,0.9516624985
4.0425,0.342868756931,0.923792471929
4.0425,0.346682044427,0.895636015956
4.0425,0.350411433885,0.867210631156
4.0425,0.354054678862,0.838534391454
4.0425,0.357609584802,0.809625930605
4.0425,0.361074010363,0.780504426897
4.0425,0.364445868705,0.751189585547
4.0425,0.367723128747,0.721701618053
4.0425,0.370903816389,0.692061217461
4.0425,0.373986015705,0.66228952813
4.0425,0.376967870092,0.632408107962
4.0425,0.379847583394,0.602438880269
4.0425,0.382623420977,0.572404071231
4.0425,0.385293710783,0.542326127107
4.0425,0.387856844327,0.512227602717
4.0425,0.390311277674,0.482131008655
4.0425,0.392655532366,0.452058598369
4.0425,0.394888196311,0.422032066288
4.0425,0.397007924635,0.392072111844
4.0425,0.399013440494,0.362197797046
4.0425,0.400903535839,0.332425578061
4.0425,0.402677072149,0.302767806577
4.0425,0.404332981111,0.273230337303
4.0425,0.405870265267,0.243808561773
4.0425,0.407287998615,0.214480518166
4.0425,0.408585327165,0.185194183647
4.0425,0.409761469456,0.155842104936
4.0425,0.410815717022,0.126204844763
4.0425,0.411747434826,0.0958022049615
4.0425,0.412556061634,0.0633728816453
4.0425,0.41324111036,0.0231568478248
4.0425,0.413802168357,0
4.0425,0.414238897663,0
4.0425,0.414551035211,0
4.0425,0.414738392979,0
4.0425,0.414800858111,0
4.095,0,1.83913074321
4.095,6.24651316307e-05,1.83913073614
4.095,0.000249822899863,1.83913060442
4.095,0.000561960447384,1.83912995125
4.095,0.000998689754205,1.83912801943
4.095,0.00155974775092,1.83912364543
4.095,0.00224479647718,1.83911522621
4.095,0.00305342328524,1.83910069387
4.095,0.00398514108855,1.83907749628
4.095,0.00503938865514,1.83904258234
4.095,0.0062155309457,1.83899239144
4.095,0.0075128594961,1.83892284644
4.095,0.00893059284412,1.83882935
4.095,0.0104678770002,1.83870678397
4.095,0.0121237859619,1.83854951154
4.095,0.0138973222715,1.83835138213
4.095,0.0157874176171,1.83810573878
4.095,0.0177929334759,1.83780542783
4.095,0.0199126618001,1.83744281093
4.095,0.0221453257447,1.83700977908
4.095,0.0244895804365,1.83649776863
4.095,0.0269440137839,1.83589777917
4.095,0.0295071473283,1.83520039308
4.095,0.0321774371336,1.83439579667
4.095,0.0349532747173,1.83347380281
4.095,0.0378329880186,1.83242387485
4.095,0.0408148424058,1.83123515179
4.095,0.0438970417214,1.82989647444
4.095,0.0470777293637,1.82839641269
4.095,0.0503549894054,1.82672329346
4.095,0.0537268477477,1.82486522945
4.095,0.0571912733091,1.82281014852
4.095,0.0607461792493,1.8205458235
4.095,0.0643894242258,1.8180599024
4.095,0.0681188136841,1.81533993892
4.095,0.0719321011795,1.8123734231
4.095,0.07582698973,1.80914781212
4.095,0.0798011332006,1.80565056099
4.095,0.0838521377157,1.80186915321
4.095,0.0879775631017,1.79779113125
4.095,0.0921749243567,1.7934041267
4.095,0.0964416931472,1.78869589019
4.095,0.100775299331,1.78365432081
4.095,0.105173132506,1.77826749514
4.095,0.109632543582,1.77252369573
4.095,0.114150846377,1.76641143898
4.095,0.118725319233,1.75991950244
4.095,0.12335320666,1.75303695139
4.095,0.128031720991,1.74575316479
4.095,0.132758044063,1.73805786035
4.095,0.137529328917,1.72994111898
4.095,0.14234270151,1.72139340827
4.095,0.147195262445,1.7124056053
4.095,0.152084088721,1.70296901844
4.095,0.157006235492,1.69307540839
4.095,0.16195873784,1.68271700825
4.095,0.166938612565,1.67188654276
4.095,0.171942859974,1.66057724655
4.095,0.176968465698,1.64878288156
4.095,0.182012402498,1.63649775343
4.095,0.187071632096,1.62371672703
4.095,0.192143107002,1.61043524107
4.095,0.197223772347,1.59664932172
4.095,0.20231056773,1.58235559538
4.095,0.207400429055,1.56755130045
4.095,0.212490290381,1.55223429824
4.095,0.217577085764,1.53640308298
4.095,0.222657751109,1.52005679087
4.095,0.227729226015,1.50319520835
4.095,0.232788455613,1.48581877938
4.095,0.237832392413,1.46792861194
4.095,0.242857998136,1.44952648368
4.095,0.247862245546,1.43061484668
4.095,0.252842120271,1.41119683152
4.095,0.257794622619,1.39127625041
4.095,0.26271676939,1.37085759971
4.095,0.267605595666,1.34994606156
4.095,0.272458156601,1.32854750489
4.095,0.277271529193,1.30666848566
4.095,0.282042814048,1.28431624649
4.095,0.28676913712,1.26149871559
4.095,0.291447651451,1.2382245051
4.095,0.296075538878,1.21450290882
4.095,0.300650011734,1.19034389939
4.095,0.305168314528,1.16575812497
4.095,0.309627725605,1.14075690534
4.095,0.31402555878,1.11535222764
4.095,0.318359164964,1.08955674157
4.095,0.322625933754,1.06338375426
4.095,0.326823295009,1.03684722473
4.095,0.330948720395,1.00996175798
4.095,0.33499972491,0.982742598756
4.095,0.338973868381,0.955205625002
4.095,0.342868756931,0.92736734095
4.095,0.346682044427,0.899244869885
4.095,0.350411433885,0.870855946502
4.095,0.354054678862,0.8422189088
4.095,0.357609584802,0.813352689374
4.095,0.361074010363,0.784276805931
4.095,0.364445868705,0.755011350725
4.095,0.367723128747,0.725576978518
4.095,0.370903816389,0.695994892453
4.095,0.373986015705,0.666286826982
4.095,0.376967870092,0.63647502661
4.095,0.379847583394,0.606582218658
4.095,0.382623420977,0.576631577467
4.095,0.385293710783,0.546646676256
4.095,0.387856844327,0.516651421085
4.095,0.390311277674,0.486669958647
4.095,0.392655532366,0.456726545409
4.095,0.394888196311,0.426845358944
4.095,0.397007924635,0.397050221515
4.095,0.399013440494,0.367364188013
4.095,0.400903535839,0.337808919651
4.095,0.402677072149,0.308403710316
4.095,0.404332981111,0.279163931889
4.095,0.405870265267,0.250098469721
4.095,0.407287998615,0.221205318156
4.095,0.408585327165,0.192463618524
4.095,0.409761469456,0.163818269615
4.095,0.410815717022,0.135147346483
4.095,0.411747434826,0.106183447656
4.095,0.412556061634,0.0762798450667
4.095,0.41324111036,0.0433695065915
4.095,0.413802168357,0
4.095,0.414238897663,0
4.095,0.414551035211,0
4.095,0.414738392979,0
4.095,0.414800858111,0
4.1475,0,1.84167945684
4.1475,6.24651316307e-05,1.84167944981
4.1475,0.000249822899863,1.84167931852
4.1475,0.000561960447384,1.84167866728
4.1475,0.000998689754205,1.84167674068
4.1475,0.00155974775092,1.84167237761
4.1475,0.00224479647718,1.84166397805
4.1475,0.00305342328524,1.84164947768
4.1475,0.00398514108855,1.84162632842
4.1475,0.00503938865514,1.84159148365
4.1475,0.0062155309457,1.84154138763
4.1475,0.0075128594961,1.8414719684
4.1475,0.00893059284412,1.84137863412
4.1475,0.0104678770002,1.84125627233
4.1475,0.0121237859619,1.8410992521
4.1475,0.0138973222715,1.84090142891
4.1475,0.0157874176171,1.84065615189
4.1475,0.0177929334759,1.84035627358
4.1475,0.0199126618001,1.83999416184
4.1475,0.0221453257447,1.83956171383
4.1475,0.0244895804365,1.83905037203
4.1475,0.0269440137839,1.83845114207
4.1475,0.0295071473283,1.83775461223
4.1475,0.0321774371336,1.83695097461
4.1475,0.0349532747173,1.83603004767
4.1475,0.0378329880186,1.83498130019
4.1475,0.0408148424058,1.83379387635
4.1475,0.0438970417214,1.83245662195
4.1475,0.0470777293637,1.8309581116
4.1475,0.0503549894054,1.82928667669
4.1475,0.0537268477477,1.82743043416
4.1475,0.0571912733091,1.82537731581
4.1475,0.0607461792493,1.82311509814
4.1475,0.0643894242258,1.82063143258
4.1475,0.0681188136841,1.81791387597
4.1475,0.0719321011795,1.81494992122
4.1475,0.07582698973,1.81172702814
4.1475,0.0798011332006,1.8082326541
4.1475,0.0838521377157,1.80445428474
4.1475,0.0879775631017,1.80037946444
4.1475,0.0921749243567,1.7959958265
4.1475,0.0964416931472,1.79129112307
4.1475,0.100775299331,1.7862532546
4.1475,0.105173132506,1.78087029888
4.1475,0.109632543582,1.77513053956
4.1475,0.114150846377,1.76902249404
4.1475,0.118725319233,1.7625349408
4.1475,0.12335320666,1.75565694606
4.1475,0.128031720991,1.74837788967
4.1475,0.132758044063,1.74068749031
4.1475,0.137529328917,1.73257582991
4.1475,0.14234270151,1.72403337723
4.1475,0.147195262445,1.71505101062
4.1475,0.152084088721,1.70562003999
4.1475,0.157006235492,1.69573222778
4.1475,0.16195873784,1.68537980917
4.1475,0.166938612565,1.67455551129
4.1475,0.171942859974,1.66325257162
4.1475,0.176968465698,1.65146475536
4.1475,0.182012402498,1.63918637198
4.1475,0.187071632096,1.62641229079
4.1475,0.192143107002,1.61313795556
4.1475,0.197223772347,1.59935939832
4.1475,0.20231056773,1.58507325209
4.1475,0.207400429055,1.57027676286
4.1475,0.212490290381,1.55496780052
4.1475,0.217577085764,1.53914486894
4.1475,0.222657751109,1.52280711525
4.1475,0.227729226015,1.50595433808
4.1475,0.232788455613,1.48858699507
4.1475,0.237832392413,1.47070620945
4.1475,0.242857998136,1.45231377586
4.1475,0.247862245546,1.43341216531
4.1475,0.252842120271,1.41400452934
4.1475,0.257794622619,1.39409470343
4.1475,0.26271676939,1.37368720969
4.1475,0.267605595666,1.35278725874
4.1475,0.272458156601,1.33140075099
4.1475,0.277271529193,1.30953427715
4.1475,0.282042814048,1.28719511823
4.1475,0.28676913712,1.26439124478
4.1475,0.291447651451,1.24113131567
4.1475,0.296075538878,1.21742467628
4.1475,0.300650011734,1.19328135617
4.1475,0.305168314528,1.16871206637
4.1475,0.309627725605,1.14372819613
4.1475,0.31402555878,1.11834180941
4.1475,0.318359164964,1.09256564095
4.1475,0.322625933754,1.06641309211
4.1475,0.326823295009,1.03989822648
4.1475,0.330948720395,1.01303576527
4.1475,0.33499972491,0.985841082584
4.1475,0.338973868381,0.958330200677
4.1475,0.342868756931,0.930519785085
4.1475,0.346682044427,0.902427139831
4.1475,0.350411433885,0.874070202665
4.1475,0.354054678862,0.845467540374
4.1475,0.357609584802,0.816638344159
4.1475,0.361074010363,0.787602425058
4.1475,0.364445868705,0.758380209325
4.1475,0.367723128747,0.728992733627
4.1475,0.370903816389,0.699461639801
4.1475,0.373986015705,0.669809168774
4.1475,0.376967870092,0.640058153023
4.1475,0.379847583394,0.610232006633
4.1475,0.382623420977,0.580354711512
4.1475,0.385293710783,0.550450797591
4.1475,0.387856844327,0.520545313761
4.1475,0.390311277674,0.490663784538
4.1475,0.392655532366,0.460832144839
4.1475,0.394888196311,0.431076641014
4.1475,0.397007924635,0.401423679411
4.1475,0.399013440494,0.371899592446
4.1475,0.400903535839,0.342530272797
4.1475,0.402677072149,0.313340592339
4.1475,0.404332981111,0.284353460443
4.1475,0.405870265267,0.255588258063
4.1475,0.407287998615,0.227058146587
4.1475,0.408585327165,0.198765241796
4.1475,0.409761469456,0.170691462179
4.1475,0.410815717022,0.142779817883
4.1475,0.411747434826,0.114891884378
4.1475,0.412556061634,0.086694429788
4.1475,0.41324111036,0.0572621096429
4.1475,0.413802168357,0.022374140605
4.1475,0.414238897663,0
4.1475,0.414551035211,0
4.1475,0.414738392979,0
4.1475,0.414800858111,0
4.2,0,1.84388772926
4.2,6.24651316307e-05,1.84388772224
4.2,0.000249822899863,1.84388759134
4.2,0.000561960447384,1.84388694178
4.2,0.000998689754205,1.84388501968
4.2,0.00155974775092,1.84388066605
4.2,0.00224479647718,1.8438722835
4.2,0.00305342328524,1.84385781078
4.2,0.00398514108855,1.84383470332
4.2,0.00503938865514,1.8437999184
4.2,0.0062155309457,1.84374990446
4.2,0.0075128594961,1.84368059408
4.2,0.00893059284412,1.84358740012
4.2,0.0104678770002,1.84346521508
4.2,0.0121237859619,1.84330841314
4.2,0.0138973222715,1.84311085498
4.2,0.0157874176171,1.84286589507
4.2,0.0177929334759,1.8425663913
4.2,0.0199126618001,1.84220471689
4.2,0.0221453257447,1.84177277435
4.2,0.0244895804365,1.84126201149
4.2,0.0269440137839,1.84066343915
4.2,0.0295071473283,1.83996765075
4.2,0.0321774371336,1.83916484341
4.2,0.0349532747173,1.83824484043
4.2,0.0378329880186,1.83719711529
4.2,0.0408148424058,1.83601081669
4.2,0.0438970417214,1.83467479473
4.2,0.0470777293637,1.83317762813
4.2,0.0503549894054,1.83150765218
4.2,0.0537268477477,1.82965298747
4.2,0.0571912733091,1.82760156923
4.2,0.0607461792493,1.82534117716
4.2,0.0643894242258,1.82285946565
4.2,0.0681188136841,1.82014399425
4.2,0.0719321011795,1.81718225841
4.2,0.07582698973,1.81396172018
4.2,0.0798011332006,1.81046983901
4.2,0.0838521377157,1.80669410239
4.2,0.0879775631017,1.80262205636
4.2,0.0921749243567,1.79824133572
4.2,0.0964416931472,1.79353969393
4.2,0.100775299331,1.78850503262
4.2,0.105173132506,1.78312543065
4.2,0.109632543582,1.7773891726
4.2,0.114150846377,1.77128477676
4.2,0.118725319233,1.76480102243
4.2,0.12335320666,1.75792697661
4.2,0.128031720991,1.75065201995
4.2,0.132758044063,1.74296587195
4.2,0.137529328917,1.73485861543
4.2,0.14234270151,1.72632072015
4.2,0.147195262445,1.71734306558
4.2,0.152084088721,1.70791696293
4.2,0.157006235492,1.69803417615
4.2,0.16195873784,1.68768694219
4.2,0.166938612565,1.67686799028
4.2,0.171942859974,1.6655705603
4.2,0.176968465698,1.65378842031
4.2,0.182012402498,1.64151588305
4.2,0.187071632096,1.62874782162
4.2,0.192143107002,1.61547968421
4.2,0.197223772347,1.60170750782
4.2,0.20231056773,1.58742793125
4.2,0.207400429055,1.57263820696
4.2,0.212490290381,1.55733621224
4.2,0.217577085764,1.5415204593
4.2,0.222657751109,1.52519010462
4.2,0.227729226015,1.50834495736
4.2,0.232788455613,1.49098548692
4.2,0.237832392413,1.47311282968
4.2,0.242857998136,1.4547287949
4.2,0.247862245546,1.43583586987
4.2,0.252842120271,1.41643722419
4.2,0.257794622619,1.39653671336
4.2,0.26271676939,1.37613888164
4.2,0.267605595666,1.35524896417
4.2,0.272458156601,1.33387288843
4.2,0.277271529193,1.31201727505
4.2,0.282042814048,1.28968943802
4.2,0.28676913712,1.26689738432
4.2,0.291447651451,1.243649813
4.2,0.296075538878,1.21995611374
4.2,0.300650011734,1.19582636505
4.2,0.305168314528,1.17127133193
4.2,0.309627725605,1.14630246331
4.2,0.31402555878,1.12093188907
4.2,0.318359164964,1.09517241692
4.2,0.322625933754,1.06903752905
4.2,0.326823295009,1.04254137868
4.2,0.330948720395,1.01569878658
4.2,0.33499972491,0.988525237645
4.2,0.338973868381,0.961036877611
4.2,0.342868756931,0.933250509949
4.2,0.346682044427,0.905183593126
4.2,0.350411433885,0.876854238252
4.2,0.354054678862,0.848281207261
4.2,0.357609584802,0.819483911709
4.2,0.361074010363,0.790482412295
4.2,0.364445868705,0.761297419185
4.2,0.367723128747,0.731950293226
4.2,0.370903816389,0.702463048054
4.2,0.373986015705,0.672858353088
4.2,0.376967870092,0.643159537274
4.2,0.379847583394,0.613390593296
4.2,0.382623420977,0.583576181732
4.2,0.385293710783,0.553741634248
4.2,0.387856844327,0.523912954324
4.2,0.390311277674,0.494116813066
4.2,0.392655532366,0.464380536156
4.2,0.394888196311,0.434732075541
4.2,0.397007924635,0.405199955514
4.2,0.399013440494,0.375813176142
4.2,0.400903535839,0.346601045607
4.2,0.402677072149,0.317592893002
4.2,0.404332981111,0.288817576659
4.2,0.405870265267,0.260302634374
4.2,0.407287998615,0.232072785794
4.2,0.408585327165,0.204147212302
4.2,0.409761469456,0.176534399407
4.2,0.410815717022,0.149221752623
4.2,0.411747434826,0.122152842073
4.2,0.412556061634,0.0951709182268
4.2,0.41324111036,0.0678477543976
4.2,0.413802168357,0.0387220032991
4.2,0.414238897663,0
4.2,0.414551035211,0
4.2,0.414738392979,0
4.2,0.414800858111,0
4.2525,0,1.84575582527
4.2525,6.24651316307e-05,1.84575581828
4.2525,0.000249822899863,1.84575568769
4.2525,0.000561960447384,1.84575503954
4.2525,0.000998689754205,1.84575312124
4.2525,0.00155974775092,1.8457487756
4.2525,0.00224479647718,1.84574040741
4.2525,0.00305342328524,1.84572595805
4.2525,0.00398514108855,1.8457028859
4.2525,0.00503938865514,1.84566815154
4.2525,0.0062155309457,1.84561820696
4.2525,0.0075128594961,1.84554898854
4.2525,0.00893059284412,1.84545591317
4.2525,0.0104678770002,1.84533387751
4.2525,0.0121237859619,1.84517726006
4.2525,0.0138973222715,1.84497992592
4.2525,0.0157874176171,1.84473523406
4.2525,0.0177929334759,1.84443604689
4.2525,0.0199126618001,1.84407474217
4.2525,0.0221453257447,1.84364322697
4.2525,0.0244895804365,1.84313295357
4.2525,0.0269440137839,1.84253493724
4.2525,0.0295071473283,1.84183977576
4.2525,0.0321774371336,1.84103767046
4.2525,0.0349532747173,1.84011844879
4.2525,0.0378329880186,1.83907158817
4.2525,0.0408148424058,1.83788624114
4.2525,0.0438970417214,1.83655126145
4.2525,0.0470777293637,1.83505523131
4.2525,0.0503549894054,1.83338648928
4.2525,0.0537268477477,1.83153315907
4.2525,0.0571912733091,1.82948317881
4.2525,0.0607461792493,1.82722433092
4.2525,0.0643894242258,1.82474427228
4.2525,0.0681188136841,1.82203056478
4.2525,0.0719321011795,1.81907070596
4.2525,0.07582698973,1.81585215982
4.2525,0.0798011332006,1.81236238755
4.2525,0.0838521377157,1.80858887823
4.2525,0.0879775631017,1.8045191793
4.2525,0.0921749243567,1.80014092682
4.2525,0.0964416931472,1.79544187538
4.2525,0.100775299331,1.79040992762
4.2525,0.105173132506,1.78503316327
4.2525,0.109632543582,1.77929986774
4.2525,0.114150846377,1.77319856006
4.2525,0.118725319233,1.76671802021
4.2525,0.12335320666,1.75984731587
4.2525,0.128031720991,1.75257582835
4.2525,0.132758044063,1.74489327787
4.2525,0.137529328917,1.73678974798
4.2525,0.14234270151,1.72825570928
4.2525,0.147195262445,1.7192820422
4.2525,0.152084088721,1.70986005902
4.2525,0.157006235492,1.69998152498
4.2525,0.16195873784,1.68963867853
4.2525,0.166938612565,1.67882425063
4.2525,0.171942859974,1.66753148321
4.2525,0.176968465698,1.6557541467
4.2525,0.182012402498,1.64348655663
4.2525,0.187071632096,1.63072358929
4.2525,0.192143107002,1.61746069654
4.2525,0.197223772347,1.60369391963
4.2525,0.20231056773,1.58941990214
4.2525,0.207400429055,1.57463590204
4.2525,0.212490290381,1.55933980282
4.2525,0.217577085764,1.5435301237
4.2525,0.222657751109,1.52720602905
4.2525,0.227729226015,1.51036733687
4.2525,0.232788455613,1.49301452646
4.2525,0.237832392413,1.47514874526
4.2525,0.242857998136,1.45677181484
4.2525,0.247862245546,1.43788623617
4.2525,0.252842120271,1.41849519405
4.2525,0.257794622619,1.39860256082
4.2525,0.26271676939,1.37821289937
4.2525,0.267605595666,1.35733146546
4.2525,0.272458156601,1.33596420933
4.2525,0.277271529193,1.31411777676
4.2525,0.282042814048,1.29179950949
4.2525,0.28676913712,1.2690174451
4.2525,0.291447651451,1.24578031639
4.2525,0.296075538878,1.22209755029
4.2525,0.300650011734,1.19797926639
4.2525,0.305168314528,1.17343627504
4.2525,0.309627725605,1.14848007525
4.2525,0.31402555878,1.12312285223
4.2525,0.318359164964,1.09737747492
4.2525,0.322625933754,1.07125749328
4.2525,0.326823295009,1.04477713566
4.2525,0.330948720395,1.01795130626
4.2525,0.33499972491,0.990795582769
4.2525,0.338973868381,0.963326214265
4.2525,0.342868756931,0.935560119614
4.2525,0.346682044427,0.90751488639
4.2525,0.350411433885,0.879208770525
4.2525,0.354054678862,0.850660696846
4.2525,0.357609584802,0.821890260677
4.2525,0.361074010363,0.792917730725
4.2525,0.364445868705,0.763764053447
4.2525,0.367723128747,0.734450859166
4.2525,0.370903816389,0.705000470171
4.2525,0.373986015705,0.675435911063
4.2525,0.376967870092,0.645780921626
4.2525,0.379847583394,0.616059972445
4.2525,0.382623420977,0.586298283459
4.2525,0.385293710783,0.55652184552
4.2525,0.387856844327,0.526757444806
4.2525,0.390311277674,0.497032689567
4.2525,0.392655532366,0.467376038026
4.2525,0.394888196311,0.437816825144
4.2525,0.397007924635,0.408385284013
4.2525,0.399013440494,0.379112554313
4.2525,0.400903535839,0.350030664385
4.2525,0.402677072149,0.321172462941
4.2525,0.404332981111,0.292571457074
4.2525,0.405870265267,0.264261476449
4.2525,0.407287998615,0.236276010917
4.2525,0.408585327165,0.208646918156
4.2525,0.409761469456,0.181401865707
4.2525,0.410815717022,0.154559080538
4.2525,0.411747434826,0.128115895496
4.2525,0.412556061634,0.102021293376
4.2525,0.41324111036,0.0760995361104
4.2525,0.413802168357,0.0497748024445
4.2525,0.414238897663,0.020227038207
4.2525,0.414551035211,0
4.2525,0.414738392979,0
4.2525,0.414800858111,0
4.305,0,1.84728396724
4.305,6.24651316307e-05,1.84728396026
4.305,0.000249822899863,1.84728382994
4.305,0.000561960447384,1.84728318294
4.305,0.000998689754205,1.84728126776
4.305,0.00155974775092,1.84727692863
4.305,0.00224479647718,1.84726857217
4.305,0.00305342328524,1.84725414189
4.305,0.00398514108855,1.8472310986
4.305,0.00503938865514,1.84719640555
4.305,0.0062155309457,1.84714651766
4.305,0.0075128594961,1.8470773744
4.305,0.00893059284412,1.84698439594
4.305,0.0104678770002,1.84686248237
4.305,0.0121237859619,1.84670601573
4.305,0.0138973222715,1.84650886472
4.305,0.0157874176171,1.84626439197
4.305,0.0177929334759,1.84596546362
4.305,0.0199126618001,1.84560446116
4.305,0.0221453257447,1.84517329534
4.305,0.0244895804365,1.84466342213
4.305,0.0269440137839,1.84406586043
4.305,0.0295071473283,1.84337121156
4.305,0.0321774371336,1.84256968032
4.305,0.0349532747173,1.84165109754
4.305,0.0378329880186,1.8406049439
4.305,0.0408148424058,1.83942037505
4.305,0.0438970417214,1.83808624775
4.305,0.0470777293637,1.83659114704
4.305,0.0503549894054,1.83492341419
4.305,0.0537268477477,1.83307117545
4.305,0.0571912733091,1.83102237134
4.305,0.0607461792493,1.82876478647
4.305,0.0643894242258,1.82628607981
4.305,0.0681188136841,1.82357381513
4.305,0.0719321011795,1.82061549172
4.305,0.07582698973,1.81739857514
4.305,0.0798011332006,1.81391052804
4.305,0.0838521377157,1.81013884077
4.305,0.0879775631017,1.80607106194
4.305,0.0921749243567,1.80169482865
4.305,0.0964416931472,1.79699789641
4.305,0.100775299331,1.79196816867
4.305,0.105173132506,1.78659372591
4.305,0.109632543582,1.78086285419
4.305,0.114150846377,1.77476407315
4.305,0.118725319233,1.76828616334
4.305,0.12335320666,1.761418193
4.305,0.128031720991,1.75414954398
4.305,0.132758044063,1.74646993706
4.305,0.137529328917,1.73836945641
4.305,0.14234270151,1.72983857331
4.305,0.147195262445,1.72086816897
4.305,0.152084088721,1.71144955655
4.305,0.157006235492,1.70157450234
4.305,0.16195873784,1.69123524599
4.305,0.166938612565,1.68042451989
4.305,0.171942859974,1.66913556764
4.305,0.176968465698,1.65736216161
4.305,0.182012402498,1.64509861956
4.305,0.187071632096,1.6323398204
4.305,0.192143107002,1.61908121899
4.305,0.197223772347,1.60531886
4.305,0.20231056773,1.59104939097
4.305,0.207400429055,1.57627007431
4.305,0.212490290381,1.56097879856
4.305,0.217577085764,1.54517408865
4.305,0.222657751109,1.52885511539
4.305,0.227729226015,1.51202170396
4.305,0.232788455613,1.49467434174
4.305,0.237832392413,1.47681418515
4.305,0.242857998136,1.45844306581
4.305,0.247862245546,1.43956349582
4.305,0.252842120271,1.42017867235
4.305,0.257794622619,1.40029248145
4.305,0.26271676939,1.3799095012
4.305,0.267605595666,1.35903500411
4.305,0.272458156601,1.33767495897
4.305,0.277271529193,1.31583603202
4.305,0.282042814048,1.29352558756
4.305,0.28676913712,1.27075168809
4.305,0.291447651451,1.24752309386
4.305,0.296075538878,1.22384926211
4.305,0.300650011734,1.19974034581
4.305,0.305168314528,1.17520719221
4.305,0.309627725605,1.15026134099
4.305,0.31402555878,1.12491502236
4.305,0.318359164964,1.09918115497
4.305,0.322625933754,1.07307334382
4.305,0.326823295009,1.04660587828
4.305,0.330948720395,1.01979373024
4.305,0.33499972491,0.99265255265
4.305,0.338973868381,0.9651986784
4.305,0.342868756931,0.93744911987
4.305,0.346682044427,0.90942156921
4.305,0.350411433885,0.881134399587
4.305,0.354054678862,0.852606667601
4.305,0.357609584802,0.823858117133
4.305,0.361074010363,0.7949091849
4.305,0.364445868705,0.765781008048
4.305,0.367723128747,0.736495434152
4.305,0.370903816389,0.707075034057
4.305,0.373986015705,0.677543118041
4.305,0.376967870092,0.647923755865
4.305,0.379847583394,0.618241801354
4.305,0.382623420977,0.588522922223
4.305,0.385293710783,0.558793635944
4.305,0.387856844327,0.529081352556
4.305,0.390311277674,0.499414425308
4.305,0.392655532366,0.469822210024
4.305,0.394888196311,0.440335133909
4.305,0.397007924635,0.410984774008
4.305,0.399013440494,0.381803944572
4.305,0.400903535839,0.352826790475
4.305,0.402677072149,0.324088879797
4.305,0.404332981111,0.295627280614
4.305,0.405870265267,0.267480591008
4.305,0.407287998615,0.239688858541
4.305,0.408585327165,0.212293256053
4.305,0.409761469456,0.185335226739
4.305,0.410815717022,0.158854447471
4.305,0.411747434826,0.132884023873
4.305,0.412556061634,0.10743864062
4.305,0.41324111036,0.0824823279693
4.305,0.413802168357,0.0578236296027
4.305,0.414238897663,0.0326272845822
4.305,0.414551035211,0
4.305,0.414738392979,0
4.305,0.414800858111,0
4.3575,0,1.84847233595
4.3575,6.24651316307e-05,1.84847232899
4.3575,0.000249822899863,1.84847219886
4.3575,0.000561960447384,1.84847155276
4.3575,0.000998689754205,1.84846963999
4.3575,0.00155974775092,1.84846530592
4.3575,0.00224479647718,1.84845695858
4.3575,0.00305342328524,1.84844254313
4.3575,0.00398514108855,1.84841952226
4.3575,0.00503938865514,1.8483848613
4.3575,0.0062155309457,1.84833501745
4.3575,0.0075128594961,1.8482659326
4.3575,0.00893059284412,1.84817302946
4.3575,0.0104678770002,1.84805121078
4.3575,0.0121237859619,1.84789486133
4.3575,0.0138973222715,1.84769785265
4.3575,0.0157874176171,1.84745355021
4.3575,0.0177929334759,1.84715482304
4.3575,0.0199126618001,1.84679405551
4.3575,0.0221453257447,1.84636316128
4.3575,0.0244895804365,1.84585359915
4.3575,0.0269440137839,1.84525639086
4.3575,0.0295071473283,1.84456214049
4.3575,0.0321774371336,1.84376105555
4.3575,0.0349532747173,1.84284296947
4.3575,0.0378329880186,1.84179736547
4.3575,0.0408148424058,1.84061340163
4.3575,0.0438970417214,1.83927993706
4.3575,0.0470777293637,1.837785559
4.3575,0.0503549894054,1.83611861083
4.3575,0.0537268477477,1.83426722077
4.3575,0.0571912733091,1.83221933118
4.3575,0.0607461792493,1.82996272844
4.3575,0.0643894242258,1.82748507308
4.3575,0.0681188136841,1.82477393037
4.3575,0.0719321011795,1.82181680094
4.3575,0.07582698973,1.8186011516
4.3575,0.0798011332006,1.81511444611
4.3575,0.0838521377157,1.81134417582
4.3575,0.0879775631017,1.80727789025
4.3575,0.0921749243567,1.8029032273
4.3575,0.0964416931472,1.79820794321
4.3575,0.100775299331,1.79317994206
4.3575,0.105173132506,1.78780730491
4.3575,0.109632543582,1.78207831833
4.3575,0.114150846377,1.77598150244
4.3575,0.118725319233,1.76950563823
4.3575,0.12335320666,1.76263979436
4.3575,0.128031720991,1.75537335312
4.3575,0.132758044063,1.74769603572
4.3575,0.137529328917,1.73959792682
4.3575,0.14234270151,1.73106949822
4.3575,0.147195262445,1.72210163171
4.3575,0.152084088721,1.71268564117
4.3575,0.157006235492,1.70281329369
4.3575,0.16195873784,1.69247682985
4.3575,0.166938612565,1.68166898314
4.3575,0.171942859974,1.67038299845
4.3575,0.176968465698,1.65861264966
4.3575,0.182012402498,1.64635225627
4.3575,0.187071632096,1.63359669922
4.3575,0.192143107002,1.62034143566
4.3575,0.197223772347,1.60658251297
4.3575,0.20231056773,1.59231658168
4.3575,0.207400429055,1.5775409077
4.3575,0.212490290381,1.56225338346
4.3575,0.217577085764,1.54645253834
4.3575,0.222657751109,1.53013754809
4.3575,0.227729226015,1.5133082435
4.3575,0.232788455613,1.49596511818
4.3575,0.237832392413,1.47810933554
4.3575,0.242857998136,1.45974273495
4.3575,0.247862245546,1.44086783715
4.3575,0.252842120271,1.4214878489
4.3575,0.257794622619,1.40160666687
4.3575,0.26271676939,1.38122888087
4.3575,0.267605595666,1.36035977645
4.3575,0.272458156601,1.33900533672
4.3575,0.277271529193,1.31717224378
4.3575,0.282042814048,1.29486787941
4.3575,0.28676913712,1.27210032539
4.3575,0.291447651451,1.24887836324
4.3575,0.296075538878,1.22521147363
4.3575,0.300650011734,1.20110983541
4.3575,0.305168314528,1.17658432433
4.3575,0.309627725605,1.1516465116
4.3575,0.31402555878,1.12630866219
4.3575,0.318359164964,1.1005837332
4.3575,0.322625933754,1.07448537221
4.3575,0.326823295009,1.04802791573
4.3575,0.330948720395,1.02122638798
4.3575,0.33499972491,0.994096500036
4.3575,0.338973868381,0.966654649501
4.3575,0.342868756931,0.938917920942
4.3575,0.346682044427,0.910904087197
4.3575,0.350411433885,0.88263161184
4.3575,0.354054678862,0.854119653039
4.3575,0.357609584802,0.825388069113
4.3575,0.361074010363,0.79645742612
4.3575,0.364445868705,0.767349007897
4.3575,0.367723128747,0.738084829016
4.3575,0.370903816389,0.708687651208
4.3575,0.373986015705,0.67918100393
4.3575,0.376967870092,0.649589209833
4.3575,0.379847583394,0.619937416082
4.3575,0.382623420977,0.59025163264
4.3575,0.385293710783,0.560558778855
4.3575,0.387856844327,0.530886739973
4.3575,0.390311277674,0.501264435529
4.3575,0.392655532366,0.471721901986
4.3575,0.394888196311,0.442290392445
4.3575,0.397007924635,0.413002496837
4.3575,0.399013440494,0.383892286561
4.3575,0.400903535839,0.354995488073
4.3575,0.402677072149,0.326349690158
4.3575,0.404332981111,0.297994588958
4.3575,0.405870265267,0.269972272081
4.3575,0.407287998615,0.242327535121
4.3575,0.408585327165,0.215108203691
4.3575,0.409761469456,0.188365383498
4.3575,0.410815717022,0.162153432796
4.3575,0.411747434826,0.136529109693
4.3575,0.412556061634,0.111548358572
4.3575,0.41324111036,0.0872559749948
4.3575,0.413802168357,0.0636507391704
4.3575,0.414238897663,0.0405412275804
4.3575,0.414551035211,0.0165001063695
4.3575,0.414738392979,0
4.3575,0.414800858111,0
4.41,0,1.84932107129
4.41,6.24651316307e-05,1.84932106433
4.41,0.000249822899863,1.84932093435
4.41,0.000561960447384,1.84932028889
4.41,0.000998689754205,1.84931837784
4.41,0.00155974775092,1.84931404738
4.41,0.00224479647718,1.84930570654
4.41,0.00305342328524,1.84929130167
4.41,0.00398514108855,1.8492682968
4.41,0.00503938865514,1.84923365876
4.41,0.0062155309457,1.84918384635
4.41,0.0075128594961,1.84911480318
4.41,0.00893059284412,1.84902195381
4.41,0.0104678770002,1.84890020286
4.41,0.0121237859619,1.84874393708
4.41,0.0138973222715,1.84854703
4.41,0.0157874176171,1.84830284915
4.41,0.0177929334759,1.84800426561
4.41,0.0199126618001,1.84764366581
4.41,0.0221453257447,1.84721296548
4.41,0.0244895804365,1.84670362546
4.41,0.0269440137839,1.84610666951
4.41,0.0295071473283,1.84541270368
4.41,0.0321774371336,1.8446119374
4.41,0.0349532747173,1.84369420599
4.41,0.0378329880186,1.84264899447
4.41,0.0408148424058,1.84146546267
4.41,0.0438970417214,1.84013247134
4.41,0.0470777293637,1.83863860933
4.41,0.0503549894054,1.83697222151
4.41,0.0537268477477,1.83512143751
4.41,0.0571912733091,1.83307420104
4.41,0.0607461792493,1.83081829968
4.41,0.0643894242258,1.82834139513
4.41,0.0681188136841,1.82563105371
4.41,0.0719321011795,1.82267477701
4.41,0.07582698973,1.81946003273
4.41,0.0798011332006,1.81597428542
4.41,0.0838521377157,1.81220502717
4.41,0.0879775631017,1.80813980813
4.41,0.0921749243567,1.80376626679
4.41,0.0964416931472,1.79907215987
4.41,0.100775299331,1.79404539196
4.41,0.105173132506,1.78867404449
4.41,0.109632543582,1.78294640442
4.41,0.114150846377,1.7768509922
4.41,0.118725319233,1.77037658914
4.41,0.12335320666,1.7635122642
4.41,0.128031720991,1.75624739997
4.41,0.132758044063,1.74857171799
4.41,0.137529328917,1.74047530325
4.41,0.14234270151,1.73194862793
4.41,0.147195262445,1.72298257425
4.41,0.152084088721,1.71356845658
4.41,0.157006235492,1.70369804257
4.41,0.16195873784,1.69336357348
4.41,0.166938612565,1.68255778359
4.41,0.171942859974,1.67127391871
4.41,0.176968465698,1.65950575378
4.41,0.182012402498,1.64724760954
4.41,0.187071632096,1.63449436837
4.41,0.192143107002,1.62124148909
4.41,0.197223772347,1.60748502094
4.41,0.20231056773,1.59322161666
4.41,0.207400429055,1.57844854459
4.41,0.212490290381,1.56316369997
4.41,0.217577085764,1.54736561531
4.41,0.222657751109,1.53105346992
4.41,0.227729226015,1.51422709856
4.41,0.232788455613,1.4968869993
4.41,0.237832392413,1.4790343405
4.41,0.242857998136,1.46067096707
4.41,0.247862245546,1.4417994059
4.41,0.252842120271,1.42242287057
4.41,0.257794622619,1.40254526531
4.41,0.26271676939,1.38217118833
4.41,0.267605595666,1.36130593439
4.41,0.272458156601,1.33995549686
4.41,0.277271529193,1.3181265691
4.41,0.282042814048,1.29582654535
4.41,0.28676913712,1.2730635211
4.41,0.291447651451,1.24984629302
4.41,0.296075538878,1.22618435846
4.41,0.300650011734,1.20208791468
4.41,0.305168314528,1.17756785773
4.41,0.309627725605,1.15263578121
4.41,0.31402555878,1.12730397485
4.41,0.318359164964,1.10158542311
4.41,0.322625933754,1.07549380382
4.41,0.326823295009,1.04904348702
4.41,0.330948720395,1.02224953411
4.41,0.33499972491,0.995127697487
4.41,0.338973868381,0.96769442073
4.41,0.342868756931,0.93996683967
4.41,0.346682044427,0.911962784435
4.41,0.350411433885,0.883700782765
4.41,0.354054678862,0.855200064888
4.41,0.357609584802,0.826480570276
4.41,0.361074010363,0.797562956665
4.41,0.364445868705,0.768468611814
4.41,0.367723128747,0.739219668529
4.41,0.370903816389,0.709839023606
4.41,0.373986015705,0.680350361462
4.41,0.376967870092,0.650778183399
4.41,0.379847583394,0.621147843612
4.41,0.382623420977,0.59148559336
4.41,0.385293710783,0.561818634984
4.41,0.387856844327,0.532175187903
4.41,0.390311277674,0.502584569254
4.41,0.392655532366,0.473077292518
4.41,0.394888196311,0.443685188405
4.41,0.397007924635,0.414441553482
4.41,0.399013440494,0.38538133365
4.41,0.400903535839,0.356541351736
4.41,0.402677072149,0.327960591459
4.41,0.404332981111,0.299680553946
4.41,0.405870265267,0.271745708374
4.41,0.407287998615,0.244204065221
4.41,0.408585327165,0.217107909053
4.41,0.409761469456,0.190514735773
4.41,0.410815717022,0.164488439109
4.41,0.411747434826,0.139100754926
4.41,0.412556061634,0.114432798804
4.41,0.41324111036,0.0905758293162
4.41,0.413802168357,0.067627372775
4.41,0.414238897663,0.045663508338
4.41,0.414551035211,0.0245513812496
4.41,0.414738392979,0
4.41,0.414800858111,0
4.4625,0,1.84983027278
4.4625,6.24651316307e-05,1.84983026583
4.4625,0.000249822899863,1.84983013594
4.4625,0.000561960447384,1.84982949086
4.4625,0.000998689754205,1.84982758084
4.4625,0.00155974775092,1.84982325255
4.4625,0.00224479647718,1.84981491561
4.4625,0.00305342328524,1.84980051708
4.4625,0.00398514108855,1.84977752181
4.4625,0.00503938865514,1.8497428975
4.4625,0.0062155309457,1.84969310394
4.4625,0.0075128594961,1.84962408578
4.4625,0.00893059284412,1.84953126865
4.4625,0.0104678770002,1.84940955833
4.4625,0.0121237859619,1.84925334273
4.4625,0.0138973222715,1.84905649659
4.4625,0.0157874176171,1.84881238867
4.4625,0.0177929334759,1.84851389127
4.4625,0.0199126618001,1.84815339209
4.4625,0.0221453257447,1.84772280806
4.4625,0.0244895804365,1.84721360128
4.4625,0.0269440137839,1.84661679668
4.4625,0.0295071473283,1.84592300153
4.4625,0.0321774371336,1.84512242641
4.4625,0.0349532747173,1.84420490775
4.4625,0.0378329880186,1.84315993168
4.4625,0.0408148424058,1.84197665904
4.4625,0.0438970417214,1.84064395161
4.4625,0.0470777293637,1.83915039918
4.4625,0.0503549894054,1.83748434752
4.4625,0.0537268477477,1.83563392711
4.4625,0.0571912733091,1.83358708245
4.4625,0.0607461792493,1.83133160187
4.4625,0.0643894242258,1.82885514775
4.4625,0.0681188136841,1.82614528705
4.4625,0.0719321011795,1.82318952194
4.4625,0.07582698973,1.81997532066
4.4625,0.0798011332006,1.81649014822
4.4625,0.0838521377157,1.81272149715
4.4625,0.0879775631017,1.808656918
4.4625,0.0921749243567,1.80428404959
4.4625,0.0964416931472,1.79959064896
4.4625,0.100775299331,1.79456462096
4.4625,0.105173132506,1.78919404729
4.4625,0.109632543582,1.78346721512
4.4625,0.114150846377,1.77737264509
4.4625,0.118725319233,1.77089911872
4.4625,0.12335320666,1.76403570514
4.4625,0.128031720991,1.75677178714
4.4625,0.132758044063,1.74909708643
4.4625,0.137529328917,1.74100168821
4.4625,0.14234270151,1.73247606488
4.4625,0.147195262445,1.72351109893
4.4625,0.152084088721,1.71409810502
4.4625,0.157006235492,1.70422885113
4.4625,0.16195873784,1.69389557894
4.4625,0.166938612565,1.6830910232
4.4625,0.171942859974,1.67180843024
4.4625,0.176968465698,1.66004157567
4.4625,0.182012402498,1.64778478097
4.4625,0.187071632096,1.63503292936
4.4625,0.192143107002,1.62178148068
4.4625,0.197223772347,1.60802648529
4.4625,0.20231056773,1.59376459722
4.4625,0.207400429055,1.5789930863
4.4625,0.212490290381,1.56370984944
4.4625,0.217577085764,1.54791342102
4.4625,0.222657751109,1.53160298249
4.4625,0.227729226015,1.51477837098
4.4625,0.232788455613,1.49744008722
4.4625,0.237832392413,1.47958930256
4.4625,0.242857998136,1.46122786522
4.4625,0.247862245546,1.44235830577
4.4625,0.252842120271,1.42298384187
4.4625,0.257794622619,1.40310838229
4.4625,0.26271676939,1.38273653024
4.4625,0.267605595666,1.36187358604
4.4625,0.272458156601,1.34052554916
4.4625,0.277271529193,1.31869911972
4.4625,0.282042814048,1.29640169942
4.4625,0.28676913712,1.27364139196
4.4625,0.291447651451,1.25042700307
4.4625,0.296075538878,1.2267680401
4.4625,0.300650011734,1.20267471131
4.4625,0.305168314528,1.17815792491
4.4625,0.309627725605,1.15322928791
4.4625,0.31402555878,1.12790110484
4.4625,0.318359164964,1.10218637652
4.4625,0.322625933754,1.07609879889
4.4625,0.326823295009,1.04965276205
4.4625,0.330948720395,1.02286334963
4.4625,0.33499972491,0.995746338733
4.4625,0.338973868381,0.968318200426
4.4625,0.342868756931,0.940596101185
4.4625,0.346682044427,0.91259790537
4.4625,0.350411433885,0.88434217906
4.4625,0.354054678862,0.855848195524
4.4625,0.357609584802,0.827135942692
4.4625,0.361074010363,0.798226133028
4.4625,0.364445868705,0.769140216301
4.4625,0.367723128747,0.739900395843
4.4625,0.370903816389,0.710529648978
4.4625,0.373986015705,0.681051752471
4.4625,0.376967870092,0.651491314024
4.4625,0.379847583394,0.621873811066
4.4625,0.382623420977,0.592225638381
4.4625,0.385293710783,0.5625741665
4.4625,0.387856844327,0.532947813276
4.4625,0.390311277674,0.503376131692
4.4625,0.392655532366,0.473889917844
4.4625,0.394888196311,0.444521344173
4.4625,0.397007924635,0.415304124631
4.4625,0.399013440494,0.386273720651
4.4625,0.400903535839,0.357467599908
4.4625,0.402677072149,0.328925564291
4.4625,0.404332981111,0.300690170027
4.4625,0.405870265267,0.272807272614
4.4625,0.407287998615,0.245326744095
4.4625,0.408585327165,0.218303433616
4.4625,0.409761469456,0.191798480031
4.4625,0.410815717022,0.165881148589
4.4625,0.411747434826,0.140631472894
4.4625,0.412556061634,0.116144177663
4.4625,0.41324111036,0.0925347082132
4.4625,0.413802168357,0.0699487851971
4.4625,0.414238897663,0.0485773976105
4.4625,0.414551035211,0.028672916511
4.4625,0.414738392979,0.0104024841441
4.4625,0.414800858111,0
4.515,0,1.85
4.515,6.24651316307e-05,1.84999999305
4.515,0.000249822899863,1.84999986319
4.515,0.000561960447384,1.84999921824
4.515,0.000998689754205,1.84999730856
4.515,0.00155974775092,1.84999298099
4.515,0.00224479647718,1.84998464536
4.515,0.00305342328524,1.84997024894
4.515,0.00398514108855,1.84994725687
4.515,0.00503938865514,1.84991263714
4.515,0.0062155309457,1.84986284986
4.515,0.0075128594961,1.84979384003
4.515,0.00893059284412,1.84970103365
4.515,0.0104678770002,1.84957933686
4.515,0.0121237859619,1.84942313799
4.515,0.0138973222715,1.84922631216
4.515,0.0157874176171,1.84898222854
4.515,0.0177929334759,1.84868375986
4.515,0.0199126618001,1.8483232942
4.515,0.0221453257447,1.84789274894
4.515,0.0244895804365,1.84738358656
4.515,0.0269440137839,1.84678683241
4.515,0.0295071473283,1.84609309415
4.515,0.0321774371336,1.84529258274
4.515,0.0349532747173,1.84437513499
4.515,0.0378329880186,1.84333023739
4.515,0.0408148424058,1.84214705113
4.515,0.0438970417214,1.84081443833
4.515,0.0470777293637,1.83932098908
4.515,0.0503549894054,1.83765504946
4.515,0.0537268477477,1.83580475024
4.515,0.0571912733091,1.83375803617
4.515,0.0607461792493,1.83150269584
4.515,0.0643894242258,1.82902639187
4.515,0.0681188136841,1.82631669139
4.515,0.0719321011795,1.82336109681
4.515,0.07582698973,1.82014707652
4.515,0.0798011332006,1.8166620957
4.515,0.0838521377157,1.81289364702
4.515,0.0879775631017,1.80882928116
4.515,0.0921749243567,1.80445663705
4.515,0.0964416931472,1.79976347185
4.515,0.100775299331,1.79473769048
4.515,0.105173132506,1.78936737474
4.515,0.109632543582,1.78364081187
4.515,0.114150846377,1.77754652257
4.515,0.118725319233,1.77107328843
4.515,0.12335320666,1.76421017864
4.515,0.128031720991,1.75694657604
4.515,0.132758044063,1.74927220243
4.515,0.137529328917,1.74117714306
4.515,0.14234270151,1.7326518704
4.515,0.147195262445,1.72368726703
4.515,0.152084088721,1.71427464771
4.515,0.157006235492,1.70440578054
4.515,0.16195873784,1.69407290732
4.515,0.166938612565,1.68326876296
4.515,0.171942859974,1.67198659399
4.515,0.176968465698,1.66022017621
4.515,0.182012402498,1.64796383136
4.515,0.187071632096,1.63521244295
4.515,0.192143107002,1.62196147114
4.515,0.197223772347,1.60820696667
4.515,0.20231056773,1.59394558401
4.515,0.207400429055,1.57917459348
4.515,0.212490290381,1.56389189253
4.515,0.217577085764,1.54809601619
4.515,0.222657751109,1.5317861466
4.515,0.227729226015,1.51496212169
4.515,0.232788455613,1.49762444308
4.515,0.237832392413,1.47977428311
4.515,0.242857998136,1.4614134911
4.515,0.247862245546,1.44254459884
4.515,0.252842120271,1.42317082536
4.515,0.257794622619,1.40329608095
4.515,0.26271676939,1.38292497046
4.515,0.267605595666,1.36206279607
4.515,0.272458156601,1.3407155593
4.515,0.277271529193,1.31888996251
4.515,0.282042814048,1.29659340987
4.515,0.28676913712,1.27383400783
4.515,0.291447651451,1.25062056513
4.515,0.296075538878,1.22696259245
4.515,0.300650011734,1.20287030171
4.515,0.305168314528,1.17835460518
4.515,0.309627725605,1.15342711431
4.515,0.31402555878,1.12810013857
4.515,0.318359164964,1.10238668425
4.515,0.322625933754,1.07630045328
4.515,0.326823295009,1.04985584245
4.515,0.330948720395,1.0230679428
4.515,0.33499972491,0.99595253963
4.515,0.338973868381,0.968526113172
4.515,0.342868756931,0.940805840093
4.515,0.346682044427,0.91280959614
4.515,0.350411433885,0.884555960145
4.515,0.354054678862,0.856064219691
4.515,0.357609584802,0.827354378823
4.515,0.361074010363,0.798447168199
4.515,0.364445868705,0.769364058205
4.515,0.367723128747,0.740127275611
4.515,0.370903816389,0.710759824497
4.515,0.373986015705,0.681285512308
4.515,0.376967870092,0.651728982084
4.515,0.379847583394,0.622115752167
4.515,0.382623420977,0.592472264974
4.515,0.385293710783,0.562825946838
4.515,0.387856844327,0.53320528141
4.515,0.390311277674,0.503639899843
4.515,0.392655532366,0.474160691843
4.515,0.394888196311,0.444799942967
4.515,0.397007924635,0.415591505207
4.515,0.399013440494,0.386571010338
4.515,0.400903535839,0.357776138852
4.515,0.402677072149,0.329246962287
4.515,0.404332981111,0.301026384019
4.515,0.405870265267,0.273160714717
4.515,0.407287998615,0.245700436033
4.515,0.408585327165,0.218701234114
4.515,0.409761469456,0.192225431535
4.515,0.410815717022,0.166344028601
4.515,0.411747434826,0.141139717054
4.515,0.412556061634,0.116711528895
4.515,0.41324111036,0.0931824229567
4.515,0.413802168357,0.0707126289022
4.515,0.414238897663,0.0495257129655
4.515,0.414551035211,0.0299682735497
4.515,0.414738392979,0.0126909760825
4.515,0.414800858111,0
4.5675,0,1.84988584748
4.5675,6.24651316307e-05,1.84988584054
4.5675,0.000249822899863,1.84988571065
4.5675,0.000561960447384,1.84988506561
4.5675,0.000998689754205,1.84988315571
4.5675,0.00155974775092,1.84987882766
4.5675,0.00224479647718,1.84987049114
4.5675,0.00305342328524,1.84985609331
4.5675,0.00398514108855,1.84983309908
4.5675,0.00503938865514,1.84979847627
4.5675,0.0062155309457,1.84974868477
4.5675,0.0075128594961,1.84967966934
4.5675,0.00893059284412,1.84958685573
4.5675,0.0104678770002,1.84946514984
4.5675,0.0121237859619,1.84930893971
4.5675,0.0138973222715,1.84911210023
4.5675,0.0157874176171,1.84886800026
4.5675,0.0177929334759,1.84856951227
4.5675,0.0199126618001,1.84820902406
4.5675,0.0221453257447,1.84777845273
4.5675,0.0244895804365,1.84726926048
4.5675,0.0269440137839,1.84667247241
4.5675,0.0295071473283,1.84597869588
4.5675,0.0321774371336,1.84517814162
4.5675,0.0349532747173,1.84426064619
4.5675,0.0378329880186,1.8432156958
4.5675,0.0408148424058,1.84203245145
4.5675,0.0438970417214,1.84069977501
4.5675,0.0470777293637,1.83920625636
4.5675,0.0503549894054,1.83754024139
4.5675,0.0537268477477,1.83568986066
4.5675,0.0571912733091,1.83364305876
4.5675,0.0607461792493,1.8313876241
4.5675,0.0643894242258,1.82891121915
4.5675,0.0681188136841,1.82620141091
4.5675,0.0719321011795,1.82324570164
4.5675,0.07582698973,1.82003155962
4.5675,0.0798011332006,1.81654644992
4.5675,0.0838521377157,1.81277786512
4.5675,0.0879775631017,1.80871335581
4.5675,0.0921749243567,1.80434056084
4.5675,0.0964416931472,1.7996472373
4.5675,0.100775299331,1.79462129006
4.5675,0.105173132506,1.78925080084
4.5675,0.109632543582,1.78352405685
4.5675,0.114150846377,1.77742957874
4.5675,0.118725319233,1.77095614806
4.5675,0.12335320666,1.76409283395
4.5675,0.128031720991,1.75682901922
4.5675,0.132758044063,1.74915442561
4.5675,0.137529328917,1.74105913834
4.5675,0.14234270151,1.73253362984
4.5675,0.147195262445,1.72356878261
4.5675,0.152084088721,1.71415591134
4.5675,0.157006235492,1.70428678408
4.5675,0.16195873784,1.69395364253
4.5675,0.166938612565,1.68314922148
4.5675,0.171942859974,1.67186676736
4.5675,0.176968465698,1.6601000558
4.5675,0.182012402498,1.6478434084
4.5675,0.187071632096,1.63509170846
4.5675,0.192143107002,1.62184041591
4.5675,0.197223772347,1.60808558127
4.5675,0.20231056773,1.59382385869
4.5675,0.207400429055,1.57905251816
4.5675,0.212490290381,1.56376945678
4.5675,0.217577085764,1.54797320913
4.5675,0.222657751109,1.53166295689
4.5675,0.227729226015,1.51483853745
4.5675,0.232788455613,1.49750045184
4.5675,0.237832392413,1.47964987173
4.5675,0.242857998136,1.46128864569
4.5675,0.247862245546,1.4424193047
4.5675,0.252842120271,1.42304506687
4.5675,0.257794622619,1.40316984147
4.5675,0.26271676939,1.38279823223
4.5675,0.267605595666,1.3619355401
4.5675,0.272458156601,1.3405877652
4.5675,0.277271529193,1.31876160841
4.5675,0.282042814048,1.29646447222
4.5675,0.28676913712,1.27370446124
4.5675,0.291447651451,1.25049038217
4.5675,0.296075538878,1.22683174347
4.5675,0.300650011734,1.20273875459
4.5675,0.305168314528,1.17822232506
4.5675,0.309627725605,1.15329406336
4.5675,0.31402555878,1.12796627564
4.5675,0.318359164964,1.10225196449
4.5675,0.322625933754,1.07616482784
4.5675,0.326823295009,1.04971925795
4.5675,0.330948720395,1.02293034091
4.5675,0.33499972491,0.995813856478
4.5675,0.338973868381,0.968386278741
4.5675,0.342868756931,0.940664777507
4.5675,0.346682044427,0.912667220867
4.5675,0.350411433885,0.884412179076
4.5675,0.354054678862,0.855918930094
4.5675,0.357609584802,0.827207467127
4.5675,0.361074010363,0.7982985086
4.5675,0.364445868705,0.769213511036
4.5675,0.367723128747,0.739974685445
4.5675,0.370903816389,0.710605017917
4.5675,0.373986015705,0.681128295267
4.5675,0.376967870092,0.651569136777
4.5675,0.379847583394,0.621953033279
4.5675,0.382623420977,0.592306395166
4.5675,0.385293710783,0.562656611256
4.5675,0.387856844327,0.533032120964
4.5675,0.390311277674,0.503462502894
4.5675,0.392655532366,0.473978583824
4.5675,0.394888196311,0.444612573277
4.5675,0.397007924635,0.415398230465
4.5675,0.399013440494,0.386371072678
4.5675,0.400903535839,0.35756863739
4.5675,0.402677072149,0.329030814952
4.5675,0.404332981111,0.300800275507
4.5675,0.405870265267,0.272923023969
4.5675,0.407287998615,0.245449132584
4.5675,0.408585327165,0.218433725528
4.5675,0.409761469456,0.191938330906
4.5675,0.410815717022,0.166032785079
4.5675,0.411747434826,0.140797997812
4.5675,0.412556061634,0.116330116405
4.5675,0.41324111036,0.0927470753289
4.5675,0.413802168357,0.0701994265573
4.5675,0.414238897663,0.0488891112883
4.5675,0.414551035211,0.0291008875001
4.5675,0.414738392979,0.0111830888916
4.5675,0.414800858111,0
4.62,0,1.84954338885
4.62,6.24651316307e-05,1.8495433819
4.62,0.000249822899863,1.84954325196
4.62,0.000561960447384,1.84954260666
4.62,0.000998689754205,1.84954069607
4.62,0.00155974775092,1.84953636656
4.62,0.00224479647718,1.84952802742
4.62,0.00305342328524,1.84951362532
4.62,0.00398514108855,1.84949062464
4.62,0.00503938865514,1.84945599259
4.62,0.0062155309457,1.84940618841
4.62,0.0075128594961,1.84933715617
4.62,0.00893059284412,1.84924432087
4.62,0.0104678770002,1.84912258766
4.62,0.0121237859619,1.84896634379
4.62,0.0138973222715,1.84876946332
4.62,0.0157874176171,1.84852531431
4.62,0.0177929334759,1.84822676838
4.62,0.0199126618001,1.84786621252
4.62,0.0221453257447,1.84743556296
4.62,0.0244895804365,1.84692628112
4.62,0.0269440137839,1.84632939125
4.62,0.0295071473283,1.84563549994
4.62,0.0321774371336,1.84483481713
4.62,0.0349532747173,1.84391717861
4.62,0.0378329880186,1.84287206988
4.62,0.0408148424058,1.84168865124
4.62,0.0438970417214,1.84035578386
4.62,0.0470777293637,1.83886205702
4.62,0.0503549894054,1.83719581597
4.62,0.0537268477477,1.83534519071
4.62,0.0571912733091,1.83329812531
4.62,0.0607461792493,1.83104240766
4.62,0.0643894242258,1.82856569978
4.62,0.0681188136841,1.82585556823
4.62,0.0719321011795,1.8228995149
4.62,0.07582698973,1.81968500769
4.62,0.0798011332006,1.81619951137
4.62,0.0838521377157,1.81243051821
4.62,0.0879775631017,1.80836557855
4.62,0.0921749243567,1.803992331
4.62,0.0964416931472,1.79929853246
4.62,0.100775299331,1.79427208758
4.62,0.105173132506,1.78890107795
4.62,0.109632543582,1.78317379061
4.62,0.114150846377,1.77707874608
4.62,0.118725319233,1.77060472577
4.62,0.12335320666,1.76374079873
4.62,0.128031720991,1.75647634761
4.62,0.132758044063,1.74880109405
4.62,0.137529328917,1.74070512312
4.62,0.14234270151,1.73217890708
4.62,0.147195262445,1.7232133283
4.62,0.152084088721,1.71379970124
4.62,0.157006235492,1.70392979373
4.62,0.16195873784,1.6935958472
4.62,0.166938612565,1.68279059613
4.62,0.171942859974,1.67150728656
4.62,0.176968465698,1.65973969371
4.62,0.182012402498,1.64748213867
4.62,0.187071632096,1.63472950417
4.62,0.192143107002,1.62147724947
4.62,0.197223772347,1.60772142432
4.62,0.20231056773,1.59345868201
4.62,0.207400429055,1.57868629153
4.62,0.212490290381,1.56340214884
4.62,0.217577085764,1.54760478729
4.62,0.222657751109,1.53129338711
4.62,0.227729226015,1.5144677841
4.62,0.232788455613,1.49712847748
4.62,0.237832392413,1.47927663693
4.62,0.242857998136,1.4609141088
4.62,0.247862245546,1.44204342159
4.62,0.252842120271,1.42266779067
4.62,0.257794622619,1.40279112224
4.62,0.26271676939,1.38241801669
4.62,0.267605595666,1.36155377121
4.62,0.272458156601,1.34020438185
4.62,0.277271529193,1.31837654491
4.62,0.282042814048,1.2960776579
4.62,0.28676913712,1.27331581988
4.62,0.291447651451,1.25009983149
4.62,0.296075538878,1.22643919444
4.62,0.300650011734,1.20234411079
4.62,0.305168314528,1.17782548192
4.62,0.309627725605,1.15289490727
4.62,0.31402555878,1.12756468305
4.62,0.318359164964,1.10184780086
4.62,0.322625933754,1.07575794644
4.62,0.326823295009,1.0493094986
4.62,0.330948720395,1.02251752844
4.62,0.33499972491,0.995397799164
4.62,0.338973868381,0.967966766354
4.62,0.342868756931,0.940241579235
4.62,0.346682044427,0.91224008289
4.62,0.350411433885,0.883980821815
4.62,0.354054678862,0.855483045046
4.62,0.357609584802,0.826766713233
4.62,0.361074010363,0.797852508032
4.62,0.364445868705,0.768761844306
4.62,0.367723128747,0.739516885692
4.62,0.370903816389,0.710140564188
4.62,0.373986015705,0.68065660459
4.62,0.376967870092,0.651089554724
4.62,0.379847583394,0.621464822679
4.62,0.382623420977,0.591808722493
4.62,0.385293710783,0.562148530082
4.62,0.387856844327,0.532512551691
4.62,0.390311277674,0.502930207675
4.62,0.392655532366,0.473432135232
4.62,0.394888196311,0.444050314711
4.62,0.397007924635,0.41481822551
4.62,0.399013440494,0.385771039445
4.62,0.400903535839,0.356945862063
4.62,0.402677072149,0.328382036
4.62,0.404332981111,0.300121525571
4.62,0.405870265267,0.272209409074
4.62,0.407287998615,0.244694515826
4.62,0.408585327165,0.217630260052
4.62,0.409761469456,0.191075745283
4.62,0.410815717022,0.16509724156
4.62,0.411747434826,0.139770168255
4.62,0.412556061634,0.115181712513
4.62,0.41324111036,0.0914340066069
4.62,0.413802168357,0.0686465217495
4.62,0.414238897663,0.046948931649
4.62,0.414551035211,0.0263986562721
4.62,0.414738392979,0.00553383512322
4.62,0.414800858111,0
4.6725,0,1.84897262084
4.6725,6.24651316307e-05,1.84897261388
4.6725,0.000249822899863,1.84897248384
4.6725,0.000561960447384,1.84897183812
4.6725,0.000998689754205,1.84896992636
4.6725,0.00155974775092,1.84896559442
4.6725,0.00224479647718,1.84895725091
4.6725,0.00305342328524,1.8489428417
4.6725,0.00398514108855,1.84891983026
4.6725,0.00503938865514,1.84888518281
4.6725,0.0062155309457,1.8488353575
4.6725,0.0075128594961,1.84876629722
4.6725,0.00893059284412,1.84867342577
4.6725,0.0104678770002,1.84855164702
4.6725,0.0121237859619,1.84839534689
4.6725,0.0138973222715,1.8481983981
4.6725,0.0157874176171,1.84795416734
4.6725,0.0177929334759,1.84765552484
4.6725,0.0199126618001,1.84729485619
4.6725,0.0221453257447,1.84686407625
4.6725,0.0244895804365,1.84635464505
4.6725,0.0269440137839,1.84575758551
4.6725,0.0295071473283,1.84506350287
4.6725,0.0321774371336,1.84426260577
4.6725,0.0349532747173,1.84334472875
4.6725,0.0378329880186,1.84229935611
4.6725,0.0408148424058,1.84111564694
4.6725,0.0438970417214,1.83978246133
4.6725,0.0470777293637,1.83828838746
4.6725,0.0503549894054,1.8366217696
4.6725,0.0537268477477,1.83477073678
4.6725,0.0571912733091,1.83272323218
4.6725,0.0607461792493,1.83046704287
4.6725,0.0643894242258,1.82798983008
4.6725,0.0681188136841,1.82527915968
4.6725,0.0719321011795,1.8223225329
4.6725,0.07582698973,1.81910741705
4.6725,0.0798011332006,1.81562127635
4.6725,0.0838521377157,1.8118516026
4.6725,0.0879775631017,1.80778594569
4.6725,0.0921749243567,1.80341194386
4.6725,0.0964416931472,1.79871735365
4.6725,0.100775299331,1.79369007941
4.6725,0.105173132506,1.78831820245
4.6725,0.109632543582,1.78259000956
4.6725,0.114150846377,1.77649402104
4.6725,0.118725319233,1.77001901809
4.6725,0.12335320666,1.76315406952
4.6725,0.128031720991,1.75588855783
4.6725,0.132758044063,1.7482122044
4.6725,0.137529328917,1.74011509409
4.6725,0.14234270151,1.73158769893
4.6725,0.147195262445,1.72262090096
4.6725,0.152084088721,1.71320601434
4.6725,0.157006235492,1.70333480651
4.6725,0.16195873784,1.69299951843
4.6725,0.166938612565,1.68219288408
4.6725,0.171942859974,1.67090814887
4.6725,0.176968465698,1.65913908731
4.6725,0.182012402498,1.64688001964
4.6725,0.187071632096,1.63412582764
4.6725,0.192143107002,1.62087196945
4.6725,0.197223772347,1.60711449355
4.6725,0.20231056773,1.59285005177
4.6725,0.207400429055,1.57807591145
4.6725,0.212490290381,1.56278996668
4.6725,0.217577085764,1.54699074868
4.6725,0.222657751109,1.5306774353
4.6725,0.227729226015,1.51384985969
4.6725,0.232788455613,1.49650851806
4.6725,0.237832392413,1.47865457676
4.6725,0.242857998136,1.46028987843
4.6725,0.247862245546,1.44141694743
4.6725,0.252842120271,1.42203899453
4.6725,0.257794622619,1.40215992088
4.6725,0.26271676939,1.38178432123
4.6725,0.267605595666,1.36091748656
4.6725,0.272458156601,1.33956540603
4.6725,0.277271529193,1.3177347684
4.6725,0.282042814048,1.29543296278
4.6725,0.28676913712,1.27266807904
4.6725,0.291447651451,1.24944890763
4.6725,0.296075538878,1.22578493907
4.6725,0.300650011734,1.20168636305
4.6725,0.305168314528,1.17716406732
4.6725,0.309627725605,1.15222963627
4.6725,0.31402555878,1.1268953495
4.6725,0.318359164964,1.10117418023
4.6725,0.322625933754,1.07507979388
4.6725,0.326823295009,1.04862654675
4.6725,0.330948720395,1.021829485
4.6725,0.33499972491,0.994704344069
4.6725,0.338973868381,0.967267548692
4.6725,0.342868756931,0.939536213683
4.6725,0.346682044427,0.911528145679
4.6725,0.350411433885,0.883261846121
4.6725,0.354054678862,0.8547565157
4.6725,0.357609584802,0.826032060628
4.6725,0.361074010363,0.797109101072
4.6725,0.364445868705,0.76800898221
4.6725,0.367723128747,0.738753788412
4.6725,0.370903816389,0.709366361148
4.6725,0.373986015705,0.679870321377
4.6725,0.376967870092,0.650290097247
4.6725,0.379847583394,0.620650958208
4.6725,0.382623420977,0.590979056768
4.6725,0.385293710783,0.561301479484
4.6725,0.387856844327,0.531646309103
4.6725,0.390311277674,0.502042700209
4.6725,0.392655532366,0.472520971348
4.6725,0.394888196311,0.443112717309
4.6725,0.397007924635,0.413850946218
4.6725,0.399013440494,0.384770247261
4.6725,0.400903535839,0.35590699644
4.6725,0.402677072149,0.327299609545
4.6725,0.404332981111,0.298988853756
4.6725,0.405870265267,0.271018231353
4.6725,0.407287998615,0.243434450146
4.6725,0.408585327165,0.216287992473
4.6725,0.409761469456,0.18963377994
4.6725,0.410815717022,0.163531882001
4.6725,0.411747434826,0.13804806506
4.6725,0.412556061634,0.113253504488
4.6725,0.41324111036,0.089221373561
4.6725,0.413802168357,0.0660117118049
4.6725,0.414238897663,0.0436041420578
4.6725,0.414551035211,0.0214716893298
4.6725,0.414738392979,0
4.6725,0.414800858111,0
4.725,0,1.84817353795
4.725,6.24651316307e-05,1.84817353099
4.725,0.000249822899863,1.84817340081
4.725,0.000561960447384,1.84817275449
4.725,0.000998689754205,1.84817084111
4.725,0.00155974775092,1.84816650577
4.725,0.00224479647718,1.84815815613
4.725,0.00305342328524,1.84814373696
4.725,0.00398514108855,1.84812071045
4.725,0.00503938865514,1.84808604142
4.725,0.0062155309457,1.8480361865
4.725,0.0075128594961,1.84796708697
4.725,0.00893059284412,1.8478741649
4.725,0.0104678770002,1.84775232236
4.725,0.0121237859619,1.84759594345
4.725,0.0138973222715,1.84739889899
4.725,0.0157874176171,1.84715455374
4.725,0.0177929334759,1.84685577599
4.725,0.0199126618001,1.8464949494
4.725,0.0221453257447,1.84606398689
4.725,0.0244895804365,1.84555434656
4.725,0.0269440137839,1.84495704942
4.725,0.0295071473283,1.84426269886
4.725,0.0321774371336,1.84346150172
4.725,0.0349532747173,1.84254329076
4.725,0.0378329880186,1.84149754858
4.725,0.0408148424058,1.84031343263
4.725,0.0438970417214,1.83897980143
4.725,0.0470777293637,1.83748524168
4.725,0.0503549894054,1.83581809623
4.725,0.0537268477477,1.83396649279
4.725,0.0571912733091,1.83191837327
4.725,0.0607461792493,1.82966152359
4.725,0.0643894242258,1.8271836039
4.725,0.0681188136841,1.82447217909
4.725,0.0719321011795,1.82151474946
4.725,0.07582698973,1.81829878149
4.725,0.0798011332006,1.81481173866
4.725,0.0838521377157,1.81104111209
4.725,0.0879775631017,1.80697445106
4.725,0.0921749243567,1.80259939327
4.725,0.0964416931472,1.79790369475
4.725,0.100775299331,1.79287525946
4.725,0.105173132506,1.7875021683
4.725,0.109632543582,1.78177270772
4.725,0.114150846377,1.77567539769
4.725,0.118725319233,1.76919901912
4.725,0.12335320666,1.76233264055
4.725,0.128031720991,1.75506564416
4.725,0.132758044063,1.74738775106
4.725,0.137529328917,1.73928904578
4.725,0.14234270151,1.73075999998
4.725,0.147195262445,1.72179149533
4.725,0.152084088721,1.71237484551
4.725,0.157006235492,1.70250181741
4.725,0.16195873784,1.69216465138
4.725,0.166938612565,1.68135608063
4.725,0.171942859974,1.67006934974
4.725,0.176968465698,1.65829823219
4.725,0.182012402498,1.64603704706
4.725,0.187071632096,1.63328067477
4.725,0.192143107002,1.62002457191
4.725,0.197223772347,1.60626478515
4.725,0.20231056773,1.5919979643
4.725,0.207400429055,1.57722137437
4.725,0.212490290381,1.56193290683
4.725,0.217577085764,1.54613108993
4.725,0.222657751109,1.52981509818
4.725,0.227729226015,1.51298476096
4.725,0.232788455613,1.49564057033
4.725,0.237832392413,1.47778368793
4.725,0.242857998136,1.45941595119
4.725,0.247862245546,1.44053987868
4.725,0.252842120271,1.42115867474
4.725,0.257794622619,1.40127623339
4.725,0.26271676939,1.38089714149
4.725,0.267605595666,1.3600266813
4.725,0.272458156601,1.33867083236
4.725,0.277271529193,1.31683627277
4.725,0.282042814048,1.29453037993
4.725,0.28676913712,1.27176123077
4.725,0.291447651451,1.24853760148
4.725,0.296075538878,1.22486896683
4.725,0.300650011734,1.2007654992
4.725,0.305168314528,1.17623806717
4.725,0.309627725605,1.15129823402
4.725,0.31402555878,1.12595825602
4.725,0.318359164964,1.10023108062
4.725,0.322625933754,1.0741303447
4.725,0.326823295009,1.04767037294
4.725,0.330948720395,1.02086617645
4.725,0.33499972491,0.993733451694
4.725,0.338973868381,0.966288580063
4.725,0.342868756931,0.938548628011
4.725,0.346682044427,0.910531348141
4.725,0.350411433885,0.882255181356
4.725,0.354054678862,0.853739260363
4.725,0.357609584802,0.825003414794
4.725,0.361074010363,0.796068178295
4.725,0.364445868705,0.76695479795
4.725,0.367723128747,0.7376852465
4.725,0.370903816389,0.70828223788
4.725,0.373986015705,0.678769246677
4.725,0.376967870092,0.649170532262
4.725,0.379847583394,0.619511168426
4.725,0.382623420977,0.589817079563
4.725,0.385293710783,0.560115084599
4.725,0.387856844327,0.530432950102
4.725,0.390311277674,0.500799454285
4.725,0.392655532366,0.47124446388
4.725,0.394888196311,0.44179902623
4.725,0.397007924635,0.412495479191
4.725,0.399013440494,0.383367581701
4.725,0.400903535839,0.354450667715
4.725,0.402677072149,0.325781825462
4.725,0.404332981111,0.297400101534
4.725,0.405870265267,0.26934672347
4.725,0.407287998615,0.241665320701
4.725,0.408585327165,0.214402092201
4.725,0.409761469456,0.18760579512
4.725,0.410815717022,0.1613272479
4.725,0.411747434826,0.135617570232
4.725,0.412556061634,0.110523035224
4.725,0.41324111036,0.0860700102819
4.725,0.413802168357,0.0622159256228
4.725,0.414238897663,0.0386442926046
4.725,0.414551035211,0.0130413290732
4.725,0.414738392979,0
4.725,0.414800858111,0
4.7775,0,1.84714613244
4.7775,6.24651316307e-05,1.84714612546
4.7775,0.000249822899863,1.84714599511
4.7775,0.000561960447384,1.84714534801
4.7775,0.000998689754205,1.84714343254
4.7775,0.00155974775092,1.84713909282
4.7775,0.00224479647718,1.84713073531
4.7775,0.00305342328524,1.84711630331
4.7775,0.00398514108855,1.84709325742
4.7775,0.00503938865514,1.84705856064
4.7775,0.0062155309457,1.84700866764
4.7775,0.0075128594961,1.8469395176
4.7775,0.00893059284412,1.84684653041
4.7775,0.0104678770002,1.84672460583
4.7775,0.0121237859619,1.84656812559
4.7775,0.0138973222715,1.84637095806
4.7775,0.0157874176171,1.84612646556
4.7775,0.0177929334759,1.84582751387
4.7775,0.0199126618001,1.84546648415
4.7775,0.0221453257447,1.84503528683
4.7775,0.0244895804365,1.84452537753
4.7775,0.0269440137839,1.84392777483
4.7775,0.0295071473283,1.84323307973
4.7775,0.0321774371336,1.84243149673
4.7775,0.0349532747173,1.84151285633
4.7775,0.0378329880186,1.84046663893
4.7775,0.0408148424058,1.83928199989
4.7775,0.0438970417214,1.83794779571
4.7775,0.0470777293637,1.83645261118
4.7775,0.0503549894054,1.83478478732
4.7775,0.0537268477477,1.83293245013
4.7775,0.0571912733091,1.83088353994
4.7775,0.0607461792493,1.82862584116
4.7775,0.0643894242258,1.82614701256
4.7775,0.0681188136841,1.82343461774
4.7775,0.0719321011795,1.82047615584
4.7775,0.07582698973,1.81725909228
4.7775,0.0798011332006,1.81377088957
4.7775,0.0838521377157,1.80999903795
4.7775,0.0879775631017,1.80593108593
4.7775,0.0921749243567,1.80155467051
4.7775,0.0964416931472,1.79685754711
4.7775,0.100775299331,1.79182761912
4.7775,0.105173132506,1.78645296694
4.7775,0.109632543582,1.78072187659
4.7775,0.114150846377,1.77462286763
4.7775,0.118725319233,1.76814472058
4.7775,0.12335320666,1.76127650362
4.7775,0.128031720991,1.75400759855
4.7775,0.132758044063,1.7463277261
4.7775,0.137529328917,1.73822697039
4.7775,0.14234270151,1.72969580263
4.7775,0.147195262445,1.72072510396
4.7775,0.152084088721,1.71130618748
4.7775,0.157006235492,1.70143081936
4.7775,0.16195873784,1.69109123915
4.7775,0.166938612565,1.68028017912
4.7775,0.171942859974,1.66899088271
4.7775,0.176968465698,1.65721712211
4.7775,0.182012402498,1.6449532149
4.7775,0.187071632096,1.63219403974
4.7775,0.192143107002,1.61893505122
4.7775,0.197223772347,1.60517229371
4.7775,0.20231056773,1.59090241438
4.7775,0.207400429055,1.57612267525
4.7775,0.212490290381,1.5608309644
4.7775,0.217577085764,1.54502580626
4.7775,0.222657751109,1.52870637104
4.7775,0.227729226015,1.51187248328
4.7775,0.232788455613,1.49452462964
4.7775,0.237832392413,1.47666396573
4.7775,0.242857998136,1.45829232227
4.7775,0.247862245546,1.43941221034
4.7775,0.252842120271,1.420026826
4.7775,0.257794622619,1.40014005409
4.7775,0.26271676939,1.37975647128
4.7775,0.267605595666,1.35888134862
4.7775,0.272458156601,1.3375206532
4.7775,0.277271529193,1.31568104942
4.7775,0.282042814048,1.29336989957
4.7775,0.28676913712,1.27059526388
4.7775,0.291447651451,1.24736590015
4.7775,0.296075538878,1.22369126287
4.7775,0.300650011734,1.19958150204
4.7775,0.305168314528,1.17504746156
4.7775,0.309627725605,1.15010067747
4.7775,0.31402555878,1.12475337593
4.7775,0.318359164964,1.0990184711
4.7775,0.322625933754,1.07290956305
4.7775,0.326823295009,1.04644093566
4.7775,0.330948720395,1.01962755473
4.7775,0.33499972491,0.992485066446
4.7775,0.338973868381,0.965029796166
4.7775,0.342868756931,0.937278747867
4.7775,0.346682044427,0.909249604306
4.7775,0.350411433885,0.88096072812
4.7775,0.354054678862,0.852431164076
4.7775,0.357609584802,0.823680642723
4.7775,0.361074010363,0.7947295857
4.7775,0.364445868705,0.765599113049
4.7775,0.367723128747,0.736311052867
4.7775,0.370903816389,0.706887953722
4.7775,0.373986015705,0.677353100302
4.7775,0.376967870092,0.647730532828
4.7775,0.379847583394,0.618045070838
4.7775,0.382623420977,0.588322342012
4.7775,0.385293710783,0.558588816783
4.7775,0.387856844327,0.528871849513
4.7775,0.390311277674,0.499199727034
4.7775,0.392655532366,0.469601725252
4.7775,0.394888196311,0.440108174261
4.7775,0.397007924635,0.410750531822
4.7775,0.399013440494,0.381561463852
4.7775,0.400903535839,0.352574928193
4.7775,0.402677072149,0.323826253314
4.7775,0.404332981111,0.29535219463
4.7775,0.405870265267,0.267190933379
4.7775,0.407287998615,0.239381947023
4.7775,0.408585327165,0.211965604331
4.7775,0.409761469456,0.18498217055
4.7775,0.410815717022,0.1584695118
4.7775,0.411747434826,0.132457768545
4.7775,0.412556061634,0.106956327509
4.7775,0.41324111036,0.0819184486566
4.7775,0.413802168357,0.0571255509121
4.7775,0.414238897663,0.0316354306788
4.7775,0.414551035211,0
4.7775,0.414738392979,0
4.7775,0.414800858111,0
4.83,0,1.84589039416
4.83,6.24651316307e-05,1.84589038717
4.83,0.000249822899863,1.84589025661
4.83,0.000561960447384,1.84588960856
4.83,0.000998689754205,1.84588769054
4.83,0.00155974775092,1.84588334547
4.83,0.00224479647718,1.84587497831
4.83,0.00305342328524,1.84586053063
4.83,0.00398514108855,1.84583746103
4.83,0.00503938865514,1.8458027303
4.83,0.0062155309457,1.84575279072
4.83,0.0075128594961,1.84568357892
4.83,0.00893059284412,1.84559051209
4.83,0.0104678770002,1.84546848718
4.83,0.0121237859619,1.84531188301
4.83,0.0138973222715,1.84511456501
4.83,0.0157874176171,1.84486989244
4.83,0.0177929334759,1.84457072807
4.83,0.0199126618001,1.84420944998
4.83,0.0221453257447,1.84377796555
4.83,0.0244895804365,1.8432677274
4.83,0.0269440137839,1.84266975112
4.83,0.0295071473283,1.84197463478
4.83,0.0321774371336,1.84117258004
4.83,0.0349532747173,1.84025341464
4.83,0.0378329880186,1.83920661629
4.83,0.0408148424058,1.83802133779
4.83,0.0438970417214,1.83668643317
4.83,0.0470777293637,1.83519048488
4.83,0.0503549894054,1.83352183173
4.83,0.0537268477477,1.83166859764
4.83,0.0571912733091,1.82961872096
4.83,0.0607461792493,1.8273599843
4.83,0.0643894242258,1.82488004472
4.83,0.0681188136841,1.82216646427
4.83,0.0719321011795,1.81920674067
4.83,0.07582698973,1.81598833802
4.83,0.0798011332006,1.81249871767
4.83,0.0838521377157,1.8087253688
4.83,0.0879775631017,1.80465583895
4.83,0.0921749243567,1.80027776427
4.83,0.0964416931472,1.79557889944
4.83,0.100775299331,1.79054714717
4.83,0.105173132506,1.78517058725
4.83,0.109632543582,1.77943750515
4.83,0.114150846377,1.77333641994
4.83,0.118725319233,1.76685611168
4.83,0.12335320666,1.75998564807
4.83,0.128031720991,1.75271441049
4.83,0.132758044063,1.74503211919
4.83,0.137529328917,1.7369288578
4.83,0.14234270151,1.72839509695
4.83,0.147195262445,1.71942171715
4.83,0.152084088721,1.71000003077
4.83,0.157006235492,1.70012180313
4.83,0.16195873784,1.68977927279
4.83,0.166938612565,1.67896517083
4.83,0.171942859974,1.66767273934
4.83,0.176968465698,1.65589574891
4.83,0.182012402498,1.64362851527
4.83,0.187071632096,1.63086591495
4.83,0.192143107002,1.61760340005
4.83,0.197223772347,1.60383701214
4.83,0.20231056773,1.58956339515
4.83,0.207400429055,1.57477980745
4.83,0.212490290381,1.55948413296
4.83,0.217577085764,1.54367489141
4.83,0.222657751109,1.52735124773
4.83,0.227729226015,1.51051302056
4.83,0.232788455613,1.49316068991
4.83,0.237832392413,1.47529540402
4.83,0.242857998136,1.45691898535
4.83,0.247862245546,1.43803393583
4.83,0.252842120271,1.41864344137
4.83,0.257794622619,1.39875137552
4.83,0.26271676939,1.3783623025
4.83,0.267605595666,1.35748147955
4.83,0.272458156601,1.33611485856
4.83,0.277271529193,1.3142690871
4.83,0.282042814048,1.29195150891
4.83,0.28676913712,1.26917016376
4.83,0.291447651451,1.24593378687
4.83,0.296075538878,1.22225180787
4.83,0.300650011734,1.19813434928
4.83,0.305168314528,1.1735922247
4.83,0.309627725605,1.14863693674
4.83,0.31402555878,1.1232806746
4.83,0.318359164964,1.09753631157
4.83,0.322625933754,1.0714174025
4.83,0.326823295009,1.04493818112
4.83,0.330948720395,1.01811355763
4.83,0.33499972491,0.990959116343
4.83,0.338973868381,0.963491113755
4.83,0.342868756931,0.935726476999
4.83,0.346682044427,0.907682802894
4.83,0.350411433885,0.879378357742
4.83,0.354054678862,0.850832078024
4.83,0.357609584802,0.822063572212
4.83,0.361074010363,0.793093123884
4.83,0.364445868705,0.763941696383
4.83,0.367723128747,0.734630939278
4.83,0.370903816389,0.705183196886
4.83,0.373986015705,0.67562151914
4.83,0.376967870092,0.6459696751
4.83,0.379847583394,0.616252169376
4.83,0.382623420977,0.586494261688
4.83,0.385293710783,0.556721989713
4.83,0.387856844327,0.526962195154
4.83,0.390311277674,0.497242552634
4.83,0.392655532366,0.46759160045
4.83,0.394888196311,0.438038771136
4.83,0.397007924635,0.408614418049
4.83,0.399013440494,0.379349831015
4.83,0.400903535839,0.350277228598
4.83,0.402677072149,0.321429704612
4.83,0.404332981111,0.29284108823
4.83,0.405870265267,0.264545642258
4.83,0.407287998615,0.236577455455
4.83,0.408585327165,0.208969242173
4.83,0.409761469456,0.181749948449
4.83,0.410815717022,0.154939816765
4.83,0.411747434826,0.128539600437
4.83,0.412556061634,0.102504729713
4.83,0.41324111036,0.0766737715853
4.83,0.413802168357,0.0505135084186
4.83,0.414238897663,0.021484382122
4.83,0.414551035211,0
4.83,0.414738392979,0
4.83,0.414800858111,0
4.8825,0,1.84440631055
4.8825,6.24651316307e-05,1.84440630354
4.8825,0.000249822899863,1.84440617272
4.8825,0.000561960447384,1.84440552355
4.8825,0.000998689754205,1.84440360251
4.8825,0.00155974775092,1.8443992511
4.8825,0.00224479647718,1.84439087254
4.8825,0.00305342328524,1.84437640631
4.8825,0.00398514108855,1.84435330866
4.8825,0.00503938865514,1.84431853777
4.8825,0.0062155309457,1.8442685431
4.8825,0.0075128594961,1.84419925825
4.8825,0.00893059284412,1.84410609723
4.8825,0.0104678770002,1.84398395366
4.8825,0.0121237859619,1.84382720295
4.8825,0.0138973222715,1.843629707
4.8825,0.0157874176171,1.84338482152
4.8825,0.0177929334759,1.84308540566
4.8825,0.0199126618001,1.8427238339
4.8825,0.0221453257447,1.84229201002
4.8825,0.0244895804365,1.84178138305
4.8825,0.0269440137839,1.84118296509
4.8825,0.0295071473283,1.84048735076
4.8825,0.0321774371336,1.83968473833
4.8825,0.0349532747173,1.83876495227
4.8825,0.0378329880186,1.83771746715
4.8825,0.0408148424058,1.83653143273
4.8825,0.0438970417214,1.83519570014
4.8825,0.0470777293637,1.83369884904
4.8825,0.0503549894054,1.83202921565
4.8825,0.0537268477477,1.83017492142
4.8825,0.0571912733091,1.82812390239
4.8825,0.0607461792493,1.825863939
4.8825,0.0643894242258,1.82338268634
4.8825,0.0681188136841,1.82066770461
4.8825,0.0719321011795,1.81770648983
4.8825,0.07582698973,1.8144865046
4.8825,0.0798011332006,1.81099520885
4.8825,0.0838521377157,1.80722009052
4.8825,0.0879775631017,1.80314869602
4.8825,0.0921749243567,1.79876866052
4.8825,0.0964416931472,1.79406773777
4.8825,0.100775299331,1.7890338297
4.8825,0.105173132506,1.78365501541
4.8825,0.109632543582,1.7779195797
4.8825,0.114150846377,1.77181604106
4.8825,0.118725319233,1.76533317899
4.8825,0.12335320666,1.75846006068
4.8825,0.128031720991,1.75118606696
4.8825,0.132758044063,1.74350091753
4.8825,0.137529328917,1.73539469542
4.8825,0.14234270151,1.7268578706
4.8825,0.147195262445,1.71788132284
4.8825,0.152084088721,1.70845636362
4.8825,0.157006235492,1.69857475726
4.8825,0.16195873784,1.68822874113
4.8825,0.166938612565,1.67741104493
4.8825,0.171942859974,1.66611490913
4.8825,0.176968465698,1.65433410243
4.8825,0.182012402498,1.64206293835
4.8825,0.187071632096,1.62929629089
4.8825,0.192143107002,1.61602960924
4.8825,0.197223772347,1.6022589316
4.8825,0.20231056773,1.58798089808
4.8825,0.207400429055,1.5731927627
4.8825,0.212490290381,1.55789240445
4.8825,0.217577085764,1.5420783375
4.8825,0.222657751109,1.52574972053
4.8825,0.227729226015,1.50890636514
4.8825,0.232788455613,1.4915487435
4.8825,0.237832392413,1.47367799505
4.8825,0.242857998136,1.4552959325
4.8825,0.247862245546,1.43640504692
4.8825,0.252842120271,1.41700851214
4.8825,0.257794622619,1.39711018836
4.8825,0.26271676939,1.376714625
4.8825,0.267605595666,1.35582706295
4.8825,0.272458156601,1.33445343601
4.8825,0.277271529193,1.31260037182
4.8825,0.282042814048,1.29027519209
4.8825,0.28676913712,1.26748591229
4.8825,0.291447651451,1.24424124088
4.8825,0.296075538878,1.2205505779
4.8825,0.300650011734,1.19642401328
4.8825,0.305168314528,1.17187232467
4.8825,0.309627725605,1.1469069749
4.8825,0.31402555878,1.12154010927
4.8825,0.318359164964,1.09578455253
4.8825,0.322625933754,1.06965380574
4.8825,0.326823295009,1.04316204303
4.8825,0.330948720395,1.01632410842
4.8825,0.33499972491,0.989155512639
4.8825,0.338973868381,0.96167243021
4.8825,0.342868756931,0.933891696761
4.8825,0.346682044427,0.905830806737
4.8825,0.350411433885,0.877507911619
4.8825,0.354054678862,0.84894181876
4.8825,0.357609584802,0.820151990971
4.8825,0.361074010363,0.791158546984
4.8825,0.364445868705,0.761982262914
4.8825,0.367723128747,0.732644574849
4.8825,0.370903816389,0.703167582639
4.8825,0.373986015705,0.673574054967
4.8825,0.376967870092,0.643887435659
4.8825,0.379847583394,0.614131851112
4.8825,0.382623420977,0.584332118524
4.8825,0.385293710783,0.554513754273
4.8825,0.387856844327,0.524702981364
4.8825,0.390311277674,0.49492673402
4.8825,0.392655532366,0.465212656278
4.8825,0.394888196311,0.435589089396
4.8825,0.397007924635,0.406085039472
4.8825,0.399013440494,0.376730111008
4.8825,0.400903535839,0.347554382398
4.8825,0.402677072149,0.31858818208
4.8825,0.404332981111,0.289861692803
4.8825,0.405870265267,0.261404252423
4.8825,0.407287998615,0.233243102953
4.8825,0.408585327165,0.205401096387
4.8825,0.409761469456,0.177892322649
4.8825,0.410815717022,0.150713303041
4.8825,0.411747434826,0.123823787962
4.8825,0.412556061634,0.0970997032068
4.8825,0.41324111036,0.0701944381862
4.8825,0.413802168357,0.041962029313
4.8825,0.414238897663,0
4.8825,0.414551035211,0
4.8825,0.414738392979,0
4.8825,0.414800858111,0
4.935,0,1.84269386641
4.935,6.24651316307e-05,1.84269385938
4.935,0.000249822899863,1.84269372827
4.935,0.000561960447384,1.8426930778
4.935,0.000998689754205,1.84269115327
4.935,0.00155974775092,1.84268679454
4.935,0.00224479647718,1.8426784028
4.935,0.00305342328524,1.84266391514
4.935,0.00398514108855,1.84264078508
4.935,0.00503938865514,1.84260596782
4.935,0.0062155309457,1.84255590952
4.935,0.0075128594961,1.84248654031
4.935,0.00893059284412,1.84239327051
4.935,0.0104678770002,1.84227098993
4.935,0.0121237859619,1.84211407
4.935,0.0138973222715,1.84191636859
4.935,0.0157874176171,1.84167123727
4.935,0.0177929334759,1.84137153106
4.935,0.0199126618001,1.84100962025
4.935,0.0221453257447,1.84057740448
4.935,0.0244895804365,1.84006632867
4.935,0.0269440137839,1.83946740085
4.935,0.0295071473283,1.83877121166
4.935,0.0321774371336,1.83796795549
4.935,0.0349532747173,1.83704745304
4.935,0.0378329880186,1.83599917525
4.935,0.0408148424058,1.83481226835
4.935,0.0438970417214,1.83347558015
4.935,0.0470777293637,1.83197768712
4.935,0.0503549894054,1.83030692246
4.935,0.0537268477477,1.82845140477
4.935,0.0571912733091,1.82639906743
4.935,0.0607461792493,1.82413768842
4.935,0.0643894242258,1.82165492051
4.935,0.0681188136841,1.81893832179
4.935,0.0719321011795,1.81597538635
4.935,0.07582698973,1.81275357501
4.935,0.0798011332006,1.8092603461
4.935,0.0838521377157,1.80548318612
4.935,0.0879775631017,1.8014096402
4.935,0.0921749243567,1.79702734233
4.935,0.0964416931472,1.79232404527
4.935,0.100775299331,1.78728765
4.935,0.105173132506,1.7819062348
4.935,0.109632543582,1.77616808376
4.935,0.114150846377,1.77006171467
4.935,0.118725319233,1.7635759064
4.935,0.12335320666,1.75669972553
4.935,0.128031720991,1.74942255227
4.935,0.132758044063,1.74173410568
4.935,0.137529328917,1.7336244681
4.935,0.14234270151,1.72508410874
4.935,0.147195262445,1.71610390649
4.935,0.152084088721,1.70667517183
4.935,0.157006235492,1.6967896679
4.935,0.16195873784,1.68643963071
4.935,0.166938612565,1.67561778835
4.935,0.171942859974,1.6643173794
4.935,0.176968465698,1.65253217037
4.935,0.182012402498,1.64025647225
4.935,0.187071632096,1.62748515608
4.935,0.192143107002,1.61421366768
4.935,0.197223772347,1.60043804135
4.935,0.20231056773,1.58615491278
4.935,0.207400429055,1.57136153093
4.935,0.212490290381,1.55605576909
4.935,0.217577085764,1.54023613499
4.935,0.222657751109,1.52390178004
4.935,0.227729226015,1.50705250772
4.935,0.232788455613,1.48968878108
4.935,0.237832392413,1.47181172941
4.935,0.242857998136,1.45342315407
4.935,0.247862245546,1.43452553356
4.935,0.252842120271,1.41512202773
4.935,0.257794622619,1.39521648128
4.935,0.26271676939,1.37481342649
4.935,0.267605595666,1.35391808529
4.935,0.272458156601,1.33253637052
4.935,0.277271529193,1.31067488669
4.935,0.282042814048,1.28834092997
4.935,0.28676913712,1.26554248767
4.935,0.291447651451,1.24228823717
4.935,0.296075538878,1.21858754423
4.935,0.300650011734,1.19445046095
4.935,0.305168314528,1.1698877232
4.935,0.309627725605,1.14491074771
4.935,0.31402555878,1.11953162879
4.935,0.318359164964,1.09376313478
4.935,0.322625933754,1.06761870428
4.935,0.326823295009,1.04111244214
4.935,0.330948720395,1.01425911544
4.935,0.33499972491,0.987074149347
4.935,0.338973868381,0.959573622996
4.935,0.342868756931,0.931774265499
4.935,0.346682044427,0.903693452073
4.935,0.350411433885,0.875349200398
4.935,0.354054678862,0.846760167256
4.935,0.357609584802,0.817945645497
4.935,0.361074010363,0.788925561355
4.935,0.364445868705,0.759720472131
4.935,0.367723128747,0.730351564174
4.935,0.370903816389,0.700840651058
4.935,0.373986015705,0.671210171718
4.935,0.376967870092,0.64148318817
4.935,0.379847583394,0.611683382151
4.935,0.382623420977,0.581835049712
4.935,0.385293710783,0.551963092151
4.935,0.387856844327,0.522093000886
4.935,0.390311277674,0.492250832461
4.935,0.392655532366,0.462463167807
4.935,0.394888196311,0.43275704651
4.935,0.397007924635,0.40315986136
4.935,0.399013440494,0.373699189374
4.935,0.400903535839,0.344402520007
4.935,0.402677072149,0.31529681406
4.935,0.404332981111,0.286407777366
4.935,0.405870265267,0.257758639562
4.935,0.407287998615,0.229368041422
4.935,0.408585327165,0.201246238407
4.935,0.409761469456,0.173387923464
4.935,0.410815717022,0.145757693061
4.935,0.411747434826,0.118257641047
4.935,0.412556061634,0.0906439946509
4.935,0.41324111036,0.0622554276877
4.935,0.413802168357,0.0305457066501
4.935,0.414238897663,0
4.935,0.414551035211,0
4.935,0.414738392979,0
4.935,0.414800858111,0
4.9875,0,1.84075304382
4.9875,6.24651316307e-05,1.84075303677
4.9875,0.000249822899863,1.84075290532
4.9875,0.000561960447384,1.84075225339
4.9875,0.000998689754205,1.84075032489
4.9875,0.00155974775092,1.84074595785
4.9875,0.00224479647718,1.84073755115
4.9875,0.00305342328524,1.84072303917
4.9875,0.00398514108855,1.84069987234
4.9875,0.00503938865514,1.84066500245
4.9875,0.0062155309457,1.84061487195
4.9875,0.0075128594961,1.84054540703
4.9875,0.00893059284412,1.84045201384
4.9875,0.0104678770002,1.84032957783
4.9875,0.0121237859619,1.84017246597
4.9875,0.0138973222715,1.83997453151
4.9875,0.0157874176171,1.83972912138
4.9875,0.0177929334759,1.83942908586
4.9875,0.0199126618001,1.83906679055
4.9875,0.0221453257447,1.83863413038
4.9875,0.0244895804365,1.8381225456
4.9875,0.0269440137839,1.83752303963
4.9875,0.0295071473283,1.83682619862
4.9875,0.0321774371336,1.83602221256
4.9875,0.0349532747173,1.83510089788
4.9875,0.0378329880186,1.83405172138
4.9875,0.0408148424058,1.83286382536
4.9875,0.0438970417214,1.8315260538
4.9875,0.0470777293637,1.8300269796
4.9875,0.0503549894054,1.82835493253
4.9875,0.0537268477477,1.82649802797
4.9875,0.0571912733091,1.82444419631
4.9875,0.0607461792493,1.82218121269
4.9875,0.0643894242258,1.81969672731
4.9875,0.0681188136841,1.81697829586
4.9875,0.0719321011795,1.81401341022
4.9875,0.07582698973,1.81078952923
4.9875,0.0798011332006,1.80729410941
4.9875,0.0838521377157,1.80351463561
4.9875,0.0879775631017,1.79943865152
4.9875,0.0921749243567,1.79505378983
4.9875,0.0964416931472,1.79034780211
4.9875,0.100775299331,1.78530858834
4.9875,0.105173132506,1.77992422586
4.9875,0.109632543582,1.77418299792
4.9875,0.114150846377,1.76807342155
4.9875,0.118725319233,1.7615842749
4.9875,0.12335320666,1.75470462385
4.9875,0.128031720991,1.74742384791
4.9875,0.132758044063,1.73973166543
4.9875,0.137529328917,1.73161815796
4.9875,0.14234270151,1.72307379383
4.9875,0.147195262445,1.71408945094
4.9875,0.152084088721,1.70465643863
4.9875,0.157006235492,1.69476651871
4.9875,0.16195873784,1.68441192561
4.9875,0.166938612565,1.6735853856
4.9875,0.171942859974,1.66228013512
4.9875,0.176968465698,1.65048993819
4.9875,0.182012402498,1.63820910288
4.9875,0.187071632096,1.6254324969
4.9875,0.192143107002,1.61215556219
4.9875,0.197223772347,1.59837432864
4.9875,0.20231056773,1.58408542689
4.9875,0.207400429055,1.56928610015
4.9875,0.212490290381,1.55397421521
4.9875,0.217577085764,1.53814827246
4.9875,0.222657751109,1.52180741505
4.9875,0.227729226015,1.50495143718
4.9875,0.232788455613,1.48758079154
4.9875,0.237832392413,1.46969659583
4.9875,0.242857998136,1.45130063853
4.9875,0.247862245546,1.43239538378
4.9875,0.252842120271,1.41298397552
4.9875,0.257794622619,1.39307024079
4.9875,0.26271676939,1.37265869236
4.9875,0.267605595666,1.35175453052
4.9875,0.272458156601,1.33036364427
4.9875,0.277271529193,1.30849261172
4.9875,0.282042814048,1.28614869996
4.9875,0.28676913712,1.2633398642
4.9875,0.291447651451,1.24007474635
4.9875,0.296075538878,1.2163626731
4.9875,0.300650011734,1.19221365339
4.9875,0.305168314528,1.16763837545
4.9875,0.309627725605,1.14264820337
4.9875,0.31402555878,1.11725517326
4.9875,0.318359164964,1.09147198907
4.9875,0.322625933754,1.06531201802
4.9875,0.326823295009,1.03878928583
4.9875,0.330948720395,1.01191847162
4.9875,0.33499972491,0.984714902679
4.9875,0.338973868381,0.957194549022
4.9875,0.342868756931,0.929374017816
4.9875,0.346682044427,0.901270547701
4.9875,0.350411433885,0.872902002991
4.9875,0.354054678862,0.844286867755
4.9875,0.357609584802,0.815444239731
4.9875,0.361074010363,0.786393823985
4.9875,0.364445868705,0.757155926159
4.9875,0.367723128747,0.727751445073
4.9875,0.370903816389,0.698201864308
4.9875,0.373986015705,0.66852924219
4.9875,0.376967870092,0.638756199359
4.9875,0.379847583394,0.608905902658
4.9875,0.382623420977,0.57900204351
4.9875,0.385293710783,0.549068808052
4.9875,0.387856844327,0.519130834959
4.9875,0.390311277674,0.489213154817
4.9875,0.392655532366,0.459341101738
4.9875,0.394888196311,0.429540182831
4.9875,0.397007924635,0.399835882949
4.9875,0.399013440494,0.37025336855
4.9875,0.400903535839,0.340817031352
4.9875,0.402677072149,0.311549771587
4.9875,0.404332981111,0.282471845871
4.9875,0.405870265267,0.25359896131
4.9875,0.407287998615,0.224939007019
4.9875,0.408585327165,0.196486185149
4.9875,0.409761469456,0.1682098203
4.9875,0.410815717022,0.140031221862
4.9875,0.411747434826,0.111770028787
4.9875,0.412556061634,0.0829958610965
4.9875,0.41324111036,0.0524672937448
4.9875,0.413802168357,0.0127999967398
4.9875,0.414238897663,0
4.9875,0.414551035211,0
4.9875,0.414738392979,0
4.9875,0.414800858111,0
5.04,0,1.83858382191
5.04,6.24651316307e-05,1.83858381484
5.04,0.000249822899863,1.83858368302
5.04,0.000561960447384,1.83858302944
5.04,0.000998689754205,1.8385810965
5.04,0.00155974775092,1.83857672015
5.04,0.00224479647718,1.8385682967
5.04,0.00305342328524,1.8385537575
5.04,0.00398514108855,1.83853054952
5.04,0.00503938865514,1.83849562073
5.04,0.0062155309457,1.83844540945
5.04,0.0075128594961,1.83837583743
5.04,0.00893059284412,1.83828230618
5.04,0.0104678770002,1.83815969628
5.04,0.0121237859619,1.83800236969
5.04,0.0138973222715,1.83780417454
5.04,0.0157874176171,1.83755845252
5.04,0.0177929334759,1.83725804868
5.04,0.0199126618001,1.83689532333
5.04,0.0221453257447,1.83646216613
5.04,0.0244895804365,1.83595001213
5.04,0.0269440137839,1.83534985963
5.04,0.0295071473283,1.83465228972
5.04,0.0321774371336,1.83384748749
5.04,0.0349532747173,1.83292526461
5.04,0.0378329880186,1.83187508327
5.04,0.0408148424058,1.83068608134
5.04,0.0438970417214,1.82934709858
5.04,0.0470777293637,1.82784670385
5.04,0.0503549894054,1.82617322312
5.04,0.0537268477477,1.82431476819
5.04,0.0571912733091,1.82225926607
5.04,0.0607461792493,1.8199944888
5.04,0.0643894242258,1.81750808365
5.04,0.0681188136841,1.81478760366
5.04,0.0719321011795,1.81182053825
5.04,0.07582698973,1.80859434405
5.04,0.0798011332006,1.80509647555
5.04,0.0838521377157,1.80131441579
5.04,0.0879775631017,1.79723570684
5.04,0.0921749243567,1.79284797992
5.04,0.0964416931472,1.78813898533
5.04,0.100775299331,1.78309662188
5.04,0.105173132506,1.77770896589
5.04,0.109632543582,1.77196429966
5.04,0.114150846377,1.76585113939
5.04,0.118725319233,1.75935826242
5.04,0.12335320666,1.75247473385
5.04,0.128031720991,1.74518993242
5.04,0.132758044063,1.73749357566
5.04,0.137529328917,1.72937574423
5.04,0.14234270151,1.7208269055
5.04,0.147195262445,1.71183793625
5.04,0.152084088721,1.70240014453
5.04,0.157006235492,1.69250529066
5.04,0.16195873784,1.68214560731
5.04,0.166938612565,1.67131381868
5.04,0.171942859974,1.6600031588
5.04,0.176968465698,1.6482073889
5.04,0.182012402498,1.6359208138
5.04,0.187071632096,1.62313829741
5.04,0.192143107002,1.60985527736
5.04,0.197223772347,1.59606777855
5.04,0.20231056773,1.58177242594
5.04,0.207400429055,1.56696645631
5.04,0.212490290381,1.55164772912
5.04,0.217577085764,1.53581473651
5.04,0.222657751109,1.51946661234
5.04,0.227729226015,1.50260314043
5.04,0.232788455613,1.48522476177
5.04,0.237832392413,1.46733258107
5.04,0.242857998136,1.4489283723
5.04,0.247862245546,1.43001458349
5.04,0.252842120271,1.41059434067
5.04,0.257794622619,1.39067145107
5.04,0.26271676939,1.37025040547
5.04,0.267605595666,1.34933637989
5.04,0.272458156601,1.32793523645
5.04,0.277271529193,1.30605352365
5.04,0.282042814048,1.28369847582
5.04,0.28676913712,1.26087801203
5.04,0.291447651451,1.23760073435
5.04,0.296075538878,1.21387592544
5.04,0.300650011734,1.18971354569
5.04,0.305168314528,1.16512422966
5.04,0.309627725605,1.14011928215
5.04,0.31402555878,1.11471067371
5.04,0.318359164964,1.08891103568
5.04,0.322625933754,1.06273365484
5.04,0.326823295009,1.03619246761
5.04,0.330948720395,1.00930205387
5.04,0.33499972491,0.982077630387
5.04,0.338973868381,0.954535043893
5.04,0.342868756931,0.926690763711
5.04,0.346682044427,0.898561873988
5.04,0.350411433885,0.870166065426
5.04,0.354054678862,0.841521626426
5.04,0.357609584802,0.812647433484
5.04,0.361074010363,0.783562940626
5.04,0.364445868705,0.754288167538
5.04,0.367723128747,0.724843685928
5.04,0.370903816389,0.695250603439
5.04,0.373986015705,0.665530544141
5.04,0.376967870092,0.635705624232
5.04,0.379847583394,0.605798420952
5.04,0.382623420977,0.57583193187
5.04,0.385293710783,0.545829520404
5.04,0.387856844327,0.515814841463
5.04,0.390311277674,0.485811738217
5.04,0.392655532366,0.455844096341
5.04,0.394888196311,0.425935634899
5.04,0.397007924635,0.396109601243
5.04,0.399013440494,0.366388317766
5.04,0.400903535839,0.336792494856
5.04,0.402677072149,0.307340164771
5.04,0.404332981111,0.278044980809
5.04,0.405870265267,0.248913411149
5.04,0.407287998615,0.219939912195
5.04,0.408585327165,0.191098175866
5.04,0.409761469456,0.162324119448
5.04,0.410815717022,0.133479550909
5.04,0.411747434826,0.104263141436
5.04,0.412556061634,0.0739384272496
5.04,0.41324111036,0.0400399523113
5.04,0.413802168357,0
5.04,0.414238897663,0
5.04,0.414551035211,0
5.04,0.414738392979,0
5.04,0.414800858111,0
5.0925,0,1.8361861767
5.0925,6.24651316307e-05,1.8361861696
5.0925,0.000249822899863,1.83618603737
5.0925,0.000561960447384,1.83618538196
5.0925,0.000998689754205,1.8361834441
5.0925,0.00155974775092,1.83617905745
5.0925,0.00224479647718,1.83617061546
5.0925,0.00305342328524,1.83615604611
5.0925,0.00398514108855,1.83613279258
5.0925,0.00503938865514,1.83609779859
5.0925,0.0062155309457,1.8360474979
5.0925,0.0075128594961,1.83597780736
5.0925,0.00893059284412,1.83588412332
5.0925,0.0104678770002,1.83576132102
5.0925,0.0121237859619,1.83560375685
5.0925,0.0138973222715,1.83540527327
5.0925,0.0157874176171,1.83515920623
5.0925,0.0177929334759,1.83485839494
5.0925,0.0199126618001,1.83449519389
5.0925,0.0221453257447,1.83406148693
5.0925,0.0244895804365,1.83354870336
5.0925,0.0269440137839,1.8329478358
5.0925,0.0295071473283,1.83224945979
5.0925,0.0321774371336,1.83144375499
5.0925,0.0349532747173,1.8305205278
5.0925,0.0378329880186,1.82946923533
5.0925,0.0408148424058,1.82827901057
5.0925,0.0438970417214,1.82693868862
5.0925,0.0470777293637,1.82543683388
5.0925,0.0503549894054,1.82376176812
5.0925,0.0537268477477,1.82190159919
5.0925,0.0571912733091,1.81984425039
5.0925,0.0607461792493,1.81757749031
5.0925,0.0643894242258,1.81508896302
5.0925,0.0681188136841,1.81236621862
5.0925,0.0719321011795,1.80939674384
5.0925,0.07582698973,1.80616799284
5.0925,0.0798011332006,1.8026674179
5.0925,0.0838521377157,1.79888250008
5.0925,0.0879775631017,1.79480077962
5.0925,0.0921749243567,1.79040988616
5.0925,0.0964416931472,1.78569756858
5.0925,0.100775299331,1.78065172442
5.0925,0.105173132506,1.77526042886
5.0925,0.109632543582,1.76951196318
5.0925,0.114150846377,1.76339484264
5.0925,0.118725319233,1.75689784369
5.0925,0.12335320666,1.75001003057
5.0925,0.128031720991,1.74272078117
5.0925,0.132758044063,1.73501981211
5.0925,0.137529328917,1.72689720308
5.0925,0.14234270151,1.71834342036
5.0925,0.147195262445,1.70934933951
5.0925,0.152084088721,1.69990626713
5.0925,0.157006235492,1.69000596188
5.0925,0.16195873784,1.67964065446
5.0925,0.166938612565,1.66880306681
5.0925,0.171942859974,1.65748643027
5.0925,0.176968465698,1.64568450293
5.0925,0.182012402498,1.633391586
5.0925,0.187071632096,1.62060253921
5.0925,0.192143107002,1.60731279533
5.0925,0.197223772347,1.59351837377
5.0925,0.20231056773,1.57921589315
5.0925,0.207400429055,1.56440258307
5.0925,0.212490290381,1.54907629488
5.0925,0.217577085764,1.53323551153
5.0925,0.222657751109,1.51687935656
5.0925,0.227729226015,1.5000076022
5.0925,0.232788455613,1.48262067649
5.0925,0.237832392413,1.46471966965
5.0925,0.242857998136,1.44630633955
5.0925,0.247862245546,1.42738311627
5.0925,0.252842120271,1.40795310594
5.0925,0.257794622619,1.38802009373
5.0925,0.26271676939,1.36758854598
5.0925,0.267605595666,1.34666361168
5.0925,0.272458156601,1.32525112308
5.0925,0.277271529193,1.30335759566
5.0925,0.282042814048,1.28099022733
5.0925,0.28676913712,1.25815689694
5.0925,0.291447651451,1.23486616214
5.0925,0.296075538878,1.21112725659
5.0925,0.300650011734,1.18695008654
5.0925,0.305168314528,1.16234522678
5.0925,0.309627725605,1.13732391599
5.0925,0.31402555878,1.11189805159
5.0925,0.318359164964,1.08608018395
5.0925,0.322625933754,1.05988351002
5.0925,0.326823295009,1.03332186651
5.0925,0.330948720395,1.00640972243
5.0925,0.33499972491,0.979162171
5.0925,0.338973868381,0.951594921042
5.0925,0.342868756931,0.923724287585
5.0925,0.346682044427,0.895567181719
5.0925,0.350411433885,0.867141099514
5.0925,0.354054678862,0.838464109809
5.0925,0.357609584802,0.8095548406
5.0925,0.361074010363,0.780432463631
5.0925,0.364445868705,0.751116676651
5.0925,0.367723128747,0.721627682594
5.0925,0.370903816389,0.691986164647
5.0925,0.373986015705,0.662213255745
5.0925,0.376967870092,0.632330500485
5.0925,0.379847583394,0.602359806579
5.0925,0.382623420977,0.572323381778
5.0925,0.385293710783,0.542243650399
5.0925,0.387856844327,0.512143140903
5.0925,0.390311277674,0.482044331887
5.0925,0.392655532366,0.45196943753
5.0925,0.394888196311,0.421940103418
5.0925,0.397007924635,0.39197696734
5.0925,0.399013440494,0.362099012138
5.0925,0.400903535839,0.332322590246
5.0925,0.402677072149,0.302659914116
5.0925,0.404332981111,0.273116646093
5.0925,0.405870265267,0.243687902298
5.0925,0.407287998615,0.214351308478
5.0925,0.408585327165,0.185054187026
5.0925,0.409761469456,0.155687959544
5.0925,0.410815717022,0.126031022973
5.0925,0.411747434826,0.0955981982472
5.0925,0.412556061634,0.0631122786799
5.0925,0.41324111036,0.022676518392
5.0925,0.413802168357,0
5.0925,0.414238897663,0
5.0925,0.414551035211,0
5.0925,0.414738392979,0
5.0925,0.414800858111,0
5.145,0,1.83356008082
5.145,6.24651316307e-05,1.8335600737
5.145,0.000249822899863,1.833559941
5.145,0.000561960447384,1.83355928359
5.145,0.000998689754205,1.83355734033
5.145,0.00155974775092,1.83355294237
5.145,0.00224479647718,1.83354448003
5.145,0.00305342328524,1.83352987761
5.145,0.00398514108855,1.83350657409
5.145,0.00503938865514,1.83347150858
5.145,0.0062155309457,1.83342110982
5.145,0.0075128594961,1.83335128929
5.145,0.00893059284412,1.8332574377
5.145,0.0104678770002,1.8331344244
5.145,0.0121237859619,1.83297659972
5.145,0.0138973222715,1.83277779991
5.145,0.0157874176171,1.83253135459
5.145,0.0177929334759,1.83223009662
5.145,0.0199126618001,1.8318663741
5.145,0.0221453257447,1.83143206453
5.145,0.0244895804365,1.8309185909
5.145,0.0269440137839,1.83031693963
5.145,0.0295071473283,1.82961768016
5.145,0.0321774371336,1.82881098623
5.145,0.0349532747173,1.82788665848
5.145,0.0378329880186,1.82683414845
5.145,0.0408148424058,1.8256425838
5.145,0.0438970417214,1.8243007945
5.145,0.0470777293637,1.82279734013
5.145,0.0503549894054,1.82112053784
5.145,0.0537268477477,1.81925849116
5.145,0.0571912733091,1.81719911934
5.145,0.0607461792493,1.81493018719
5.145,0.0643894242258,1.81243933531
5.145,0.0681188136841,1.80971411057
5.145,0.0719321011795,1.80674199677
5.145,0.07582698973,1.80351044537
5.145,0.0798011332006,1.80000690624
5.145,0.0838521377157,1.79621885825
5.145,0.0879775631017,1.7921338397
5.145,0.0921749243567,1.78773947849
5.145,0.0964416931472,1.78302352193
5.145,0.100775299331,1.77797386619
5.145,0.105173132506,1.7725785852
5.145,0.109632543582,1.76682595913
5.145,0.114150846377,1.76070450221
5.145,0.118725319233,1.75420298993
5.145,0.12335320666,1.7473104856
5.145,0.128031720991,1.74001636613
5.145,0.132758044063,1.73231034718
5.145,0.137529328917,1.72418250737
5.145,0.14234270151,1.71562331179
5.145,0.147195262445,1.70662363461
5.145,0.152084088721,1.69717478088
5.145,0.157006235492,1.6872685074
5.145,0.16195873784,1.67689704274
5.145,0.166938612565,1.66605310629
5.145,0.171942859974,1.65472992645
5.145,0.176968465698,1.64292125787
5.145,0.182012402498,1.63062139774
5.145,0.187071632096,1.61782520118
5.145,0.192143107002,1.60452809565
5.145,0.197223772347,1.59072609443
5.145,0.20231056773,1.5764158092
5.145,0.207400429055,1.56159446165
5.145,0.212490290381,1.54625989414
5.145,0.217577085764,1.53041057953
5.145,0.222657751109,1.51404562996
5.145,0.227729226015,1.49716480488
5.145,0.232788455613,1.47976851805
5.145,0.237832392413,1.46185784374
5.145,0.242857998136,1.443434522
5.145,0.247862245546,1.42450096318
5.145,0.252842120271,1.40506025144
5.145,0.257794622619,1.38511614761
5.145,0.26271676939,1.36467309107
5.145,0.267605595666,1.34373620099
5.145,0.272458156601,1.32231127666
5.145,0.277271529193,1.30040479714
5.145,0.282042814048,1.2780239201
5.145,0.28676913712,1.25517647998
5.145,0.291447651451,1.23187098542
5.145,0.296075538878,1.20811661591
5.145,0.300650011734,1.18392321791
5.145,0.305168314528,1.15930130009
5.145,0.309627725605,1.13426202808
5.145,0.31402555878,1.10881721838
5.145,0.318359164964,1.08297933172
5.145,0.322625933754,1.05676146564
5.145,0.326823295009,1.03017734641
5.145,0.330948720395,1.00324132011
5.145,0.33499972491,0.975968342965
5.145,0.338973868381,0.948373970744
5.145,0.342868756931,0.920474347109
5.145,0.346682044427,0.892286190792
5.145,0.350411433885,0.863826781324
5.145,0.354054678862,0.835113943033
5.145,0.357609584802,0.806166026866
5.145,0.361074010363,0.777001889472
5.145,0.364445868705,0.747640868755
5.145,0.367723128747,0.71810275484
5.145,0.370903816389,0.688407754966
5.145,0.373986015705,0.65857645033
5.145,0.376967870092,0.628629742039
5.145,0.379847583394,0.598588782287
5.145,0.382623420977,0.568474885171
5.145,0.385293710783,0.538309409211
5.145,0.387856844327,0.508113599975
5.145,0.390311277674,0.477908375746
5.145,0.392655532366,0.447714030548
5.145,0.394888196311,0.417549815125
5.145,0.397007924635,0.387433334024
5.145,0.399013440494,0.357379658919
5.145,0.400903535839,0.32739999186
5.145,0.402677072149,0.297499590911
5.145,0.404332981111,0.267674438379
5.145,0.405870265267,0.237905660085
5.145,0.407287998615,0.208149673206
5.145,0.408585327165,0.178319570741
5.145,0.409761469456,0.148246575082
5.145,0.410815717022,0.117589052673
5.145,0.411747434826,0.0855685953299
5.145,0.412556061634,0.0498351165645
5.145,0.41324111036,0
5.145,0.413802168357,0
5.145,0.414238897663,0
5.145,0.414551035211,0
5.145,0.414738392979,0
5.145,0.414800858111,0
5.1975,0,1.8307055033
5.1975,6.24651316307e-05,1.83070549614
5.1975,0.000249822899863,1.83070536295
5.1975,0.000561960447384,1.83070470335
5.1975,0.000998689754205,1.8307027542
5.1975,0.00155974775092,1.83069834392
5.1975,0.00224479647718,1.83068985941
5.1975,0.00305342328524,1.83067522097
5.1975,0.00398514108855,1.83065186302
5.1975,0.00503938865514,1.83061671963
5.1975,0.0062155309457,1.83056621408
5.1975,0.0075128594961,1.83049625204
5.1975,0.00893059284412,1.83040221806
5.1975,0.0104678770002,1.83027897511
5.1975,0.0121237859619,1.83012086691
5.1975,0.0138973222715,1.82992172295
5.1975,0.0157874176171,1.82967486601
5.1975,0.0177929334759,1.82937312201
5.1975,0.0199126618001,1.82900883213
5.1975,0.0221453257447,1.82857386696
5.1975,0.0244895804365,1.82805964264
5.1975,0.0269440137839,1.82745713885
5.1975,0.0295071473283,1.82675691842
5.1975,0.0321774371336,1.82594914864
5.1975,0.0349532747173,1.82502362391
5.1975,0.0378329880186,1.82396978972
5.1975,0.0408148424058,1.82277676794
5.1975,0.0438970417214,1.82143338301
5.1975,0.0470777293637,1.81992818922
5.1975,0.0503549894054,1.81824949874
5.1975,0.0537268477477,1.81638541042
5.1975,0.0571912733091,1.81432383912
5.1975,0.0607461792493,1.81205254555
5.1975,0.0643894242258,1.80955916654
5.1975,0.0681188136841,1.80683124546
5.1975,0.0719321011795,1.80385626292
5.1975,0.07582698973,1.8006216675
5.1975,0.0798011332006,1.79711490644
5.1975,0.0838521377157,1.79332345624
5.1975,0.0879775631017,1.7892348531
5.1975,0.0921749243567,1.78483672301
5.1975,0.0964416931472,1.78011681163
5.1975,0.100775299331,1.7750630136
5.1975,0.105173132506,1.76966340155
5.1975,0.109632543582,1.76390625442
5.1975,0.114150846377,1.75778008532
5.1975,0.118725319233,1.7512736687
5.1975,0.12335320666,1.74437606685
5.1975,0.128031720991,1.73707665566
5.1975,0.132758044063,1.72936514971
5.1975,0.137529328917,1.72123162644
5.1975,0.14234270151,1.71266654965
5.1975,0.147195262445,1.70366079201
5.1975,0.152084088721,1.69420565686
5.1975,0.157006235492,1.68429289898
5.1975,0.16195873784,1.67391474456
5.1975,0.166938612565,1.66306391024
5.1975,0.171942859974,1.65173362118
5.1975,0.176968465698,1.63991762825
5.1975,0.182012402498,1.62761022429
5.1975,0.187071632096,1.61480625932
5.1975,0.192143107002,1.60150115498
5.1975,0.197223772347,1.58769091788
5.1975,0.20231056773,1.57337215206
5.1975,0.207400429055,1.55854207055
5.1975,0.212490290381,1.54319850591
5.1975,0.217577085764,1.52733991988
5.1975,0.222657751109,1.51096541218
5.1975,0.227729226015,1.49407472825
5.1975,0.232788455613,1.47666826619
5.1975,0.237832392413,1.4587470828
5.1975,0.242857998136,1.44031289868
5.1975,0.247862245546,1.4213681025
5.1975,0.252842120271,1.40191575439
5.1975,0.257794622619,1.3819595885
5.1975,0.26271676939,1.36150401469
5.1975,0.267605595666,1.34055411946
5.1975,0.272458156601,1.31911566597
5.1975,0.277271529193,1.29719509335
5.1975,0.282042814048,1.27479951518
5.1975,0.28676913712,1.2519367172
5.1975,0.291447651451,1.22861515425
5.1975,0.296075538878,1.20484394644
5.1975,0.300650011734,1.18063287456
5.1975,0.305168314528,1.15599237475
5.1975,0.309627725605,1.13093353233
5.1975,0.31402555878,1.10546807493
5.1975,0.318359164964,1.07960836474
5.1975,0.322625933754,1.05336738996
5.1975,0.326823295009,1.02675875527
5.1975,0.330948720395,0.999796671423
5.1975,0.33499972491,0.972495943671
5.1975,0.338973868381,0.944871958999
5.1975,0.342868756931,0.916940671941
5.1975,0.346682044427,0.888718588733
5.1975,0.350411433885,0.860222749467
5.1975,0.354054678862,0.831470707802
5.1975,0.357609584802,0.80248050763
5.1975,0.361074010363,0.773270655912
5.1975,0.364445868705,0.743860090614
5.1975,0.367723128747,0.714268142287
5.1975,0.370903816389,0.684514487348
5.1975,0.373986015705,0.654619090362
5.1975,0.376967870092,0.624602131612
5.1975,0.379847583394,0.594483914762
5.1975,0.382623420977,0.564284747288
5.1975,0.385293710783,0.534024783143
5.1975,0.387856844327,0.503723812413
5.1975,0.390311277674,0.473400975329
5.1975,0.392655532366,0.443074366597
5.1975,0.394888196311,0.412760477541
5.1975,0.397007924635,0.382473393062
5.1975,0.399013440494,0.352223608374
5.1975,0.400903535839,0.322016238094
5.1975,0.402677072149,0.29184821891
5.1975,0.404332981111,0.261703772003
5.1975,0.405870265267,0.23154669222
5.1975,0.407287998615,0.201306450537
5.1975,0.408585327165,0.170851134878
5.1975,0.409761469456,0.13992885338
5.1975,0.410815717022,0.108019222859
5.1975,0.411747434826,0.0738434329092
5.1975,0.412556061634,0.0324083300051
5.1975,0.41324111036,0
5.1975,0.413802168357,0
5.1975,0.414238897663,0
5.1975,0.414551035211,0
5.1975,0.414738392979,0
5.1975,0.414800858111,0
5.25,0,1.82762240924
5.25,6.24651316307e-05,1.82762240205
5.25,0.000249822899863,1.82762226832
5.25,0.000561960447384,1.82762160635
5.25,0.000998689754205,1.82761965083
5.25,0.00155974775092,1.8276152272
5.25,0.00224479647718,1.82760671869
5.25,0.00305342328524,1.82759204125
5.25,0.00398514108855,1.8275686244
5.25,0.00503938865514,1.82753339675
5.25,0.0062155309457,1.82748277567
5.25,0.0075128594961,1.82741266053
5.25,0.00893059284412,1.82731842927
5.25,0.0104678770002,1.82719493793
5.25,0.0121237859619,1.8270365231
5.25,0.0138973222715,1.82683700699
5.25,0.0157874176171,1.82658970496
5.25,0.0177929334759,1.82628743547
5.25,0.0199126618001,1.82592253219
5.25,0.0221453257447,1.82548685828
5.25,0.0244895804365,1.82497182248
5.25,0.0269440137839,1.82436839719
5.25,0.0295071473283,1.82366713812
5.25,0.0321774371336,1.8228582056
5.25,0.0349532747173,1.82193138728
5.25,0.0378329880186,1.82087612217
5.25,0.0408148424058,1.81968152585
5.25,0.0438970417214,1.81833641681
5.25,0.0470777293637,1.81682934365
5.25,0.0503549894054,1.81514861318
5.25,0.0537268477477,1.81328231919
5.25,0.0571912733091,1.81121837181
5.25,0.0607461792493,1.80894452735
5.25,0.0643894242258,1.80644841855
5.25,0.0681188136841,1.80371758506
5.25,0.0719321011795,1.80073950404
5.25,0.07582698973,1.79750162096
5.25,0.0798011332006,1.79399138023
5.25,0.0838521377157,1.79019625582
5.25,0.0879775631017,1.78610378164
5.25,0.0921749243567,1.78170158169
5.25,0.0964416931472,1.77697739978
5.25,0.100775299331,1.77191912899
5.25,0.105173132506,1.76651484047
5.25,0.109632543582,1.76075281188
5.25,0.114150846377,1.75462155514
5.25,0.118725319233,1.74810984355
5.25,0.12335320666,1.74120673832
5.25,0.128031720991,1.73390161422
5.25,0.132758044063,1.72618418466
5.25,0.137529328917,1.71804452583
5.25,0.14234270151,1.70947310009
5.25,0.147195262445,1.70046077851
5.25,0.152084088721,1.69099886254
5.25,0.157006235492,1.68107910477
5.25,0.16195873784,1.67069372882
5.25,0.166938612565,1.65983544832
5.25,0.171942859974,1.6484974849
5.25,0.176968465698,1.63667358533
5.25,0.182012402498,1.62435803766
5.25,0.187071632096,1.61154568642
5.25,0.192143107002,1.59823194688
5.25,0.197223772347,1.58441281838
5.25,0.20231056773,1.57008489668
5.25,0.207400429055,1.55524538534
5.25,0.212490290381,1.53989210624
5.25,0.217577085764,1.52402350909
5.25,0.222657751109,1.50763868
5.25,0.227729226015,1.4907373492
5.25,0.232788455613,1.47331989776
5.25,0.237832392413,1.45538736343
5.25,0.242857998136,1.43694144563
5.25,0.247862245546,1.41798450944
5.25,0.252842120271,1.39851958881
5.25,0.257794622619,1.37855038885
5.25,0.26271676939,1.35808128726
5.25,0.267605595666,1.33711733494
5.25,0.272458156601,1.31566425568
5.25,0.277271529193,1.2937284451
5.25,0.282042814048,1.27131696872
5.25,0.28676913712,1.24843755917
5.25,0.291447651451,1.22509861264
5.25,0.296075538878,1.20130918441
5.25,0.300650011734,1.17707898365
5.25,0.305168314528,1.15241836725
5.25,0.309627725605,1.12733833286
5.25,0.31402555878,1.10185051096
5.25,0.318359164964,1.07596715601
5.25,0.322625933754,1.04970113658
5.25,0.326823295009,1.02306592428
5.25,0.330948720395,0.996075581624
5.25,0.33499972491,0.968744748355
5.25,0.338973868381,0.941088626292
5.25,0.342868756931,0.913122962293
5.25,0.346682044427,0.884864029035
5.25,0.350411433885,0.856328603148
5.25,0.354054678862,0.827533940113
5.25,0.357609584802,0.798497745116
5.25,0.361074010363,0.769238138822
5.25,0.364445868705,0.739773616673
5.25,0.367723128747,0.710122999804
5.25,0.370903816389,0.680305375055
5.25,0.373986015705,0.650340020575
5.25,0.376967870092,0.620246312218
5.25,0.379847583394,0.590043604016
5.25,0.382623420977,0.559751073246
5.25,0.385293710783,0.529387516473
5.25,0.387856844327,0.498971076742
5.25,0.390311277674,0.468518872494
5.25,0.392655532366,0.438046483596
5.25,0.394888196311,0.407567225344
5.25,0.397007924635,0.377091100194
5.25,0.399013440494,0.346623245966
5.25,0.400903535839,0.316161571257
5.25,0.402677072149,0.285693026809
5.25,0.404332981111,0.255187476899
5.25,0.405870265267,0.224587092747
5.25,0.407287998615,0.19378674032
5.25,0.408585327165,0.162594365427
5.25,0.409761469456,0.13064032723
5.25,0.410815717022,0.0971257126347
5.25,0.411747434826,0.0598267472469
5.25,0.412556061634,0
5.25,0.41324111036,0
5.25,0.413802168357,0
5.25,0.414238897663,0
5.25,0.414551035211,0
5.25,0.414738392979,0
5.25,0.414800858111,0
5.3025,0,1.82431075955
5.3025,6.24651316307e-05,1.82431075232
5.3025,0.000249822899863,1.82431061801
5.3025,0.000561960447384,1.82430995348
5.3025,0.000998689754205,1.8243079911
5.3025,0.00155974775092,1.82430355309
5.3025,0.00224479647718,1.82429501874
5.3025,0.00305342328524,1.82428029932
5.3025,0.00398514108855,1.82425681905
5.3025,0.00503938865514,1.8242215007
5.3025,0.0062155309457,1.82417075529
5.3025,0.0075128594961,1.82410047543
5.3025,0.00893059284412,1.82400603191
5.3025,0.0104678770002,1.82388227336
5.3025,0.0121237859619,1.82372352871
5.3025,0.0138973222715,1.82352361233
5.3025,0.0157874176171,1.82327583162
5.3025,0.0177929334759,1.82297299702
5.3025,0.0199126618001,1.82260743418
5.3025,0.0221453257447,1.82217099823
5.3025,0.0244895804365,1.82165508999
5.3025,0.0269440137839,1.82105067405
5.3025,0.0295071473283,1.82034829848
5.3025,0.0321774371336,1.81953811614
5.3025,0.0349532747173,1.81860990745
5.3025,0.0378329880186,1.81755310443
5.3025,0.0408148424058,1.81635681598
5.3025,0.0438970417214,1.81500985417
5.3025,0.0470777293637,1.81350076151
5.3025,0.0503549894054,1.81181783908
5.3025,0.0537268477477,1.80994917522
5.3025,0.0571912733091,1.80788267501
5.3025,0.0607461792493,1.80560609007
5.3025,0.0643894242258,1.80310704875
5.3025,0.0681188136841,1.80037308669
5.3025,0.0719321011795,1.7973916774
5.3025,0.07582698973,1.79415026299
5.3025,0.0798011332006,1.79063628487
5.3025,0.0838521377157,1.7868372143
5.3025,0.0879775631017,1.78274058275
5.3025,0.0921749243567,1.77833401206
5.3025,0.0964416931472,1.77360524412
5.3025,0.100775299331,1.76854217028
5.3025,0.105173132506,1.76313286017
5.3025,0.109632543582,1.75736559005
5.3025,0.114150846377,1.75122887055
5.3025,0.118725319233,1.74471147379
5.3025,0.12335320666,1.73780245976
5.3025,0.128031720991,1.73049120208
5.3025,0.132758044063,1.72276741287
5.3025,0.137529328917,1.71462116697
5.3025,0.14234270151,1.70604292521
5.3025,0.147195262445,1.6970235569
5.3025,0.152084088721,1.68755436145
5.3025,0.157006235492,1.67762708909
5.3025,0.16195873784,1.66723396065
5.3025,0.166938612565,1.65636768649
5.3025,0.171942859974,1.64502148441
5.3025,0.176968465698,1.63318909675
5.3025,0.182012402498,1.62086480637
5.3025,0.187071632096,1.60804345182
5.3025,0.192143107002,1.59472044151
5.3025,0.197223772347,1.58089176689
5.3025,0.20231056773,1.56655401471
5.3025,0.207400429055,1.55170437833
5.3025,0.212490290381,1.53634066804
5.3025,0.217577085764,1.52046132047
5.3025,0.222657751109,1.50406540705
5.3025,0.227729226015,1.4871526415
5.3025,0.232788455613,1.46972338643
5.3025,0.237832392413,1.451778659
5.3025,0.242857998136,1.43332013562
5.3025,0.247862245546,1.41435015585
5.3025,0.252842120271,1.39487172525
5.3025,0.257794622619,1.37488851747
5.3025,0.26271676939,1.35440487534
5.3025,0.267605595666,1.33342581115
5.3025,0.272458156601,1.31195700602
5.3025,0.277271529193,1.29000480839
5.3025,0.282042814048,1.2675762316
5.3025,0.28676913712,1.24467895068
5.3025,0.291447651451,1.22132129812
5.3025,0.296075538878,1.19751225883
5.3025,0.300650011734,1.17326146416
5.3025,0.305168314528,1.14857918489
5.3025,0.309627725605,1.12347632332
5.3025,0.31402555878,1.09796440428
5.3025,0.318359164964,1.07205556497
5.3025,0.322625933754,1.04576254365
5.3025,0.326823295009,1.01909866694
5.3025,0.330948720395,0.992077835647
5.3025,0.33499972491,0.964714508886
5.3025,0.338973868381,0.93702368619
5.3025,0.342868756931,0.909020887324
5.3025,0.346682044427,0.880722129296
5.3025,0.350411433885,0.852143900002
5.3025,0.354054678862,0.823303127715
5.3025,0.357609584802,0.79421714541
5.3025,0.361074010363,0.764903648582
5.3025,0.364445868705,0.735380644754
5.3025,0.367723128747,0.7056663923
5.3025,0.370903816389,0.675779325323
5.3025,0.373986015705,0.645737960174
5.3025,0.376967870092,0.615560777491
5.3025,0.379847583394,0.58526607124
5.3025,0.382623420977,0.554871752647
5.3025,0.385293710783,0.524395091658
5.3025,0.387856844327,0.493852370479
5.3025,0.390311277674,0.463258411257
5.3025,0.392655532366,0.432625920074
5.3025,0.394888196311,0.401964556808
5.3025,0.397007924635,0.371279585307
5.3025,0.399013440494,0.340569861577
5.3025,0.400903535839,0.309824740288
5.3025,0.402677072149,0.279019137238
5.3025,0.404332981111,0.24810528044
5.3025,0.405870265267,0.216998114351
5.3025,0.407287998615,0.185547467544
5.3025,0.408585327165,0.153479276679
5.3025,0.409761469456,0.120251519863
5.3025,0.410815717022,0.0846035951013
5.3025,0.411747434826,0.0421874985192
5.3025,0.412556061634,0
5.3025,0.41324111036,0
5.3025,0.413802168357,0
5.3025,0.414238897663,0
5.3025,0.414551035211,0
5.3025,0.414738392979,0
5.3025,0.414800858111,0
5.355,0,1.82077051055
5.355,6.24651316307e-05,1.82077050328
5.355,0.000249822899863,1.82077036834
5.355,0.000561960447384,1.82076970108
5.355,0.000998689754205,1.82076773133
5.355,0.00155974775092,1.82076327791
5.355,0.00224479647718,1.82075471585
5.355,0.00305342328524,1.82073995144
5.355,0.00398514108855,1.82071640323
5.355,0.00503938865514,1.82068098772
5.355,0.0062155309457,1.82063010913
5.355,0.0075128594961,1.82055965284
5.355,0.00893059284412,1.82046498201
5.355,0.0104678770002,1.82034093734
5.355,0.0121237859619,1.82018183956
5.355,0.0138973222715,1.81998149467
5.355,0.0157874176171,1.81973320156
5.355,0.0177929334759,1.8194297621
5.355,0.0199126618001,1.81906349336
5.355,0.0221453257447,1.81862624189
5.355,0.0244895804365,1.81810940008
5.355,0.0269440137839,1.81750392416
5.355,0.0295071473283,1.81680035402
5.355,0.0321774371336,1.81598883458
5.355,0.0349532747173,1.81505913852
5.355,0.0378329880186,1.81400069043
5.355,0.0408148424058,1.81280259204
5.355,0.0438970417214,1.81145364859
5.355,0.0470777293637,1.80994239613
5.355,0.0503549894054,1.80825712956
5.355,0.0537268477477,1.80638593148
5.355,0.0571912733091,1.80431670157
5.355,0.0607461792493,1.8020371864
5.355,0.0643894242258,1.79953500972
5.355,0.0681188136841,1.79679770286
5.355,0.0719321011795,1.79381273545
5.355,0.07582698973,1.79056754604
5.355,0.0798011332006,1.78704957284
5.355,0.0838521377157,1.7832462842
5.355,0.0879775631017,1.77914520905
5.355,0.0921749243567,1.7747339669
5.355,0.0964416931472,1.77000029761
5.355,0.100775299331,1.76493209069
5.355,0.105173132506,1.75951741414
5.355,0.109632543582,1.75374454276
5.355,0.114150846377,1.7476019858
5.355,0.118725319233,1.7410785141
5.355,0.12335320666,1.73416318638
5.355,0.128031720991,1.72684537499
5.355,0.132758044063,1.71911479072
5.355,0.137529328917,1.71096150691
5.355,0.14234270151,1.70237598276
5.355,0.147195262445,1.69334908569
5.355,0.152084088721,1.68387211291
5.355,0.157006235492,1.6739368121
5.355,0.16195873784,1.66353540107
5.355,0.166938612565,1.65266058665
5.355,0.171942859974,1.64130558255
5.355,0.176968465698,1.62946412627
5.355,0.182012402498,1.61713049509
5.355,0.187071632096,1.60429952113
5.355,0.192143107002,1.59096660535
5.355,0.197223772347,1.57712773071
5.355,0.20231056773,1.56277947426
5.355,0.207400429055,1.54791901831
5.355,0.212490290381,1.53254416067
5.355,0.217577085764,1.51665332388
5.355,0.222657751109,1.50024556349
5.355,0.227729226015,1.48332057544
5.355,0.232788455613,1.46587870241
5.355,0.237832392413,1.44792093933
5.355,0.242857998136,1.42944893782
5.355,0.247862245546,1.41046500987
5.355,0.252842120271,1.39097213042
5.355,0.257794622619,1.37097393915
5.355,0.26271676939,1.35047474124
5.355,0.267605595666,1.32947950732
5.355,0.272458156601,1.3079938724
5.355,0.277271529193,1.28602413395
5.355,0.282042814048,1.26357724896
5.355,0.28676913712,1.24066083017
5.355,0.291447651451,1.21728314122
5.355,0.296075538878,1.1934530909
5.355,0.300650011734,1.16918022634
5.355,0.305168314528,1.14447472512
5.355,0.309627725605,1.11934738628
5.355,0.31402555878,1.09380962013
5.355,0.318359164964,1.06787343672
5.355,0.322625933754,1.04155143295
5.355,0.326823295009,1.01485677798
5.355,0.330948720395,0.987803196919
5.355,0.33499972491,0.96040495242
5.355,0.338973868381,0.932676823804
5.355,0.342868756931,0.904634083357
5.355,0.346682044427,0.876292469151
5.355,0.350411433885,0.847668153668
5.355,0.354054678862,0.818777707251
5.355,0.357609584802,0.789638055086
5.355,0.361074010363,0.760266426059
5.355,0.364445868705,0.730680291218
5.355,0.367723128747,0.700897288861
5.355,0.370903816389,0.670935132193
5.355,0.373986015705,0.640811493998
5.355,0.376967870092,0.610543860683
5.355,0.379847583394,0.580149344956
5.355,0.382623420977,0.549644441917
5.355,0.385293710783,0.519044706544
5.355,0.387856844327,0.488364320246
5.355,0.390311277674,0.457615497921
5.355,0.392655532366,0.426807660943
5.355,0.394888196311,0.395946258337
5.355,0.397007924635,0.365031044535
5.355,0.399013440494,0.334053490207
5.355,0.400903535839,0.30299275617
5.355,0.402677072149,0.271809172569
5.355,0.404332981111,0.240433131428
5.355,0.405870265267,0.208744910121
5.355,0.407287998615,0.176534760046
5.355,0.408585327165,0.143413958093
5.355,0.409761469456,0.108577168631
5.355,0.410815717022,0.0699267403835
5.355,0.411747434826,0.0155511305054
5.355,0.412556061634,0
5.355,0.41324111036,0
5.355,0.413802168357,0
5.355,0.414238897663,0
5.355,0.414551035211,0
5.355,0.414738392979,0
5.355,0.414800858111,0
5.4075,0,1.81700161365
5.4075,6.24651316307e-05,1.81700160633
5.4075,0.000249822899863,1.81700147073
5.4075,0.000561960447384,1.81700080054
5.4075,0.000998689754205,1.81699882292
5.4075,0.00155974775092,1.81699435305
5.4075,0.00224479647718,1.81698576141
5.4075,0.00305342328524,1.81697094898
5.4075,0.00398514108855,1.81694732825
5.4075,0.00503938865514,1.81691180906
5.4075,0.0062155309457,1.81686078839
5.4075,0.0075128594961,1.8167901439
5.4075,0.00893059284412,1.81669523064
5.4075,0.0104678770002,1.81657088083
5.4075,0.0121237859619,1.81641140651
5.4075,0.0138973222715,1.81621060474
5.4075,0.0157874176171,1.81596176537
5.4075,0.0177929334759,1.81565768115
5.4075,0.0199126618001,1.81529065999
5.4075,0.0221453257447,1.81485253937
5.4075,0.0244895804365,1.81433470265
5.4075,0.0269440137839,1.81372809719
5.4075,0.0295071473283,1.81302325422
5.4075,0.0321774371336,1.81221031018
5.4075,0.0349532747173,1.81127902954
5.4075,0.0378329880186,1.81021882898
5.4075,0.0408148424058,1.80901880263
5.4075,0.0438970417214,1.80766774848
5.4075,0.0470777293637,1.80615419569
5.4075,0.0503549894054,1.80446643264
5.4075,0.0537268477477,1.80259253581
5.4075,0.0571912733091,1.80052039914
5.4075,0.0607461792493,1.7982377639
5.4075,0.0643894242258,1.79573224888
5.4075,0.0681188136841,1.79299138093
5.4075,0.0719321011795,1.7900026255
5.4075,0.07582698973,1.7867534174
5.4075,0.0798011332006,1.78323119143
5.4075,0.0838521377157,1.77942341292
5.4075,0.0879775631017,1.77531760803
5.4075,0.0921749243567,1.77090139386
5.4075,0.0964416931472,1.7661625081
5.4075,0.100775299331,1.76108883834
5.4075,0.105173132506,1.75566845084
5.4075,0.109632543582,1.74988961884
5.4075,0.114150846377,1.74374085015
5.4075,0.118725319233,1.73721091422
5.4075,0.12335320666,1.73028886848
5.4075,0.128031720991,1.72296408387
5.4075,0.132758044063,1.71522626976
5.4075,0.137529328917,1.70706549792
5.4075,0.14234270151,1.69847222578
5.4075,0.147195262445,1.68943731874
5.4075,0.152084088721,1.67995207165
5.4075,0.157006235492,1.67000822942
5.4075,0.16195873784,1.65959800665
5.4075,0.166938612565,1.64871410637
5.4075,0.171942859974,1.63734973784
5.4075,0.176968465698,1.6254986334
5.4075,0.182012402498,1.61315506434
5.4075,0.187071632096,1.60031385582
5.4075,0.192143107002,1.58697040084
5.4075,0.197223772347,1.57312067319
5.4075,0.20231056773,1.55876123948
5.4075,0.207400429055,1.54388927019
5.4075,0.212490290381,1.52850254969
5.4075,0.217577085764,1.51259948535
5.4075,0.222657751109,1.49617911569
5.4075,0.227729226015,1.4792411175
5.4075,0.232788455613,1.46178581207
5.4075,0.237832392413,1.44381417039
5.4075,0.242857998136,1.42532781746
5.4075,0.247862245546,1.4063290356
5.4075,0.252842120271,1.38682076684
5.4075,0.257794622619,1.36680661429
5.4075,0.26271676939,1.34629084267
5.4075,0.267605595666,1.32527837776
5.4075,0.272458156601,1.30377480496
5.4075,0.277271529193,1.28178636685
5.4075,0.282042814048,1.25931995975
5.4075,0.28676913712,1.23638312931
5.4075,0.291447651451,1.21298406497
5.4075,0.296075538878,1.18913159347
5.4075,0.300650011734,1.16483517112
5.4075,0.305168314528,1.14010487491
5.4075,0.309627725605,1.11495139243
5.4075,0.31402555878,1.08938601027
5.4075,0.318359164964,1.06342060108
5.4075,0.322625933754,1.03706760882
5.4075,0.326823295009,1.01034003222
5.4075,0.330948720395,0.983251406053
5.4075,0.33499972491,0.955815779907
5.4075,0.338973868381,0.928047694074
5.4075,0.342868756931,0.899962151901
5.4075,0.346682044427,0.871574587965
5.4075,0.350411433885,0.842900831101
5.4075,0.354054678862,0.813957061094
5.4075,0.357609584802,0.784759757438
5.4075,0.361074010363,0.755325638106
5.4075,0.364445868705,0.725671585537
5.4075,0.367723128747,0.695814556161
5.4075,0.370903816389,0.665771468435
5.4075,0.373986015705,0.635559062531
5.4075,0.376967870092,0.605193722168
5.4075,0.379847583394,0.574691245226
5.4075,0.382623420977,0.544066544096
5.4075,0.385293710783,0.513333248104
5.4075,0.387856844327,0.482503167124
5.4075,0.390311277674,0.451585554525
5.4075,0.392655532366,0.420586073604
5.4075,0.394888196311,0.389505314591
5.4075,0.397007924635,0.358336610117
5.4075,0.399013440494,0.327062716803
5.4075,0.400903535839,0.295650586361
5.4075,0.402677072149,0.264042749892
5.4075,0.404332981111,0.232142304977
5.4075,0.405870265267,0.199784790663
5.4075,0.407287998615,0.166680072551
5.4075,0.408585327165,0.132274021491
5.4075,0.409761469456,0.0953355630366
5.4075,0.410815717022,0.0520117543517
5.4075,0.411747434826,0
5.4075,0.412556061634,0
5.4075,0.41324111036,0
5.4075,0.413802168357,0
5.4075,0.414238897663,0
5.4075,0.414551035211,0
5.4075,0.414738392979,0
5.4075,0.414800858111,0
5.46,0,1.81300401492
5.46,6.24651316307e-05,1.81300400756
5.46,0.000249822899863,1.81300387125
5.46,0.000561960447384,1.81300319794
5.46,0.000998689754205,1.81300121194
5.46,0.00155974775092,1.81299672455
5.46,0.00224479647718,1.81298810144
5.46,0.00305342328524,1.81297323793
5.46,0.00398514108855,1.81294954009
5.46,0.00503938865514,1.81291391066
5.46,0.0062155309457,1.81286273895
5.46,0.0075128594961,1.81279189442
5.46,0.00893059284412,1.8126967235
5.46,0.0104678770002,1.81257204945
5.46,0.0121237859619,1.81241217505
5.46,0.0138973222715,1.8122108879
5.46,0.0157874176171,1.81196146825
5.46,0.0177929334759,1.81165669919
5.46,0.0199126618001,1.81128887893
5.46,0.0221453257447,1.81084983531
5.46,0.0244895804365,1.81033094214
5.46,0.0269440137839,1.8097231374
5.46,0.0295071473283,1.8090169431
5.46,0.0321774371336,1.80820248672
5.46,0.0349532747173,1.80726952406
5.46,0.0378329880186,1.8062074634
5.46,0.0408148424058,1.80500539085
5.46,0.0438970417214,1.80365209671
5.46,0.0470777293637,1.80213610285
5.46,0.0503549894054,1.80044569077
5.46,0.0537268477477,1.79856893047
5.46,0.0571912733091,1.79649370984
5.46,0.0607461792493,1.79420776451
5.46,0.0643894242258,1.7916987081
5.46,0.0681188136841,1.78895406265
5.46,0.0719321011795,1.78596128926
5.46,0.07582698973,1.78270781878
5.46,0.0798011332006,1.77918108242
5.46,0.0838521377157,1.77536854227
5.46,0.0879775631017,1.77125772166
5.46,0.0921749243567,1.76683623509
5.46,0.0964416931472,1.76209181798
5.46,0.100775299331,1.75701235589
5.46,0.105173132506,1.75158591328
5.46,0.109632543582,1.7458007617
5.46,0.114150846377,1.73964540747
5.46,0.118725319233,1.73310861859
5.46,0.12335320666,1.72617945105
5.46,0.128031720991,1.71884727437
5.46,0.132758044063,1.71110179637
5.46,0.137529328917,1.70293308716
5.46,0.14234270151,1.69433160226
5.46,0.147195262445,1.68528820492
5.46,0.152084088721,1.67579418746
5.46,0.157006235492,1.66584129183
5.46,0.16195873784,1.65542172916
5.46,0.166938612565,1.64452819843
5.46,0.171942859974,1.63315390414
5.46,0.176968465698,1.62129257308
5.46,0.182012402498,1.6089384701
5.46,0.187071632096,1.59608641293
5.46,0.192143107002,1.582731786
5.46,0.197223772347,1.56887055331
5.46,0.20231056773,1.55449927027
5.46,0.207400429055,1.53961509466
5.46,0.212490290381,1.52421579644
5.46,0.217577085764,1.50829976676
5.46,0.222657751109,1.49186602586
5.46,0.227729226015,1.47491423001
5.46,0.232788455613,1.45744467757
5.46,0.237832392413,1.43945831389
5.46,0.242857998136,1.42095673542
5.46,0.247862245546,1.40194219268
5.46,0.252842120271,1.3824175924
5.46,0.257794622619,1.36238649851
5.46,0.26271676939,1.3418531323
5.46,0.267605595666,1.32082237145
5.46,0.272458156601,1.29929974811
5.46,0.277271529193,1.27729144597
5.46,0.282042814048,1.25480429621
5.46,0.28676913712,1.2318457724
5.46,0.291447651451,1.20842398429
5.46,0.296075538878,1.1845476704
5.46,0.300650011734,1.16022618935
5.46,0.305168314528,1.13546950996
5.46,0.309627725605,1.11028819977
5.46,0.31402555878,1.08469341215
5.46,0.318359164964,1.05869687159
5.46,0.322625933754,1.03231085708
5.46,0.326823295009,1.00554818333
5.46,0.330948720395,0.978422179407
5.46,0.33499972491,0.950946664448
5.46,0.338973868381,0.92313591988
5.46,0.342868756931,0.895004657467
5.46,0.346682044427,0.866567982296
5.46,0.350411433885,0.837841349584
5.46,0.354054678862,0.808840513816
5.46,0.357609584802,0.779581468288
5.46,0.361074010363,0.750080372533
5.46,0.364445868705,0.720353464226
5.46,0.367723128747,0.690416951064
5.46,0.370903816389,0.660286876455
5.46,0.373986015705,0.629978950609
5.46,0.376967870092,0.599508335279
5.46,0.379847583394,0.568889365652
5.46,0.382623420977,0.538135185665
5.46,0.385293710783,0.507257262174
5.46,0.387856844327,0.476264726437
5.46,0.390311277674,0.445163464352
5.46,0.392655532366,0.413954832442
5.46,0.394888196311,0.382633801051
5.46,0.397007924635,0.35118619261
5.46,0.399013440494,0.319584435442
5.46,0.400903535839,0.287780769364
5.46,0.402677072149,0.255695825696
5.46,0.404332981111,0.223198196208
5.46,0.405870265267,0.190064748211
5.46,0.407287998615,0.155894233668
5.46,0.408585327165,0.119884192091
5.46,0.409761469456,0.0800576404146
5.46,0.410815717022,0.0275330456902
5.46,0.411747434826,0
5.46,0.412556061634,0
5.46,0.41324111036,0
5.46,0.413802168357,0
5.46,0.414238897663,0
5.46,0.414551035211,0
5.46,0.414738392979,0
5.46,0.414800858111,0
5.5125,0,1.80877765467
5.5125,6.24651316307e-05,1.80877764726
5.5125,0.000249822899863,1.80877751019
5.5125,0.000561960447384,1.80877683358
5.5125,0.000998689754205,1.80877483868
5.5125,0.00155974775092,1.80877033271
5.5125,0.00224479647718,1.80876167622
5.5125,0.00305342328524,1.80874675854
5.5125,0.00398514108855,1.80872297895
5.5125,0.00503938865514,1.80868723267
5.5125,0.0062155309457,1.80863590089
5.5125,0.0075128594961,1.8085648444
5.5125,0.00893059284412,1.80846940051
5.5125,0.0104678770002,1.808344383
5.5125,0.0121237859619,1.80818408485
5.5125,0.0138973222715,1.80798228368
5.5125,0.0157874176171,1.80773224959
5.5125,0.0177929334759,1.80742675543
5.5125,0.0199126618001,1.80705808918
5.5125,0.0221453257447,1.80661806852
5.5125,0.0244895804365,1.80609805715
5.5125,0.0269440137839,1.80548898314
5.5125,0.0295071473283,1.80478135878
5.5125,0.0321774371336,1.8039653021
5.5125,0.0349532747173,1.80303055973
5.5125,0.0378329880186,1.80196653111
5.5125,0.0408148424058,1.80076229386
5.5125,0.0438970417214,1.7994066302
5.5125,0.0470777293637,1.79788805431
5.5125,0.0503549894054,1.79619484044
5.5125,0.0537268477477,1.79431505176
5.5125,0.0571912733091,1.79223656978
5.5125,0.0607461792493,1.78994712423
5.5125,0.0643894242258,1.78743432324
5.5125,0.0681188136841,1.78468568382
5.5125,0.0719321011795,1.78168866249
5.5125,0.07582698973,1.77843068592
5.5125,0.0798011332006,1.77489918156
5.5125,0.0838521377157,1.77108160814
5.5125,0.0879775631017,1.76696548593
5.5125,0.0921749243567,1.76253842678
5.5125,0.0964416931472,1.75778816371
5.5125,0.100775299331,1.75270258013
5.5125,0.105173132506,1.7472697386
5.5125,0.109632543582,1.74147790895
5.5125,0.114150846377,1.73531559588
5.5125,0.118725319233,1.72877156587
5.5125,0.12335320666,1.72183487341
5.5125,0.128031720991,1.7144948865
5.5125,0.132758044063,1.70674131134
5.5125,0.137529328917,1.69856421623
5.5125,0.14234270151,1.68995405471
5.5125,0.147195262445,1.68090168767
5.5125,0.152084088721,1.67139840478
5.5125,0.157006235492,1.66143594481
5.5125,0.16195873784,1.65100651518
5.5125,0.166938612565,1.64010281053
5.5125,0.171942859974,1.62871803027
5.5125,0.176968465698,1.61684589526
5.5125,0.182012402498,1.60448066346
5.5125,0.187071632096,1.59161714465
5.5125,0.192143107002,1.57825071412
5.5125,0.197223772347,1.56437732536
5.5125,0.20231056773,1.54999352185
5.5125,0.207400429055,1.53509644776
5.5125,0.212490290381,1.51968385769
5.5125,0.217577085764,1.50375412541
5.5125,0.222657751109,1.48730625163
5.5125,0.227729226015,1.47033987071
5.5125,0.232788455613,1.45285525647
5.5125,0.237832392413,1.43485332687
5.5125,0.242857998136,1.41633564782
5.5125,0.247862245546,1.39730443587
5.5125,0.252842120271,1.37776255997
5.5125,0.257794622619,1.35771354216
5.5125,0.26271676939,1.33716155727
5.5125,0.267605595666,1.3161114315
5.5125,0.272458156601,1.29456864004
5.5125,0.277271529193,1.27253930351
5.5125,0.282042814048,1.25003018331
5.5125,0.28676913712,1.22704867583
5.5125,0.291447651451,1.20360280536
5.5125,0.296075538878,1.17970121585
5.5125,0.300650011734,1.15535316116
5.5125,0.305168314528,1.13056849391
5.5125,0.309627725605,1.10535765277
5.5125,0.31402555878,1.07973164789
5.5125,0.318359164964,1.05370204441
5.5125,0.322625933754,1.02728094376
5.5125,0.326823295009,1.00048096238
5.5125,0.330948720395,0.973315207508
5.5125,0.33499972491,0.945797249486
5.5125,0.338973868381,0.917941089963
5.5125,0.342868756931,0.889761125153
5.5125,0.346682044427,0.861272103074
5.5125,0.350411433885,0.832489073422
5.5125,0.354054678862,0.803427328276
5.5125,0.357609584802,0.774102331319
5.5125,0.361074010363,0.744529632502
5.5125,0.364445868705,0.714724764051
5.5125,0.367723128747,0.684703112327
5.5125,0.370903816389,0.654479758063
5.5125,0.373986015705,0.624069274667
5.5125,0.376967870092,0.593485470226
5.5125,0.379847583394,0.562741052852
5.5125,0.382623420977,0.531847189985
5.5125,0.385293710783,0.500812918522
5.5125,0.387856844327,0.469644340982
5.5125,0.390311277674,0.438343507991
5.5125,0.392655532366,0.40690682927
5.5125,0.394888196311,0.375322754933
5.5125,0.397007924635,0.343568288316
5.5125,0.399013440494,0.311603549679
5.5125,0.400903535839,0.279362923159
5.5125,0.402677072149,0.246739832695
5.5125,0.404332981111,0.213558660406
5.5125,0.405870265267,0.179517831292
5.5125,0.407287998615,0.14405785665
5.5125,0.408585327165,0.105983319246
5.5125,0.409761469456,0.061836782469
5.5125,0.410815717022,0
5.5125,0.411747434826,0
5.5125,0.412556061634,0
5.5125,0.41324111036,0
5.5125,0.413802168357,0
5.5125,0.414238897663,0
5.5125,0.414551035211,0
5.5125,0.414738392979,0
5.5125,0.414800858111,0
5.565,0,1.80432246697
5.565,6.24651316307e-05,1.80432245951
5.565,0.000249822899863,1.80432232164
5.565,0.000561960447384,1.80432164152
5.565,0.000998689754205,1.80431963721
5.565,0.00155974775092,1.80431511157
5.565,0.00224479647718,1.80430641978
5.565,0.00305342328524,1.80429144482
5.565,0.00398514108855,1.8042675788
5.565,0.00503938865514,1.80423170902
5.565,0.0062155309457,1.80418020807
5.565,0.0075128594961,1.80410892762
5.565,0.00893059284412,1.80401319535
5.565,0.0104678770002,1.80388781504
5.565,0.0121237859619,1.80372706935
5.565,0.0138973222715,1.80352472535
5.565,0.0157874176171,1.80327404247
5.565,0.0177929334759,1.80296778277
5.565,0.0199126618001,1.80259822347
5.565,0.0221453257447,1.80215717149
5.565,0.0244895804365,1.80163597993
5.565,0.0269440137839,1.80102556643
5.565,0.0295071473283,1.80031643304
5.565,0.0321774371336,1.79949868784
5.565,0.0349532747173,1.7985620678
5.565,0.0378329880186,1.79749596309
5.565,0.0408148424058,1.7962894424
5.565,0.0438970417214,1.79493127946
5.565,0.0470777293637,1.79340998035
5.565,0.0503549894054,1.7917138117
5.565,0.0537268477477,1.78983082953
5.565,0.0571912733091,1.78774890865
5.565,0.0607461792493,1.78545577258
5.565,0.0643894242258,1.7829390237
5.565,0.0681188136841,1.78018617376
5.565,0.0719321011795,1.77718467446
5.565,0.07582698973,1.7739219481
5.565,0.0798011332006,1.7703854182
5.565,0.0838521377157,1.76656253994
5.565,0.0879775631017,1.76244083046
5.565,0.0921749243567,1.75800789876
5.565,0.0964416931472,1.75325147537
5.565,0.100775299331,1.74815944148
5.565,0.105173132506,1.74271985765
5.565,0.109632543582,1.73692099189
5.565,0.114150846377,1.73075134723
5.565,0.118725319233,1.72419968854
5.565,0.12335320666,1.71725506874
5.565,0.128031720991,1.7099068542
5.565,0.132758044063,1.70214474941
5.565,0.137529328917,1.69395882079
5.565,0.14234270151,1.68533951971
5.565,0.147195262445,1.67627770462
5.565,0.152084088721,1.66676466229
5.565,0.157006235492,1.65679212814
5.565,0.16195873784,1.64635230565
5.565,0.166938612565,1.63543788479
5.565,0.171942859974,1.62404205955
5.565,0.176968465698,1.61215854447
5.565,0.182012402498,1.59978159016
5.565,0.187071632096,1.58690599791
5.565,0.192143107002,1.57352713325
5.565,0.197223772347,1.55964093849
5.565,0.20231056773,1.54524394436
5.565,0.207400429055,1.53033328053
5.565,0.212490290381,1.51490668519
5.565,0.217577085764,1.49896251361
5.565,0.222657751109,1.48249974566
5.565,0.227729226015,1.46551799234
5.565,0.232788455613,1.44801750129
5.565,0.237832392413,1.42999916126
5.565,0.242857998136,1.4114645056
5.565,0.247862245546,1.39241571459
5.565,0.252842120271,1.3728556169
5.565,0.257794622619,1.35278768986
5.565,0.26271676939,1.3322160587
5.565,0.267605595666,1.31114549469
5.565,0.272458156601,1.28958141215
5.565,0.277271529193,1.26752986435
5.565,0.282042814048,1.24499753814
5.565,0.28676913712,1.22199174735
5.565,0.291447651451,1.19852042493
5.565,0.296075538878,1.1745921136
5.565,0.300650011734,1.15021595503
5.565,0.305168314528,1.12540167745
5.565,0.309627725605,1.10015958133
5.565,0.31402555878,1.07450052319
5.565,0.318359164964,1.04843589713
5.565,0.322625933754,1.02197761378
5.565,0.326823295009,0.99513807637
5.565,0.330948720395,0.967930153317
5.565,0.33499972491,0.940367146824
5.565,0.338973868381,0.912462756635
5.565,0.342868756931,0.88423103799
5.565,0.346682044427,0.855686352497
5.565,0.350411433885,0.826843310281
5.565,0.354054678862,0.79771670128
5.565,0.357609584802,0.768321412891
5.565,0.361074010363,0.738672330282
5.565,0.364445868705,0.708784214437
5.565,0.367723128747,0.678671551296
5.565,0.370903816389,0.648348362947
5.565,0.373986015705,0.617827968316
5.565,0.376967870092,0.587122675834
5.565,0.379847583394,0.556243383031
5.565,0.382623420977,0.52519904678
5.565,0.385293710783,0.493995970433
5.565,0.387856844327,0.46263682646
5.565,0.390311277674,0.431119288017
5.565,0.392655532366,0.399434066605
5.565,0.394888196311,0.367562019191
5.565,0.397007924635,0.335469742494
5.565,0.399013440494,0.303102596011
5.565,0.400903535839,0.270373110089
5.565,0.402677072149,0.237140522798
5.565,0.404332981111,0.203171672265
5.565,0.405870265267,0.168057637789
5.565,0.407287998615,0.131004929943
5.565,0.408585327165,0.0901494188637
5.565,0.409761469456,0.0383077341694
5.565,0.410815717022,0
5.565,0.411747434826,0
5.565,0.412556061634,0
5.565,0.41324111036,0
5.565,0.413802168357,0
5.565,0.414238897663,0
5.565,0.414551035211,0
5.565,0.414738392979,0
5.565,0.414800858111,0
5.6175,0,1.79963837915
5.6175,6.24651316307e-05,1.79963837164
5.6175,0.000249822899863,1.79963823293
5.6175,0.000561960447384,1.7996375491
5.6175,0.000998689754205,1.79963553486
5.6175,0.00155974775092,1.79963098846
5.6175,0.00224479647718,1.79962225942
5.6175,0.00305342328524,1.79960722404
5.6175,0.00398514108855,1.79958326687
5.6175,0.00503938865514,1.79954726686
5.6175,0.0062155309457,1.79949558759
5.6175,0.0075128594961,1.79942407108
5.6175,0.00893059284412,1.79932803492
5.6175,0.0104678770002,1.79920227234
5.6175,0.0121237859619,1.79904105517
5.6175,0.0138973222715,1.79883813939
5.6175,0.0157874176171,1.7985867732
5.6175,0.0177929334759,1.79827970733
5.6175,0.0199126618001,1.79790920767
5.6175,0.0221453257447,1.79746706988
5.6175,0.0244895804365,1.79694463592
5.6175,0.0269440137839,1.79633281244
5.6175,0.0295071473283,1.79562209078
5.6175,0.0321774371336,1.79480256857
5.6175,0.0349532747173,1.79386397266
5.6175,0.0378329880186,1.79279568346
5.6175,0.0408148424058,1.79158676033
5.6175,0.0438970417214,1.79022596806
5.6175,0.0470777293637,1.7887018043
5.6175,0.0503549894054,1.78700252766
5.6175,0.0537268477477,1.78511618668
5.6175,0.0571912733091,1.78303064918
5.6175,0.0607461792493,1.78073363214
5.6175,0.0643894242258,1.77821273195
5.6175,0.0681188136841,1.77545545485
5.6175,0.0719321011795,1.77244924751
5.6175,0.07582698973,1.76918152768
5.6175,0.0798011332006,1.76563971475
5.6175,0.0838521377157,1.76181126023
5.6175,0.0879775631017,1.75768367793
5.6175,0.0921749243567,1.75324457395
5.6175,0.0964416931472,1.74848167621
5.6175,0.100775299331,1.74338286357
5.6175,0.105173132506,1.73793619449
5.6175,0.109632543582,1.73212993511
5.6175,0.114150846377,1.72595258669
5.6175,0.118725319233,1.71939291243
5.6175,0.12335320666,1.71243996359
5.6175,0.128031720991,1.70508310484
5.6175,0.132758044063,1.69731203885
5.6175,0.137529328917,1.68911683003
5.6175,0.14234270151,1.68048792749
5.6175,0.147195262445,1.67141618705
5.6175,0.152084088721,1.66189289243
5.6175,0.157006235492,1.65190977546
5.6175,0.16195873784,1.64145903541
5.6175,0.166938612565,1.63053335731
5.6175,0.171942859974,1.61912592937
5.6175,0.176968465698,1.60723045938
5.6175,0.182012402498,1.59484119014
5.6175,0.187071632096,1.58195291391
5.6175,0.192143107002,1.5685609858
5.6175,0.197223772347,1.55466133625
5.6175,0.20231056773,1.54025048239
5.6175,0.207400429055,1.52532553847
5.6175,0.212490290381,1.50988422523
5.6175,0.217577085764,1.49392487823
5.6175,0.222657751109,1.47744645516
5.6175,0.227729226015,1.46044854216
5.6175,0.232788455613,1.44293135903
5.6175,0.237832392413,1.42489576342
5.6175,0.242857998136,1.40634325398
5.6175,0.247862245546,1.38727597243
5.6175,0.252842120271,1.36769670453
5.6175,0.257794622619,1.34760887997
5.6175,0.26271676939,1.32701657118
5.6175,0.267605595666,1.30592449086
5.6175,0.272458156601,1.28433798849
5.6175,0.277271529193,1.26226304552
5.6175,0.282042814048,1.23970626925
5.6175,0.28676913712,1.21667488547
5.6175,0.291447651451,1.19317672956
5.6175,0.296075538878,1.16922023615
5.6175,0.300650011734,1.14481442704
5.6175,0.305168314528,1.11996889736
5.6175,0.309627725605,1.09469379974
5.6175,0.31402555878,1.06899982618
5.6175,0.318359164964,1.04289818744
5.6175,0.322625933754,1.01640058948
5.6175,0.326823295009,0.98951920654
5.6175,0.330948720395,0.96226665033
5.6175,0.33499972491,0.934655934444
5.6175,0.338973868381,0.906700433259
5.6175,0.342868756931,0.878413834011
5.6175,0.346682044427,0.8498100806
5.6175,0.350411433885,0.820903307146
5.6175,0.354054678862,0.791707758772
5.6175,0.357609584802,0.762237696276
5.6175,0.361074010363,0.732507280286
5.6175,0.364445868705,0.702530428989
5.6175,0.367723128747,0.672320641469
5.6175,0.370903816389,0.641890775702
5.6175,0.373986015705,0.61125276604
5.6175,0.376967870092,0.580417258786
5.6175,0.379847583394,0.549393135188
5.6175,0.382623420977,0.518186877015
5.6175,0.385293710783,0.486801707831
5.6175,0.387856844327,0.455236407627
5.6175,0.390311277674,0.423483639896
5.6175,0.392655532366,0.391527529798
5.6175,0.394888196311,0.35934005268
5.6175,0.397007924635,0.326875455643
5.6175,0.399013440494,0.29406126536
5.6175,0.400903535839,0.260783003962
5.6175,0.402677072149,0.226856384274
5.6175,0.404332981111,0.191971926944
5.6175,0.405870265267,0.155569563174
5.6175,0.407287998615,0.116492421307
5.6175,0.408585327165,0.071607229574
5.6175,0.409761469456,0
5.6175,0.410815717022,0
5.6175,0.411747434826,0
5.6175,0.412556061634,0
5.6175,0.41324111036,0
5.6175,0.413802168357,0
5.6175,0.414238897663,0
5.6175,0.414551035211,0
5.6175,0.414738392979,0
5.6175,0.414800858111,0
5.67,0,1.7947253113
5.67,6.24651316307e-05,1.79472530373
5.67,0.000249822899863,1.79472516412
5.67,0.000561960447384,1.79472447639
5.67,0.000998689754205,1.79472245168
5.67,0.00155974775092,1.79471788342
5.67,0.00224479647718,1.79470911516
5.67,0.00305342328524,1.79469401618
5.67,0.00398514108855,1.7946699631
5.67,0.00503938865514,1.79463382609
5.67,0.0062155309457,1.79458195925
5.67,0.0075128594961,1.79451019451
5.67,0.00893059284412,1.79441383883
5.67,0.0104678770002,1.79428767439
5.67,0.0121237859619,1.79412596165
5.67,0.0138973222715,1.79392244497
5.67,0.0157874176171,1.79367036075
5.67,0.0177929334759,1.79336244787
5.67,0.0199126618001,1.79299096035
5.67,0.0221453257447,1.79254768201
5.67,0.0244895804365,1.79202394317
5.67,0.0269440137839,1.79141063897
5.67,0.0295071473283,1.79069824953
5.67,0.0321774371336,1.78987686153
5.67,0.0349532747173,1.78893619125
5.67,0.0378329880186,1.78786560889
5.67,0.0408148424058,1.78665416403
5.67,0.0438970417214,1.78529061216
5.67,0.0470777293637,1.78376344204
5.67,0.0503549894054,1.78206090398
5.67,0.0537268477477,1.78017103867
5.67,0.0571912733091,1.7780817066
5.67,0.0607461792493,1.77578061798
5.67,0.0643894242258,1.77325536295
5.67,0.0681188136841,1.77049344198
5.67,0.0719321011795,1.76748229651
5.67,0.07582698973,1.76420933954
5.67,0.0798011332006,1.76066198617
5.67,0.0838521377157,1.75682768407
5.67,0.0879775631017,1.75269394364
5.67,0.0921749243567,1.74824836792
5.67,0.0964416931472,1.74347868211
5.67,0.100775299331,1.73837276266
5.67,0.105173132506,1.73291866587
5.67,0.109632543582,1.72710465591
5.67,0.114150846377,1.72091923219
5.67,0.118725319233,1.71435115618
5.67,0.12335320666,1.70738947739
5.67,0.128031720991,1.70002355871
5.67,0.132758044063,1.69224310089
5.67,0.137529328917,1.68403816621
5.67,0.14234270151,1.67539920139
5.67,0.147195262445,1.66631705946
5.67,0.152084088721,1.6567830209
5.67,0.157006235492,1.64678881373
5.67,0.16195873784,1.63632663274
5.67,0.166938612565,1.62538915771
5.67,0.171942859974,1.61396957069
5.67,0.176968465698,1.60206157233
5.67,0.182012402498,1.58965939711
5.67,0.187071632096,1.57675782766
5.67,0.192143107002,1.56335220807
5.67,0.197223772347,1.54943845612
5.67,0.20231056773,1.53501307452
5.67,0.207400429055,1.52007316114
5.67,0.212490290381,1.50461641815
5.67,0.217577085764,1.48864116019
5.67,0.222657751109,1.4721463214
5.67,0.227729226015,1.4551314615
5.67,0.232788455613,1.43759677069
5.67,0.237832392413,1.41954307358
5.67,0.242857998136,1.40097183199
5.67,0.247862245546,1.38188514661
5.67,0.252842120271,1.3622857576
5.67,0.257794622619,1.34217704403
5.67,0.26271676939,1.32156302213
5.67,0.267605595666,1.30044834233
5.67,0.272458156601,1.27883828511
5.67,0.277271529193,1.25673875544
5.67,0.282042814048,1.23415627596
5.67,0.28676913712,1.21109797862
5.67,0.291447651451,1.18757159484
5.67,0.296075538878,1.16358544394
5.67,0.300650011734,1.1391484198
5.67,0.305168314528,1.11426997547
5.67,0.309627725605,1.08896010557
5.67,0.31402555878,1.06322932615
5.67,0.318359164964,1.03708865173
5.67,0.322625933754,1.01054956897
5.67,0.326823295009,0.983624006553
5.67,0.330948720395,0.956324300498
5.67,0.33499972491,0.928663154121
5.67,0.338973868381,0.90065359149
5.67,0.342868756931,0.872308903031
5.67,0.346682044427,0.843642581472
5.67,0.350411433885,0.814668245843
5.67,0.354054678862,0.785399550503
5.67,0.357609584802,0.755850075258
5.67,0.361074010363,0.72603319131
5.67,0.364445868705,0.695961896002
5.67,0.367723128747,0.665648606777
5.67,0.370903816389,0.635104901205
5.67,0.373986015705,0.604341184716
5.67,0.376967870092,0.573366259986
5.67,0.379847583394,0.542186760415
5.67,0.382623420977,0.510806392355
5.67,0.385293710783,0.479224902731
5.67,0.387856844327,0.447436643248
5.67,0.390311277674,0.41542852606
5.67,0.392655532366,0.383177032874
5.67,0.394888196311,0.35064369734
5.67,0.397007924635,0.317768015519
5.67,0.399013440494,0.284455787053
5.67,0.400903535839,0.250558778784
5.67,0.402677072149,0.215836423978
5.67,0.404332981111,0.179875727863
5.67,0.405870265267,0.141896078707
5.67,0.407287998615,0.10013750927
5.67,0.408585327165,0.0485488207479
5.67,0.409761469456,0
5.67,0.410815717022,0
5.67,0.411747434826,0
5.67,0.412556061634,0
5.67,0.41324111036,0
5.67,0.413802168357,0
5.67,0.414238897663,0
5.67,0.414551035211,0
5.67,0.414738392979,0
5.67,0.414800858111,0
5.7225,0,1.78958317562
5.7225,6.24651316307e-05,1.789583168
5.7225,0.000249822899863,1.78958302745
5.7225,0.000561960447384,1.78958233561
5.7225,0.000998689754205,1.78958029988
5.7225,0.00155974775092,1.78957570865
5.7225,0.00224479647718,1.78956689918
5.7225,0.00305342328524,1.78955173339
5.7225,0.00398514108855,1.78952757959
5.7225,0.00503938865514,1.78949129874
5.7225,0.0062155309457,1.78943923503
5.7225,0.0075128594961,1.78936720978
5.7225,0.00893059284412,1.78927051883
5.7225,0.0104678770002,1.7891439328
5.7225,0.0121237859619,1.78898170025
5.7225,0.0138973222715,1.78877755337
5.7225,0.0157874176171,1.78852471621
5.7225,0.0177929334759,1.78821591526
5.7225,0.0199126618001,1.78784339211
5.7225,0.0221453257447,1.78739891825
5.7225,0.0244895804365,1.78687381178
5.7225,0.0269440137839,1.78625895585
5.7225,0.0295071473283,1.78554481883
5.7225,0.0321774371336,1.78472147598
5.7225,0.0349532747173,1.78377863254
5.7225,0.0378329880186,1.78270564806
5.7225,0.0408148424058,1.7814915619
5.7225,0.0438970417214,1.78012511984
5.7225,0.0470777293637,1.77859480143
5.7225,0.0503549894054,1.77688884826
5.7225,0.0537268477477,1.77499529286
5.7225,0.0571912733091,1.77290198811
5.7225,0.0607461792493,1.77059663716
5.7225,0.0643894242258,1.76806682362
5.7225,0.0681188136841,1.765300042
5.7225,0.0719321011795,1.76228372828
5.7225,0.07582698973,1.75900529052
5.7225,0.0798011332006,1.75545213939
5.7225,0.0838521377157,1.75161171857
5.7225,0.0879775631017,1.74747153489
5.7225,0.0921749243567,1.74301918824
5.7225,0.0964416931472,1.738242401
5.7225,0.100775299331,1.73312904714
5.7225,0.105173132506,1.72766718069
5.7225,0.109632543582,1.72184506377
5.7225,0.114150846377,1.71565119391
5.7225,0.118725319233,1.70907433072
5.7225,0.12335320666,1.70210352193
5.7225,0.128031720991,1.69472812852
5.7225,0.132758044063,1.68693784923
5.7225,0.137529328917,1.67872274413
5.7225,0.14234270151,1.67007325736
5.7225,0.147195262445,1.66098023903
5.7225,0.152084088721,1.65143496616
5.7225,0.157006235492,1.64142916274
5.7225,0.16195873784,1.63095501881
5.7225,0.166938612565,1.62000520857
5.7225,0.171942859974,1.60857290755
5.7225,0.176968465698,1.59665180879
5.7225,0.182012402498,1.58423613794
5.7225,0.187071632096,1.57132066745
5.7225,0.192143107002,1.55790072969
5.7225,0.197223772347,1.543972229
5.7225,0.20231056773,1.5295316528
5.7225,0.207400429055,1.51457608158
5.7225,0.212490290381,1.49910319783
5.7225,0.217577085764,1.48311129398
5.7225,0.222657751109,1.4665992792
5.7225,0.227729226015,1.44956668516
5.7225,0.232788455613,1.4320136707
5.7225,0.237832392413,1.41394102538
5.7225,0.242857998136,1.3953501719
5.7225,0.247862245546,1.37624316743
5.7225,0.252842120271,1.35662270374
5.7225,0.257794622619,1.33649210615
5.7225,0.26271676939,1.31585533122
5.7225,0.267605595666,1.29471696324
5.7225,0.272458156601,1.27308220935
5.7225,0.277271529193,1.25095689327
5.7225,0.282042814048,1.22834744757
5.7225,0.28676913712,1.20526090438
5.7225,0.291447651451,1.18170488446
5.7225,0.296075538878,1.15768758432
5.7225,0.300650011734,1.13321776151
5.7225,0.305168314528,1.10830471753
5.7225,0.309627725605,1.08295827837
5.7225,0.31402555878,1.05718877214
5.7225,0.318359164964,1.03100700351
5.7225,0.322625933754,1.00442422445
5.7225,0.326823295009,0.977452100507
5.7225,0.330948720395,0.950102671959
5.7225,0.33499972491,0.922388308803
5.7225,0.338973868381,0.89432165824
5.7225,0.342868756931,0.865915583104
5.7225,0.346682044427,0.837183089092
5.7225,0.350411433885,0.808137238103
5.7225,0.354054678862,0.778791044125
5.7225,0.357609584802,0.74915734701
5.7225,0.361074010363,0.719248657886
5.7225,0.364445868705,0.689076967841
5.7225,0.367723128747,0.658653508415
5.7225,0.370903816389,0.627988448102
5.7225,0.373986015705,0.597090502659
5.7225,0.376967870092,0.565966427572
5.7225,0.379847583394,0.534620346628
5.7225,0.382623420977,0.503052848238
5.7225,0.385293710783,0.471259745509
5.7225,0.387856844327,0.439230337493
5.7225,0.390311277674,0.406944909249
5.7225,0.392655532366,0.374371031347
5.7225,0.394888196311,0.341457890124
5.7225,0.397007924635,0.308127230872
5.7225,0.399013440494,0.274258123979
5.7225,0.400903535839,0.239659596233
5.7225,0.402677072149,0.204016970978
5.7225,0.404332981111,0.166772959979
5.7225,0.405870265267,0.12681007423
5.7225,0.407287998615,0.0812654681933
5.7225,0.408585327165,0.0120217439877
5.7225,0.409761469456,0
5.7225,0.410815717022,0
5.7225,0.411747434826,0
5.7225,0.412556061634,0
5.7225,0.41324111036,0
5.7225,0.413802168357,0
5.7225,0.414238897663,0
5.7225,0.414551035211,0
5.7225,0.414738392979,0
5.7225,0.414800858111,0
5.775,0,1.78421187589
5.775,6.24651316307e-05,1.7842118682
5.775,0.000249822899863,1.78421172666
5.775,0.000561960447384,1.78421103051
5.775,0.000998689754205,1.78420898322
5.775,0.00155974775092,1.78420436788
5.775,0.00224479647718,1.78419551518
5.775,0.00305342328524,1.78418027935
5.775,0.00398514108855,1.78415601996
5.775,0.00503938865514,1.78411958839
5.775,0.0062155309457,1.78406731839
5.775,0.0075128594961,1.78399502025
5.775,0.00893059284412,1.78389797817
5.775,0.0104678770002,1.7837709507
5.775,0.0121237859619,1.78360817392
5.775,0.0138973222715,1.78340336734
5.775,0.0157874176171,1.78314974214
5.775,0.0177929334759,1.78284001183
5.775,0.0199126618001,1.78246640506
5.775,0.0221453257447,1.78202068043
5.775,0.0244895804365,1.78149414331
5.775,0.0269440137839,1.78087766434
5.775,0.0295071473283,1.78016169964
5.775,0.0321774371336,1.77933631259
5.775,0.0349532747173,1.77839119689
5.775,0.0378329880186,1.77731570101
5.775,0.0408148424058,1.7760988537
5.775,0.0438970417214,1.7747293906
5.775,0.0470777293637,1.77319578166
5.775,0.0503549894054,1.77148625944
5.775,0.0537268477477,1.76958884798
5.775,0.0571912733091,1.76749139225
5.775,0.0607461792493,1.76518158806
5.775,0.0643894242258,1.76264701224
5.775,0.0681188136841,1.75987515311
5.775,0.0719321011795,1.756853441
5.775,0.07582698973,1.75356927886
5.775,0.0798011332006,1.75001007274
5.775,0.0838521377157,1.7461632622
5.775,0.0879775631017,1.7420163504
5.775,0.0921749243567,1.73755693394
5.775,0.0964416931472,1.73277273232
5.775,0.100775299331,1.7276516169
5.775,0.105173132506,1.72218163939
5.775,0.109632543582,1.71635105979
5.775,0.114150846377,1.71014837365
5.775,0.118725319233,1.70356233868
5.775,0.12335320666,1.69658200071
5.775,0.128031720991,1.68919671877
5.775,0.132758044063,1.68139618946
5.775,0.137529328917,1.6731704705
5.775,0.14234270151,1.66451000335
5.775,0.147195262445,1.655405635
5.775,0.152084088721,1.64584863882
5.775,0.157006235492,1.63583073453
5.775,0.16195873784,1.62534410713
5.775,0.166938612565,1.6143814249
5.775,0.171942859974,1.60293585647
5.775,0.176968465698,1.59100108679
5.775,0.182012402498,1.57857133219
5.775,0.187071632096,1.5656413543
5.775,0.192143107002,1.55220647307
5.775,0.197223772347,1.53826257863
5.775,0.20231056773,1.52380614218
5.775,0.207400429055,1.50883422578
5.775,0.212490290381,1.4933444911
5.775,0.217577085764,1.47733520704
5.775,0.222657751109,1.46080525631
5.775,0.227729226015,1.44375414089
5.775,0.232788455613,1.42618198638
5.775,0.237832392413,1.40808954518
5.775,0.242857998136,1.38947819858
5.775,0.247862245546,1.37034995762
5.775,0.252842120271,1.35070746277
5.775,0.257794622619,1.33055398235
5.775,0.26271676939,1.30989340966
5.775,0.267605595666,1.28873025883
5.775,0.272458156601,1.26706965916
5.775,0.277271529193,1.24491734809
5.775,0.282042814048,1.22227966255
5.775,0.28676913712,1.19916352861
5.775,0.291447651451,1.17557644932
5.775,0.296075538878,1.15152649058
5.775,0.300650011734,1.12702226478
5.775,0.305168314528,1.10207291199
5.775,0.309627725605,1.07668807836
5.775,0.31402555878,1.05087789143
5.775,0.318359164964,1.02465293174
5.775,0.322625933754,0.998024200244
5.775,0.326823295009,0.971003080765
5.775,0.330948720395,0.943601296549
5.775,0.33499972491,0.915830859746
5.775,0.338973868381,0.887704012341
5.775,0.342868756931,0.859233156621
5.775,0.346682044427,0.830430772722
5.775,0.350411433885,0.801309320086
5.775,0.354054678862,0.771881118638
5.775,0.357609584802,0.742158204179
5.775,0.361074010363,0.712152150613
5.775,0.364445868705,0.681873849038
5.775,0.367723128747,0.65133323003
5.775,0.370903816389,0.620538910139
5.775,0.373986015705,0.589497735786
5.775,0.376967870092,0.558214186055
5.775,0.379847583394,0.526689577922
5.775,0.382623420977,0.494920989343
5.775,0.385293710783,0.462899770131
5.775,0.387856844327,0.43060943478
5.775,0.390311277674,0.398022600087
5.775,0.392655532366,0.365096393124
5.775,0.394888196311,0.331765302965
5.775,0.397007924635,0.297929533025
5.775,0.399013440494,0.263434903102
5.775,0.400903535839,0.228035498589
5.775,0.402677072149,0.191316911507
5.775,0.404332981111,0.152513792497
5.775,0.405870265267,0.109961534829
5.775,0.407287998615,0.0584282806371
5.775,0.408585327165,0
5.775,0.409761469456,0
5.775,0.410815717022,0
5.775,0.411747434826,0
5.775,0.412556061634,0
5.775,0.41324111036,0
5.775,0.413802168357,0
5.775,0.414238897663,0
5.775,0.414551035211,0
5.775,0.414738392979,0
5.775,0.414800858111,0
5.8275,0,1.77861130675
5.8275,6.24651316307e-05,1.77861129899
5.8275,0.000249822899863,1.77861115642
5.8275,0.000561960447384,1.77861045574
5.8275,0.000998689754205,1.77860839634
5.8275,0.00155974775092,1.77860375574
5.8275,0.00224479647718,1.77859485777
5.8275,0.00305342328524,1.77857954862
5.8275,0.00398514108855,1.77855517874
5.8275,0.00503938865514,1.77851858946
5.8275,0.0062155309457,1.7784661037
5.8275,0.0075128594961,1.77839352019
5.8275,0.00893059284412,1.77829611099
5.8275,0.0104678770002,1.77816862203
5.8275,0.0121237859619,1.77800527646
5.8275,0.0138973222715,1.77779978049
5.8275,0.0157874176171,1.77754533192
5.8275,0.0177929334759,1.77723463074
5.8275,0.0199126618001,1.77685989209
5.8275,0.0221453257447,1.77641286118
5.8275,0.0244895804365,1.7758848301
5.8275,0.0269440137839,1.77526665647
5.8275,0.0295071473283,1.7745487837
5.8275,0.0321774371336,1.77372126277
5.8275,0.0349532747173,1.7727737754
5.8275,0.0378329880186,1.77169565854
5.8275,0.0408148424058,1.7704759299
5.8275,0.0438970417214,1.7691033146
5.8275,0.0470777293637,1.76756627265
5.8275,0.0503549894054,1.76585302719
5.8275,0.0537268477477,1.76395159347
5.8275,0.0571912733091,1.76184980826
5.8275,0.0607461792493,1.75953535974
5.8275,0.0643894242258,1.75699581776
5.8275,0.0681188136841,1.75421866421
5.8275,0.0719321011795,1.75119132356
5.8275,0.07582698973,1.74790119348
5.8275,0.0798011332006,1.74433567527
5.8275,0.0838521377157,1.74048220421
5.8275,0.0879775631017,1.73632827967
5.8275,0.0921749243567,1.73186149488
5.8275,0.0964416931472,1.72706956633
5.8275,0.100775299331,1.72194036272
5.8275,0.105173132506,1.71646193335
5.8275,0.109632543582,1.71062253602
5.8275,0.114150846377,1.70441066424
5.8275,0.118725319233,1.69781507375
5.8275,0.12335320666,1.6908248084
5.8275,0.128031720991,1.68342922516
5.8275,0.132758044063,1.67561801842
5.8275,0.137529328917,1.66738124341
5.8275,0.14234270151,1.65870933874
5.8275,0.147195262445,1.64959314812
5.8275,0.152084088721,1.64002394109
5.8275,0.157006235492,1.6299934328
5.8275,0.16195873784,1.61949380293
5.8275,0.166938612565,1.60851771352
5.8275,0.171942859974,1.59705832586
5.8275,0.176968465698,1.58510931638
5.8275,0.182012402498,1.57266489148
5.8275,0.187071632096,1.55971980137
5.8275,0.192143107002,1.54626935286
5.8275,0.197223772347,1.53230942102
5.8275,0.20231056773,1.51783645991
5.8275,0.207400429055,1.5028475121
5.8275,0.212490290381,1.4873402172
5.8275,0.217577085764,1.47131281922
5.8275,0.222657751109,1.45476417289
5.8275,0.227729226015,1.43769374877
5.8275,0.232788455613,1.42010163727
5.8275,0.237832392413,1.4019885515
5.8275,0.242857998136,1.38335582891
5.8275,0.247862245546,1.36420543171
5.8275,0.252842120271,1.34453994605
5.8275,0.257794622619,1.32436257989
5.8275,0.26271676939,1.30367715953
5.8275,0.267605595666,1.28248812471
5.8275,0.272458156601,1.26080052225
5.8275,0.277271529193,1.23861999809
5.8275,0.282042814048,1.21595278766
5.8275,0.28676913712,1.19280570444
5.8275,0.291447651451,1.16918612647
5.8275,0.296075538878,1.14510198082
5.8275,0.300650011734,1.12056172548
5.8275,0.305168314528,1.09557432865
5.8275,0.309627725605,1.07014924492
5.8275,0.31402555878,1.04429638795
5.8275,0.318359164964,1.01802609898
5.8275,0.322625933754,0.991349110732
5.8275,0.326823295009,0.964276505587
5.8275,0.330948720395,0.93681966708
5.8275,0.33499972491,0.908990223369
5.8275,0.338973868381,0.880799980892
5.8275,0.342868756931,0.852260846018
5.8275,0.346682044427,0.823384731836
5.8275,0.350411433885,0.79418344634
5.8275,0.354054678862,0.764668557119
5.8275,0.357609584802,0.734851226067
5.8275,0.361074010363,0.704742005369
5.8275,0.364445868705,0.674350582943
5.8275,0.367723128747,0.64368546101
5.8275,0.370903816389,0.612753545007
5.8275,0.373986015705,0.581559610458
5.8275,0.376967870092,0.550105600902
5.8275,0.379847583394,0.51838968758
5.8275,0.382623420977,0.486404985967
5.8275,0.385293710783,0.454137765999
5.8275,0.387856844327,0.421564894219
5.8275,0.390311277674,0.388650072324
5.8275,0.392655532366,0.355338115597
5.8275,0.394888196311,0.321545887708
5.8275,0.397007924635,0.287147196552
5.8275,0.399013440494,0.251945966325
5.8275,0.400903535839,0.215624392138
5.8275,0.402677072149,0.177630287997
5.8275,0.404332981111,0.136885079511
5.8275,0.405870265267,0.0907544305572
5.8275,0.407287998615,0.0265994056694
5.8275,0.408585327165,0
5.8275,0.409761469456,0
5.8275,0.410815717022,0
5.8275,0.411747434826,0
5.8275,0.412556061634,0
5.8275,0.41324111036,0
5.8275,0.413802168357,0
5.8275,0.414238897663,0
5.8275,0.414551035211,0
5.8275,0.414738392979,0
5.8275,0.414800858111,0
5.88,0,1.77278135304
5.88,6.24651316307e-05,1.77278134521
5.88,0.000249822899863,1.77278120155
5.88,0.000561960447384,1.77278049613
5.88,0.000998689754205,1.77277842404
5.88,0.00155974775092,1.77277375703
5.88,0.00224479647718,1.77276481173
5.88,0.00305342328524,1.77274942594
5.88,0.00398514108855,1.7727249406
5.88,0.00503938865514,1.77268818659
5.88,0.0062155309457,1.77263547549
5.88,0.0075128594961,1.772562594
5.88,0.00893059284412,1.77246480155
5.88,0.0104678770002,1.77233683095
5.88,0.0121237859619,1.77217289181
5.88,0.0138973222715,1.77196667658
5.88,0.0157874176171,1.77171136907
5.88,0.0177929334759,1.77139965525
5.88,0.0199126618001,1.77102373621
5.88,0.0221453257447,1.77057534321
5.88,0.0244895804365,1.77004575456
5.88,0.0269440137839,1.76942581437
5.88,0.0295071473283,1.7687059528
5.88,0.0321774371336,1.76787620798
5.88,0.0349532747173,1.7669262492
5.88,0.0378329880186,1.76584540145
5.88,0.0408148424058,1.764622671
5.88,0.0438970417214,1.76324677205
5.88,0.0470777293637,1.76170615429
5.88,0.0503549894054,1.75998903115
5.88,0.0537268477477,1.75808340875
5.88,0.0571912733091,1.75597711535
5.88,0.0607461792493,1.75365783129
5.88,0.0643894242258,1.75111311915
5.88,0.0681188136841,1.7483304542
5.88,0.0719321011795,1.74529725487
5.88,0.07582698973,1.74200091338
5.88,0.0798011332006,1.7384288261
5.88,0.0838521377157,1.73456842393
5.88,0.0879775631017,1.73040720232
5.88,0.0921749243567,1.72593275103
5.88,0.0964416931472,1.72113278347
5.88,0.100775299331,1.71599516557
5.88,0.105173132506,1.71050794417
5.88,0.109632543582,1.70465937481
5.88,0.114150846377,1.69843794886
5.88,0.118725319233,1.69183242005
5.88,0.12335320666,1.68483183013
5.88,0.128031720991,1.67742553396
5.88,0.132758044063,1.66960322357
5.88,0.137529328917,1.66135495159
5.88,0.14234270151,1.65267115365
5.88,0.147195262445,1.64354266999
5.88,0.152084088721,1.63396076606
5.88,0.157006235492,1.62391715224
5.88,0.16195873784,1.61340400256
5.88,0.166938612565,1.60241397244
5.88,0.171942859974,1.59094021543
5.88,0.176968465698,1.57897639892
5.88,0.182012402498,1.56651671885
5.88,0.187071632096,1.55355591333
5.88,0.192143107002,1.54008927527
5.88,0.197223772347,1.52611266385
5.88,0.20231056773,1.51162251496
5.88,0.207400429055,1.49661585061
5.88,0.212490290381,1.48109028708
5.88,0.217577085764,1.4650440421
5.88,0.222657751109,1.44847594079
5.88,0.227729226015,1.43138542052
5.88,0.232788455613,1.41377253452
5.88,0.237832392413,1.39563795434
5.88,0.242857998136,1.37698297109
5.88,0.247862245546,1.35780949533
5.88,0.252842120271,1.33812005577
5.88,0.257794622619,1.31791779651
5.88,0.26271676939,1.29720647293
5.88,0.267605595666,1.27599044603
5.88,0.272458156601,1.25427467527
5.88,0.277271529193,1.23206470964
5.88,0.282042814048,1.20936667698
5.88,0.28676913712,1.18618727132
5.88,0.291447651451,1.16253373806
5.88,0.296075538878,1.13841385677
5.88,0.300650011734,1.11383592137
5.88,0.305168314528,1.08880871725
5.88,0.309627725605,1.06334149504
5.88,0.31402555878,1.03744394042
5.88,0.318359164964,1.01112613938
5.88,0.322625933754,0.984398538103
5.88,0.326823295009,0.957271896541
5.88,0.330948720395,0.929757234374
5.88,0.33499972491,0.901865767814
5.88,0.338973868381,0.873608835234
5.88,0.342868756931,0.844997809048
5.88,0.346682044427,0.816043990514
5.88,0.350411433885,0.786758483093
5.88,0.354054678862,0.757152038645
5.88,0.357609584802,0.7272348688
5.88,0.361074010363,0.697016411226
5.88,0.364445868705,0.666505036713
5.88,0.367723128747,0.63570767762
5.88,0.370903816389,0.604629350318
5.88,0.373986015705,0.573272532437
5.88,0.376967870092,0.541636337769
5.88,0.379847583394,0.509715403528
5.88,0.382623420977,0.477498359475
5.88,0.385293710783,0.44496567344
5.88,0.387856844327,0.412086538723
5.88,0.390311277674,0.378814237064
5.88,0.392655532366,0.345078972772
5.88,0.394888196311,0.31077629357
5.88,0.397007924635,0.275747307365
5.88,0.399013440494,0.239742362061
5.88,0.400903535839,0.202347585758
5.88,0.402677072149,0.162814204351
5.88,0.404332981111,0.119564442572
5.88,0.405870265267,0.067989189336
5.88,0.407287998615,0
5.88,0.408585327165,0
5.88,0.409761469456,0
5.88,0.410815717022,0
5.88,0.411747434826,0
5.88,0.412556061634,0
5.88,0.41324111036,0
5.88,0.413802168357,0
5.88,0.414238897663,0
5.88,0.414551035211,0
5.88,0.414738392979,0
5.88,0.414800858111,0
5.9325,0,1.76672188903
5.9325,6.24651316307e-05,1.76672188113
5.9325,0.000249822899863,1.76672173633
5.9325,0.000561960447384,1.76672102595
5.9325,0.000998689754205,1.76671894062
5.9325,0.00155974775092,1.766714246
5.9325,0.00224479647718,1.76670525129
5.9325,0.00305342328524,1.7666897855
5.9325,0.00398514108855,1.76666517968
5.9325,0.00503938865514,1.76662825381
5.9325,0.0062155309457,1.76657530771
5.9325,0.0075128594961,1.76650211553
5.9325,0.00893059284412,1.76640392357
5.9325,0.0104678770002,1.76627545098
5.9325,0.0121237859619,1.76611089333
5.9325,0.0138973222715,1.76590392874
5.9325,0.0157874176171,1.76564772651
5.9325,0.0177929334759,1.76533495802
5.9325,0.0199126618001,1.76495780979
5.9325,0.0221453257447,1.7645079986
5.9325,0.0244895804365,1.76397678848
5.9325,0.0269440137839,1.76335500948
5.9325,0.0295071473283,1.76263307805
5.9325,0.0321774371336,1.761801019
5.9325,0.0349532747173,1.76084848874
5.9325,0.0378329880186,1.75976479986
5.9325,0.0408148424058,1.75853894678
5.9325,0.0438970417214,1.75715963242
5.9325,0.0470777293637,1.75561529579
5.9325,0.0503549894054,1.75389414025
5.9325,0.0537268477477,1.75198416249
5.9325,0.0571912733091,1.74987318201
5.9325,0.0607461792493,1.74754887103
5.9325,0.0643894242258,1.74499878464
5.9325,0.0681188136841,1.74221039127
5.9325,0.0719321011795,1.73917110314
5.9325,0.07582698973,1.73586830682
5.9325,0.0798011332006,1.73228939366
5.9325,0.0838521377157,1.72842179001
5.9325,0.0879775631017,1.72425298733
5.9325,0.0921749243567,1.71977057178
5.9325,0.0964416931472,1.71496225361
5.9325,0.100775299331,1.70981589592
5.9325,0.105173132506,1.70431954302
5.9325,0.109632543582,1.69846144809
5.9325,0.114150846377,1.69223010035
5.9325,0.118725319233,1.68561425137
5.9325,0.12335320666,1.6786029408
5.9325,0.128031720991,1.67118552123
5.9325,0.132758044063,1.66335168226
5.9325,0.137529328917,1.65509147379
5.9325,0.14234270151,1.64639532829
5.9325,0.147195262445,1.63725408235
5.9325,0.152084088721,1.62765899711
5.9325,0.157006235492,1.6176017779
5.9325,0.16195873784,1.60707459278
5.9325,0.166938612565,1.59607009018
5.9325,0.171942859974,1.58458141546
5.9325,0.176968465698,1.57260222648
5.9325,0.182012402498,1.56012670811
5.9325,0.187071632096,1.54714958568
5.9325,0.192143107002,1.53366613743
5.9325,0.197223772347,1.51967220571
5.9325,0.20231056773,1.5051642073
5.9325,0.207400429055,1.49013914243
5.9325,0.212490290381,1.47459460279
5.9325,0.217577085764,1.45852877832
5.9325,0.222657751109,1.44194046292
5.9325,0.227729226015,1.42482905887
5.9325,0.232788455613,1.40719458015
5.9325,0.237832392413,1.38903765444
5.9325,0.242857998136,1.37035952386
5.9325,0.247862245546,1.35116204444
5.9325,0.252842120271,1.33144768416
5.9325,0.257794622619,1.31121951962
5.9325,0.26271676939,1.29048123121
5.9325,0.267605595666,1.26923709664
5.9325,0.272458156601,1.24749198291
5.9325,0.277271529193,1.22525133637
5.9325,0.282042814048,1.20252117088
5.9325,0.28676913712,1.17930805388
5.9325,0.291447651451,1.15561909006
5.9325,0.296075538878,1.13146190248
5.9325,0.300650011734,1.10684461074
5.9325,0.305168314528,1.0817758059
5.9325,0.309627725605,1.05626452154
5.9325,0.31402555878,1.03032020051
5.9325,0.318359164964,1.00395265654
5.9325,0.322625933754,0.977172029869
5.9325,0.326823295009,0.94998873568
5.9325,0.330948720395,0.922413404003
5.9325,0.33499972491,0.894456809162
5.9325,0.338973868381,0.866129786533
5.9325,0.342868756931,0.837443133569
5.9325,0.346682044427,0.808407491244
5.9325,0.350411433885,0.779033200833
5.9325,0.354054678862,0.749330129304
5.9325,0.357609584802,0.719307454352
5.9325,0.361074010363,0.688973396903
5.9325,0.364445868705,0.658334884401
5.9325,0.367723128747,0.627397121642
5.9325,0.370903816389,0.596163036242
5.9325,0.373986015705,0.564632551299
5.9325,0.376967870092,0.532801615408
5.9325,0.379847583394,0.500660884764
5.9325,0.382623420977,0.46819389447
5.9325,0.385293710783,0.435374459075
5.9325,0.387856844327,0.402162872345
5.9325,0.390311277674,0.368500164421
5.9325,0.392655532366,0.334299070181
5.9325,0.394888196311,0.299429110624
5.9325,0.397007924635,0.263690370027
5.9325,0.399013440494,0.226763486936
5.9325,0.400903535839,0.188102928331
5.9325,0.402677072149,0.146667738018
5.9325,0.404332981111,0.100018528512
5.9325,0.405870265267,0.038213811047
5.9325,0.407287998615,0
5.9325,0.408585327165,0
5.9325,0.409761469456,0
5.9325,0.410815717022,0
5.9325,0.411747434826,0
5.9325,0.412556061634,0
5.9325,0.41324111036,0
5.9325,0.413802168357,0
5.9325,0.414238897663,0
5.9325,0.414551035211,0
5.9325,0.414738392979,0
5.9325,0.414800858111,0
5.985,0,1.76043277767
5.985,6.24651316307e-05,1.76043276969
5.985,0.000249822899863,1.7604326237
5.985,0.000561960447384,1.76043190814
5.985,0.000998689754205,1.76042980897
5.985,0.00155974775092,1.76042508556
5.985,0.00224479647718,1.7604160393
5.985,0.00305342328524,1.76040049011
5.985,0.00398514108855,1.76037575875
5.985,0.00503938865514,1.76033865384
5.985,0.0062155309457,1.76028546295
5.985,0.0075128594961,1.76021194726
5.985,0.00893059284412,1.76011333938
5.985,0.0104678770002,1.75998434429
5.985,0.0121237859619,1.75981914298
5.985,0.0138973222715,1.75961139871
5.985,0.0157874176171,1.75935426573
5.985,0.0177929334759,1.75904040028
5.985,0.0199126618001,1.75866197378
5.985,0.0221453257447,1.75821068801
5.985,0.0244895804365,1.75767779217
5.985,0.0269440137839,1.75705410178
5.985,0.0295071473283,1.75633001909
5.985,0.0321774371336,1.75549555512
5.985,0.0349532747173,1.75454035296
5.985,0.0378329880186,1.75345371237
5.985,0.0408148424058,1.75222461552
5.985,0.0438970417214,1.75084175367
5.985,0.0470777293637,1.74929355479
5.985,0.0503549894054,1.74756821186
5.985,0.0537268477477,1.74565371185
5.985,0.0571912733091,1.74353786522
5.985,0.0607461792493,1.74120833579
5.985,0.0643894242258,1.73865267096
5.985,0.0681188136841,1.73585833211
5.985,0.0719321011795,1.73281272508
5.985,0.07582698973,1.72950323064
5.985,0.0798011332006,1.72591723494
5.985,0.0838521377157,1.72204215973
5.985,0.0879775631017,1.71786549229
5.985,0.0921749243567,1.71337481517
5.985,0.0964416931472,1.70855783533
5.985,0.100775299331,1.70340241298
5.985,0.105173132506,1.69789658982
5.985,0.109632543582,1.69202861664
5.985,0.114150846377,1.6857869804
5.985,0.118725319233,1.67916043048
5.985,0.12335320666,1.67213800432
5.985,0.128031720991,1.66470905215
5.985,0.132758044063,1.65686326105
5.985,0.137529328917,1.648590678
5.985,0.14234270151,1.6398817322
5.985,0.147195262445,1.63072725636
5.985,0.152084088721,1.6211185071
5.985,0.157006235492,1.6110471844
5.985,0.16195873784,1.60050545003
5.985,0.166938612565,1.58948594504
5.985,0.171942859974,1.57798180613
5.985,0.176968465698,1.56598668109
5.985,0.182012402498,1.55349474311
5.985,0.187071632096,1.54050070405
5.985,0.192143107002,1.52699982663
5.985,0.197223772347,1.51298793549
5.985,0.20231056773,1.49846142719
5.985,0.207400429055,1.48341727902
5.985,0.212490290381,1.46785305669
5.985,0.217577085764,1.45176692086
5.985,0.222657751109,1.43515763245
5.985,0.227729226015,1.41802455676
5.985,0.232788455613,1.40036766633
5.985,0.237832392413,1.38218754252
5.985,0.242857998136,1.36348537578
5.985,0.247862245546,1.34426296454
5.985,0.252842120271,1.32452271266
5.985,0.257794622619,1.30426762546
5.985,0.26271676939,1.28350130405
5.985,0.267605595666,1.26222793813
5.985,0.272458156601,1.2404522969
5.985,0.277271529193,1.2181797181
5.985,0.282042814048,1.19541609494
5.985,0.28676913712,1.17216786076
5.985,0.291447651451,1.14844197109
5.985,0.296075538878,1.12424588295
5.985,0.300650011734,1.09958753089
5.985,0.305168314528,1.07447529943
5.985,0.309627725605,1.04891799127
5.985,0.31402555878,1.02292479068
5.985,0.318359164964,0.996505221118
5.985,0.322625933754,0.969669096178
5.985,0.326823295009,0.942426462459
5.985,0.330948720395,0.914787532727
5.985,0.33499972491,0.886762607292
5.985,0.338973868381,0.85836198092
5.985,0.342868756931,0.829595831796
5.985,0.346682044427,0.800474088074
5.985,0.350411433885,0.771006266056
5.985,0.354054678862,0.741201272187
5.985,0.357609584802,0.711067158267
5.985,0.361074010363,0.680610815549
5.985,0.364445868705,0.64983758788
5.985,0.367723128747,0.618750776128
5.985,0.370903816389,0.587350994257
5.985,0.373986015705,0.555635319501
5.985,0.376967870092,0.523596151044
5.985,0.379847583394,0.491219646905
5.985,0.382623420977,0.458483534782
5.985,0.385293710783,0.425353966186
5.985,0.387856844327,0.391780857355
5.985,0.390311277674,0.357690736901
5.985,0.392655532366,0.322975276354
5.985,0.394888196311,0.28747187115
5.985,0.397007924635,0.250928386292
5.985,0.399013440494,0.212932888388
5.985,0.400903535839,0.172753728849
5.985,0.402677072149,0.128891887532
5.985,0.404332981111,0.0772273122755
5.985,0.405870265267,0
5.985,0.407287998615,0
5.985,0.408585327165,0
5.985,0.409761469456,0
5.985,0.410815717022,0
5.985,0.411747434826,0
5.985,0.412556061634,0
5.985,0.41324111036,0
5.985,0.413802168357,0
5.985,0.414238897663,0
5.985,0.414551035211,0
5.985,0.414738392979,0
5.985,0.414800858111,0
6.0375,0,1.75391386969
6.0375,6.24651316307e-05,1.75391386163
6.0375,0.000249822899863,1.75391371439
6.0375,0.000561960447384,1.75391299343
6.0375,0.000998689754205,1.75391087983
6.0375,0.00155974775092,1.75390612642
6.0375,0.00224479647718,1.75389702647
6.0375,0.00305342328524,1.75388139044
6.0375,0.00398514108855,1.75385652838
6.0375,0.00503938865514,1.75381923715
6.0375,0.0062155309457,1.75376579162
6.0375,0.0075128594961,1.75369193945
6.0375,0.00893059284412,1.75359289909
6.0375,0.0104678770002,1.75346336082
6.0375,0.0121237859619,1.75329749051
6.0375,0.0138973222715,1.75308893602
6.0375,0.0157874176171,1.752830836
6.0375,0.0177929334759,1.75251583103
6.0375,0.0199126618001,1.75213607688
6.0375,0.0221453257447,1.75168325979
6.0375,0.0244895804365,1.75114861366
6.0375,0.0269440137839,1.75052293896
6.0375,0.0295071473283,1.74979662327
6.0375,0.0321774371336,1.74895966334
6.0375,0.0349532747173,1.74800168848
6.0375,0.0378329880186,1.74691198525
6.0375,0.0408148424058,1.74567952314
6.0375,0.0438970417214,1.7442929814
6.0375,0.0470777293637,1.74274077661
6.0375,0.0503549894054,1.74101109104
6.0375,0.0537268477477,1.73909190165
6.0375,0.0571912733091,1.73697100957
6.0375,0.0607461792493,1.73463607002
6.0375,0.0643894242258,1.73207462248
6.0375,0.0681188136841,1.72927412108
6.0375,0.0719321011795,1.72622196508
6.0375,0.07582698973,1.72290552934
6.0375,0.0798011332006,1.71931219467
6.0375,0.0838521377157,1.71542937807
6.0375,0.0879775631017,1.7112445626
6.0375,0.0921749243567,1.70674532704
6.0375,0.0964416931472,1.70191937505
6.0375,0.100775299331,1.69675456386
6.0375,0.105173132506,1.69123893247
6.0375,0.109632543582,1.68536072926
6.0375,0.114150846377,1.67910843882
6.0375,0.118725319233,1.67247080831
6.0375,0.12335320666,1.66543687283
6.0375,0.128031720991,1.65799598021
6.0375,0.132758044063,1.65013781483
6.0375,0.137529328917,1.64185242068
6.0375,0.14234270151,1.63313022347
6.0375,0.147195262445,1.62396205184
6.0375,0.152084088721,1.61433915764
6.0375,0.157006235492,1.6042532352
6.0375,0.16195873784,1.59369643969
6.0375,0.166938612565,1.58266140432
6.0375,0.171942859974,1.5711412567
6.0375,0.176968465698,1.55912963397
6.0375,0.182012402498,1.546620697
6.0375,0.187071632096,1.53360914343
6.0375,0.192143107002,1.52009021963
6.0375,0.197223772347,1.50605973156
6.0375,0.20231056773,1.49151405444
6.0375,0.207400429055,1.47645014139
6.0375,0.212490290381,1.46086553074
6.0375,0.217577085764,1.44475835225
6.0375,0.222657751109,1.4281273321
6.0375,0.227729226015,1.41097179657
6.0375,0.232788455613,1.39329167452
6.0375,0.237832392413,1.37508749847
6.0375,0.242857998136,1.35636040435
6.0375,0.247862245546,1.33711212981
6.0375,0.252842120271,1.31734501108
6.0375,0.257794622619,1.29706197817
6.0375,0.26271676939,1.27626654853
6.0375,0.267605595666,1.25496281883
6.0375,0.272458156601,1.23315545494
6.0375,0.277271529193,1.21084967973
6.0375,0.282042814048,1.18805125875
6.0375,0.28676913712,1.16476648333
6.0375,0.291447651451,1.14100215097
6.0375,0.296075538878,1.11676554261
6.0375,0.300650011734,1.09206439642
6.0375,0.305168314528,1.0669068775
6.0375,0.309627725605,1.04130154302
6.0375,0.31402555878,1.01525730192
6.0375,0.318359164964,0.988783368236
6.0375,0.322625933754,0.961889206876
6.0375,0.326823295009,0.934584470357
6.0375,0.330948720395,0.906878924592
6.0375,0.33499972491,0.878782361326
6.0375,0.338973868381,0.850304494129
6.0375,0.342868756931,0.821454833952
6.0375,0.346682044427,0.792242539008
6.0375,0.350411433885,0.762676232105
6.0375,0.354054678862,0.732763776218
6.0375,0.357609584802,0.702511995909
6.0375,0.361074010363,0.671926327618
6.0375,0.364445868705,0.641010375245
6.0375,0.367723128747,0.609765337805
6.0375,0.370903816389,0.578189261348
6.0375,0.373986015705,0.546276045113
6.0375,0.376967870092,0.514014096742
6.0375,0.379847583394,0.481384474545
6.0375,0.382623420977,0.448358259507
6.0375,0.385293710783,0.414892733751
6.0375,0.387856844327,0.380925639751
6.0375,0.390311277674,0.346366212946
6.0375,0.392655532366,0.311080486277
6.0375,0.394888196311,0.274865706544
6.0375,0.397007924635,0.237402135007
6.0375,0.399013440494,0.198151863532
6.0375,0.400903535839,0.156109737622
6.0375,0.402677072149,0.109003885289
6.0375,0.404332981111,0.048598388981
6.0375,0.405870265267,0
6.0375,0.407287998615,0
6.0375,0.408585327165,0
6.0375,0.409761469456,0
6.0375,0.410815717022,0
6.0375,0.411747434826,0
6.0375,0.412556061634,0
6.0375,0.41324111036,0
6.0375,0.413802168357,0
6.0375,0.414238897663,0
6.0375,0.414551035211,0
6.0375,0.414738392979,0
6.0375,0.414800858111,0
6.09,0,1.74716500276
6.09,6.24651316307e-05,1.74716499462
6.09,0.000249822899863,1.74716484608
6.09,0.000561960447384,1.74716411948
6.09,0.000998689754205,1.74716199086
6.09,0.00155974775092,1.74715720619
6.09,0.00224479647718,1.74714805038
6.09,0.00305342328524,1.74713232401
6.09,0.00398514108855,1.74710732606
6.09,0.00503938865514,1.74706984116
6.09,0.0062155309457,1.74701613101
6.09,0.0075128594961,1.74694192927
6.09,0.00893059284412,1.74684243971
6.09,0.0104678770002,1.74671233739
6.09,0.0121237859619,1.74654577253
6.09,0.0138973222715,1.74633637703
6.09,0.0157874176171,1.74607727343
6.09,0.0177929334759,1.74576108608
6.09,0.0199126618001,1.74537995459
6.09,0.0221453257447,1.74492554914
6.09,0.0244895804365,1.74438908781
6.09,0.0269440137839,1.74376135552
6.09,0.0295071473283,1.74303272471
6.09,0.0321774371336,1.7421931774
6.09,0.0349532747173,1.74123232871
6.09,0.0378329880186,1.74013945153
6.09,0.0408148424058,1.73890350234
6.09,0.0438970417214,1.73751314797
6.09,0.0470777293637,1.7359567933
6.09,0.0503549894054,1.73422260957
6.09,0.0537268477477,1.73229856343
6.09,0.0571912733091,1.73017244645
6.09,0.0607461792493,1.72783190497
6.09,0.0643894242258,1.72526447036
6.09,0.0681188136841,1.72245758932
6.09,0.0719321011795,1.71939865436
6.09,0.07582698973,1.71607503427
6.09,0.0798011332006,1.71247410442
6.09,0.0838521377157,1.70858327692
6.09,0.0879775631017,1.70439003054
6.09,0.0921749243567,1.69988194022
6.09,0.0964416931472,1.6950467062
6.09,0.100775299331,1.6898721827
6.09,0.105173132506,1.68434640598
6.09,0.109632543582,1.67845762189
6.09,0.114150846377,1.67219431264
6.09,0.118725319233,1.66554522305
6.09,0.12335320666,1.65849938585
6.09,0.128031720991,1.65104614632
6.09,0.132758044063,1.64317518606
6.09,0.137529328917,1.6348765459
6.09,0.14234270151,1.62614064789
6.09,0.147195262445,1.6169583164
6.09,0.152084088721,1.60732079823
6.09,0.157006235492,1.59721978179
6.09,0.16195873784,1.58664741523
6.09,0.166938612565,1.57559632355
6.09,0.171942859974,1.56405962474
6.09,0.176968465698,1.55203094472
6.09,0.182012402498,1.53950443138
6.09,0.187071632096,1.52647476736
6.09,0.192143107002,1.5129371818
6.09,0.197223772347,1.49888746094
6.09,0.20231056773,1.48432195758
6.09,0.207400429055,1.46923759931
6.09,0.212490290381,1.45363189563
6.09,0.217577085764,1.43750294377
6.09,0.222657751109,1.42084943326
6.09,0.227729226015,1.4036706493
6.09,0.232788455613,1.38596647469
6.09,0.237832392413,1.36773739048
6.09,0.242857998136,1.34898447512
6.09,0.247862245546,1.3297094022
6.09,0.252842120271,1.30991443657
6.09,0.257794622619,1.28960242882
6.09,0.26271676939,1.26877680808
6.09,0.267605595666,1.24744157279
6.09,0.272458156601,1.22560127963
6.09,0.277271529193,1.20326103007
6.09,0.282042814048,1.18042645461
6.09,0.28676913712,1.1571036943
6.09,0.291447651451,1.13329937925
6.09,0.296075538878,1.10902060373
6.09,0.300650011734,1.08427489752
6.09,0.305168314528,1.05907019268
6.09,0.309627725605,1.03341478532
6.09,0.31402555878,1.00731729127
6.09,0.318359164964,0.980786594708
6.09,0.322625933754,0.953831788299
6.09,0.326823295009,0.926462103189
6.09,0.330948720395,0.898686826647
6.09,0.33499972491,0.870515204617
6.09,0.338973868381,0.841956325598
6.09,0.342868756931,0.81301898124
6.09,0.346682044427,0.78371149759
6.09,0.350411433885,0.754041528959
6.09,0.354054678862,0.72401580366
6.09,0.357609584802,0.693639807011
6.09,0.361074010363,0.662917381539
6.09,0.364445868705,0.631850216314
6.09,0.367723128747,0.600437185572
6.09,0.370903816389,0.56867347883
6.09,0.373986015705,0.53654943702
6.09,0.376967870092,0.504048964918
6.09,0.379847583394,0.471147317517
6.09,0.382623420977,0.437807934295
6.09,0.385293710783,0.403977775806
6.09,0.387856844327,0.369580207891
6.09,0.390311277674,0.334503670464
6.09,0.392655532366,0.298582651688
6.09,0.394888196311,0.261563501612
6.09,0.397007924635,0.223037202653
6.09,0.399013440494,0.182289234522
6.09,0.400903535839,0.137891775949
6.09,0.402677072149,0.0861178362477
6.09,0.404332981111,0
6.09,0.405870265267,0
6.09,0.407287998615,0
6.09,0.408585327165,0
6.09,0.409761469456,0
6.09,0.410815717022,0
6.09,0.411747434826,0
6.09,0.412556061634,0
6.09,0.41324111036,0
6.09,0.413802168357,0
6.09,0.414238897663,0
6.09,0.414551035211,0
6.09,0.414738392979,0
6.09,0.414800858111,0
6.1425,0,1.7401860005
6.1425,6.24651316307e-05,1.74018599227
6.1425,0.000249822899863,1.74018584238
6.1425,0.000561960447384,1.74018510992
6.1425,0.000998689754205,1.74018296565
6.1425,0.00155974775092,1.74017814849
6.1425,0.00224479647718,1.74016893459
6.1425,0.00305342328524,1.74015311436
6.1425,0.00398514108855,1.74012797524
6.1425,0.00503938865514,1.74009028923
6.1425,0.0062155309457,1.74003630437
6.1425,0.0075128594961,1.73996173982
6.1425,0.00893059284412,1.73986178419
6.1425,0.0104678770002,1.73973109676
6.1425,0.0121237859619,1.73956381157
6.1425,0.0138973222715,1.73935354405
6.1425,0.0157874176171,1.73909340004
6.1425,0.0177929334759,1.73877598717
6.1425,0.0199126618001,1.73839342833
6.1425,0.0221453257447,1.73793737714
6.1425,0.0244895804365,1.73739903534
6.1425,0.0269440137839,1.73676917182
6.1425,0.0295071473283,1.73603814338
6.1425,0.0321774371336,1.7351959169
6.1425,0.0349532747173,1.73423209286
6.1425,0.0378329880186,1.73313593007
6.1425,0.0408148424058,1.73189637161
6.1425,0.0438970417214,1.73050207156
6.1425,0.0470777293637,1.72894142272
6.1425,0.0503549894054,1.72720258503
6.1425,0.0537268477477,1.72527351455
6.1425,0.0571912733091,1.72314199301
6.1425,0.0607461792493,1.72079565769
6.1425,0.0643894242258,1.71822203159
6.1425,0.0681188136841,1.71540855381
6.1425,0.0719321011795,1.71234260999
6.1425,0.07582698973,1.70901156267
6.1425,0.0798011332006,1.70540278167
6.1425,0.0838521377157,1.70150367413
6.1425,0.0879775631017,1.69730171441
6.1425,0.0921749243567,1.69278447354
6.1425,0.0964416931472,1.6879396483
6.1425,0.100775299331,1.68275508981
6.1425,0.105173132506,1.67721883154
6.1425,0.109632543582,1.67131911675
6.1425,0.114150846377,1.66504442522
6.1425,0.118725319233,1.65838349934
6.1425,0.12335320666,1.65132536938
6.1425,0.128031720991,1.64385937799
6.1425,0.132758044063,1.63597520386
6.1425,0.137529328917,1.6276628845
6.1425,0.14234270151,1.61891283812
6.1425,0.147195262445,1.60971588459
6.1425,0.152084088721,1.60006326543
6.1425,0.157006235492,1.58994666276
6.1425,0.16195873784,1.57935821737
6.1425,0.166938612565,1.56829054559
6.1425,0.171942859974,1.55673675525
6.1425,0.176968465698,1.54469046049
6.1425,0.182012402498,1.53214579548
6.1425,0.187071632096,1.51909742707
6.1425,0.192143107002,1.50554056625
6.1425,0.197223772347,1.4914709785
6.1425,0.20231056773,1.47688499298
6.1425,0.207400429055,1.46177951043
6.1425,0.212490290381,1.44615200996
6.1425,0.217577085764,1.43000055453
6.1425,0.222657751109,1.41332379511
6.1425,0.227729226015,1.39612097361
6.1425,0.232788455613,1.37839192433
6.1425,0.237832392413,1.36013707409
6.1425,0.242857998136,1.34135744077
6.1425,0.247862245546,1.32205463044
6.1425,0.252842120271,1.30223083269
6.1425,0.257794622619,1.28188881438
6.1425,0.26271676939,1.26103191141
6.1425,0.267605595666,1.23966401857
6.1425,0.272458156601,1.21778957721
6.1425,0.277271529193,1.19541356051
6.1425,0.282042814048,1.1725414562
6.1425,0.28676913712,1.14917924629
6.1425,0.291447651451,1.12533338361
6.1425,0.296075538878,1.10101076463
6.1425,0.300650011734,1.07621869801
6.1425,0.305168314528,1.05096486833
6.1425,0.309627725605,1.0252572941
6.1425,0.31402555878,0.999104279142
6.1425,0.318359164964,0.972514355959
6.1425,0.322625933754,0.945496219773
6.1425,0.326823295009,0.918058651065
6.1425,0.330948720395,0.890210424244
6.1425,0.33499972491,0.861960199247
6.1425,0.338973868381,0.83331639195
6.1425,0.342868756931,0.804287018075
6.1425,0.346682044427,0.774879503528
6.1425,0.350411433885,0.745100451848
6.1425,0.354054678862,0.714955356132
6.1425,0.357609584802,0.684448238297
6.1425,0.361074010363,0.653581191849
6.1425,0.364445868705,0.622353794747
6.1425,0.367723128747,0.590762344404
6.1425,0.370903816389,0.558798844818
6.1425,0.373986015705,0.526449641096
6.1425,0.376967870092,0.493693540698
6.1425,0.379847583394,0.46049916732
6.1425,0.382623420977,0.426821131627
6.1425,0.385293710783,0.39259431003
6.1425,0.387856844327,0.357724963238
6.1425,0.390311277674,0.322076287352
6.1425,0.392655532366,0.28544348081
6.1425,0.394888196311,0.247507293846
6.1425,0.397007924635,0.207737975721
6.1425,0.399013440494,0.165164037404
6.1425,0.400903535839,0.117658305905
6.1425,0.402677072149,0.0581756121974
6.1425,0.404332981111,0
6.1425,0.405870265267,0
6.1425,0.407287998615,0
6.1425,0.408585327165,0
6.1425,0.409761469456,0
6.1425,0.410815717022,0
6.1425,0.411747434826,0
6.1425,0.412556061634,0
6.1425,0.41324111036,0
6.1425,0.413802168357,0
6.1425,0.414238897663,0
6.1425,0.414551035211,0
6.1425,0.414738392979,0
6.1425,0.414800858111,0
6.195,0,1.73297667151
6.195,6.24651316307e-05,1.73297666319
6.195,0.000249822899863,1.73297651189
6.195,0.000561960447384,1.73297577332
6.195,0.000998689754205,1.73297361279
6.195,0.00155974775092,1.73296876186
6.195,0.00224479647718,1.73295948763
6.195,0.00305342328524,1.73294356994
6.195,0.00398514108855,1.73291828432
6.195,0.00503938865514,1.73288038966
6.195,0.0062155309457,1.73282611988
6.195,0.0075128594961,1.73275117917
6.195,0.00893059284412,1.7326507404
6.195,0.0104678770002,1.73251944661
6.195,0.0121237859619,1.7323514151
6.195,0.0138973222715,1.73214024427
6.195,0.0157874176171,1.73187902275
6.195,0.0177929334759,1.73156034091
6.195,0.0199126618001,1.73117630439
6.195,0.0221453257447,1.73071854973
6.195,0.0244895804365,1.73017826182
6.195,0.0269440137839,1.72954619305
6.195,0.0295071473283,1.72881268412
6.195,0.0321774371336,1.72796768629
6.195,0.0349532747173,1.72700078498
6.195,0.0378329880186,1.72590122455
6.195,0.0408148424058,1.72465793428
6.195,0.0438970417214,1.72325955513
6.195,0.0470777293637,1.72169446755
6.195,0.0503549894054,1.71995081983
6.195,0.0537268477477,1.71801655719
6.195,0.0571912733091,1.71587945127
6.195,0.0607461792493,1.71352713004
6.195,0.0643894242258,1.71094710798
6.195,0.0681188136841,1.70812681641
6.195,0.0719321011795,1.70505363391
6.195,0.07582698973,1.70171491668
6.195,0.0798011332006,1.69809802884
6.195,0.0838521377157,1.6941903725
6.195,0.0879775631017,1.6899794175
6.195,0.0921749243567,1.68545273091
6.195,0.0964416931472,1.68059800597
6.195,0.100775299331,1.67540309065
6.195,0.105173132506,1.66985601557
6.195,0.109632543582,1.66394502135
6.195,0.114150846377,1.65765858526
6.195,0.118725319233,1.65098544722
6.195,0.12335320666,1.64391463493
6.195,0.128031720991,1.63643548832
6.195,0.132758044063,1.62853768302
6.195,0.137529328917,1.62021125309
6.195,0.14234270151,1.61144661269
6.195,0.147195262445,1.60223457698
6.195,0.152084088721,1.59256638187
6.195,0.157006235492,1.58243370292
6.195,0.16195873784,1.57182867312
6.195,0.166938612565,1.56074389968
6.195,0.171942859974,1.54917247974
6.195,0.176968465698,1.537108015
6.195,0.182012402498,1.52454462521
6.195,0.187071632096,1.51147696056
6.195,0.192143107002,1.49790021296
6.195,0.197223772347,1.48381012601
6.195,0.20231056773,1.46920300398
6.195,0.207400429055,1.45407571935
6.195,0.212490290381,1.43842571926
6.195,0.217577085764,1.42225103058
6.195,0.222657751109,1.40555026369
6.195,0.227729226015,1.38832261493
6.195,0.232788455613,1.37056786754
6.195,0.237832392413,1.35228639121
6.195,0.242857998136,1.33347914006
6.195,0.247862245546,1.31414764898
6.195,0.252842120271,1.2942940283
6.195,0.257794622619,1.27392095654
6.195,0.26271676939,1.25303167133
6.195,0.267605595666,1.23162995804
6.195,0.272458156601,1.20972013629
6.195,0.277271529193,1.18730704371
6.195,0.282042814048,1.16439601709
6.195,0.28676913712,1.14099287019
6.195,0.291447651451,1.11710386816
6.195,0.296075538878,1.0927356978
6.195,0.300650011734,1.06789543323
6.195,0.305168314528,1.04259049619
6.195,0.309627725605,1.01682861004
6.195,0.31402555878,0.990617746358
6.195,0.318359164964,0.963966062688
6.195,0.322625933754,0.936881829779
6.195,0.326823295009,0.909373345957
6.195,0.330948720395,0.88144883587
6.195,0.33499972491,0.85311632994
6.195,0.338973868381,0.824383519783
6.195,0.342868756931,0.795257583447
6.195,0.346682044427,0.765744972278
6.195,0.350411433885,0.735851148524
6.195,0.354054678862,0.705580258898
6.195,0.357609584802,0.674934723863
6.195,0.361074010363,0.643914714389
6.195,0.364445868705,0.612517476214
6.195,0.367723128747,0.580736443849
6.195,0.370903816389,0.548560059125
6.195,0.373986015705,0.515970165516
6.195,0.376967870092,0.482939778195
6.195,0.379847583394,0.44942990895
6.195,0.382623420977,0.415384911837
6.195,0.385293710783,0.38072542055
6.195,0.387856844327,0.345337173906
6.195,0.390311277674,0.309052396388
6.195,0.392655532366,0.271616657667
6.195,0.394888196311,0.232624499008
6.195,0.397007924635,0.191378134716
6.195,0.399013440494,0.146513911921
6.195,0.400903535839,0.0946261133271
6.195,0.402677072149,0.0153107808388
6.195,0.404332981111,0
6.195,0.405870265267,0
6.195,0.407287998615,0
6.195,0.408585327165,0
6.195,0.409761469456,0
6.195,0.410815717022,0
6.195,0.411747434826,0
6.195,0.412556061634,0
6.195,0.41324111036,0
6.195,0.413802168357,0
6.195,0.414238897663,0
6.195,0.414551035211,0
6.195,0.414738392979,0
6.195,0.414800858111,0
6.2475,0,1.72553680826
6.2475,6.24651316307e-05,1.72553679984
6.2475,0.000249822899863,1.72553664707
6.2475,0.000561960447384,1.72553590215
6.2475,0.000998689754205,1.72553372472
6.2475,0.00155974775092,1.72552883872
6.2475,0.00224479647718,1.72551950188
6.2475,0.00305342328524,1.7255034831
6.2475,0.00398514108855,1.72547804556
6.2475,0.00503938865514,1.72543993463
6.2475,0.0062155309457,1.72538536961
6.2475,0.0075128594961,1.72531003921
6.2475,0.00893059284412,1.7252091001
6.2475,0.0104678770002,1.72507717847
6.2475,0.0121237859619,1.72490837441
6.2475,0.0138973222715,1.72469626873
6.2475,0.0157874176171,1.72443393232
6.2475,0.0177929334759,1.72411393773
6.2475,0.0199126618001,1.72372837286
6.2475,0.0221453257447,1.72326885664
6.2475,0.0244895804365,1.72272655661
6.2475,0.0269440137839,1.72209220818
6.2475,0.0295071473283,1.72135613549
6.2475,0.0321774371336,1.72050827374
6.2475,0.0349532747173,1.71953819286
6.2475,0.0378329880186,1.71843512238
6.2475,0.0408148424058,1.71718797739
6.2475,0.0438970417214,1.71578538541
6.2475,0.0470777293637,1.71421571418
6.2475,0.0503549894054,1.7124671001
6.2475,0.0537268477477,1.71052747725
6.2475,0.0571912733091,1.70838460695
6.2475,0.0607461792493,1.70602610767
6.2475,0.0643894242258,1.70343948514
6.2475,0.0681188136841,1.70061216276
6.2475,0.0719321011795,1.69753151189
6.2475,0.07582698973,1.69418488227
6.2475,0.0798011332006,1.69055963225
6.2475,0.0838521377157,1.68664315875
6.2475,0.0879775631017,1.68242292708
6.2475,0.0921749243567,1.67788650024
6.2475,0.0964416931472,1.6730215679
6.2475,0.100775299331,1.6678159748
6.2475,0.105173132506,1.66225774868
6.2475,0.109632543582,1.65633512745
6.2475,0.114150846377,1.65003658582
6.2475,0.118725319233,1.64335086116
6.2475,0.12335320666,1.63626697853
6.2475,0.128031720991,1.62877427501
6.2475,0.132758044063,1.62086242305
6.2475,0.137529328917,1.61252145307
6.2475,0.14234270151,1.60374177504
6.2475,0.147195262445,1.5945141991
6.2475,0.152084088721,1.58482995531
6.2475,0.157006235492,1.57468071228
6.2475,0.16195873784,1.56405859482
6.2475,0.166938612565,1.55295620052
6.2475,0.171942859974,1.54136661527
6.2475,0.176968465698,1.52928342764
6.2475,0.182012402498,1.51670074221
6.2475,0.187071632096,1.50361319166
6.2475,0.192143107002,1.49001594777
6.2475,0.197223772347,1.47590473115
6.2475,0.20231056773,1.46127581987
6.2475,0.207400429055,1.44612605667
6.2475,0.212490290381,1.43045285503
6.2475,0.217577085764,1.41425420388
6.2475,0.222657751109,1.39752867088
6.2475,0.227729226015,1.3802754044
6.2475,0.232788455613,1.36249413393
6.2475,0.237832392413,1.34418516906
6.2475,0.242857998136,1.32534939674
6.2475,0.247862245546,1.30598827693
6.2475,0.252842120271,1.28610383639
6.2475,0.257794622619,1.2656986606
6.2475,0.26271676939,1.24477588351
6.2475,0.267605595666,1.2233391751
6.2475,0.272458156601,1.20139272644
6.2475,0.277271529193,1.17894123204
6.2475,0.282042814048,1.15598986912
6.2475,0.28676913712,1.13254427347
6.2475,0.291447651451,1.10861051151
6.2475,0.296075538878,1.08419504786
6.2475,0.300650011734,1.05930470782
6.2475,0.305168314528,1.03394663396
6.2475,0.309627725605,1.00812823576
6.2475,0.31402555878,0.981857130971
6.2475,0.318359164964,0.955141077222
6.2475,0.322625933754,0.927987891762
6.2475,0.326823295009,0.900405356838
6.2475,0.330948720395,0.872401107462
6.2475,0.33499972491,0.84398249736
6.2475,0.338973868381,0.815156437686
6.2475,0.342868756931,0.785929201338
6.2475,0.346682044427,0.756306183404
6.2475,0.350411433885,0.726291605003
6.2475,0.354054678862,0.695888143188
6.2475,0.357609584802,0.665096462995
6.2475,0.361074010363,0.633914618064
6.2475,0.364445868705,0.602337271928
6.2475,0.367723128747,0.570354670122
6.2475,0.370903816389,0.5379512591
6.2475,0.373986015705,0.505103792878
6.2475,0.376967870092,0.471778677001
6.2475,0.379847583394,0.437928141891
6.2475,0.382623420977,0.403484553926
6.2475,0.385293710783,0.36835163438
6.2475,0.387856844327,0.332390269282
6.2475,0.390311277674,0.295394221176
6.2475,0.392655532366,0.257045343046
6.2475,0.394888196311,0.21682223661
6.2475,0.397007924635,0.173784752003
6.2475,0.399013440494,0.125931147089
6.2475,0.400903535839,0.067095395398
6.2475,0.402677072149,0
6.2475,0.404332981111,0
6.2475,0.405870265267,0
6.2475,0.407287998615,0
6.2475,0.408585327165,0
6.2475,0.409761469456,0
6.2475,0.410815717022,0
6.2475,0.411747434826,0
6.2475,0.412556061634,0
6.2475,0.41324111036,0
6.2475,0.413802168357,0
6.2475,0.414238897663,0
6.2475,0.414551035211,0
6.2475,0.414738392979,0
6.2475,0.414800858111,0
6.3,0,1.71786618596
6.3,6.24651316307e-05,1.71786617744
6.3,0.000249822899863,1.71786602315
6.3,0.000561960447384,1.71786527162
6.3,0.000998689754205,1.71786307664
6.3,0.00155974775092,1.71785815426
6.3,0.00224479647718,1.71784875249
6.3,0.00305342328524,1.71783262892
6.3,0.00398514108855,1.71780703399
6.3,0.00503938865514,1.71776869905
6.3,0.0062155309457,1.71771382834
6.3,0.0075128594961,1.71763809459
6.3,0.00893059284412,1.71753663772
6.3,0.0104678770002,1.7174040666
6.3,0.0121237859619,1.71723446351
6.3,0.0138973222715,1.71702139116
6.3,0.0157874176171,1.71675790218
6.3,0.0177929334759,1.71643655075
6.3,0.0199126618001,1.7160494065
6.3,0.0221453257447,1.71558807026
6.3,0.0244895804365,1.71504369172
6.3,0.0269440137839,1.71440698883
6.3,0.0295071473283,1.71366826871
6.3,0.0321774371336,1.71281745006
6.3,0.0349532747173,1.71184408692
6.3,0.0378329880186,1.71073739358
6.3,0.0408148424058,1.70948627059
6.3,0.0438970417214,1.7080793317
6.3,0.0470777293637,1.70650493163
6.3,0.0503549894054,1.70475119458
6.3,0.0537268477477,1.70280604326
6.3,0.0571912733091,1.70065722844
6.3,0.0607461792493,1.69829235884
6.3,0.0643894242258,1.69569893133
6.3,0.0681188136841,1.69286436116
6.3,0.0719321011795,1.68977601239
6.3,0.07582698973,1.68642122818
6.3,0.0798011332006,1.68278736095
6.3,0.0838521377157,1.67886180243
6.3,0.0879775631017,1.67463201326
6.3,0.0921749243567,1.67008555235
6.3,0.0964416931472,1.66521010572
6.3,0.100775299331,1.65999351487
6.3,0.105173132506,1.65442380456
6.3,0.109632543582,1.64848920999
6.3,0.114150846377,1.64217820322
6.3,0.118725319233,1.63547951899
6.3,0.12335320666,1.62838217964
6.3,0.128031720991,1.62087551928
6.3,0.132758044063,1.61294920707
6.3,0.137529328917,1.60459326961
6.3,0.14234270151,1.59579811243
6.3,0.147195262445,1.58655454046
6.3,0.152084088721,1.57685377756
6.3,0.157006235492,1.56668748505
6.3,0.16195873784,1.55604777911
6.3,0.166938612565,1.5449272472
6.3,0.171942859974,1.53331896335
6.3,0.176968465698,1.52121650236
6.3,0.182012402498,1.50861395281
6.3,0.187071632096,1.49550592894
6.3,0.192143107002,1.48188758136
6.3,0.197223772347,1.46775460651
6.3,0.20231056773,1.45310325486
6.3,0.207400429055,1.43793033789
6.3,0.212490290381,1.4222332337
6.3,0.217577085764,1.40600989126
6.3,0.222657751109,1.38925883332
6.3,0.227729226015,1.37197915777
6.3,0.232788455613,1.35417053759
6.3,0.237832392413,1.33583321906
6.3,0.242857998136,1.31696801844
6.3,0.247862245546,1.2975763168
6.3,0.252842120271,1.27766005289
6.3,0.257794622619,1.2572217141
6.3,0.26271676939,1.23626432512
6.3,0.267605595666,1.21479143419
6.3,0.272458156601,1.19280709673
6.3,0.277271529193,1.17031585605
6.3,0.282042814048,1.14732272073
6.3,0.28676913712,1.12383313831
6.3,0.291447651451,1.09985296481
6.3,0.296075538878,1.07538842936
6.3,0.300650011734,1.05044609325
6.3,0.305168314528,1.02503280252
6.3,0.309627725605,0.999155632743
6.3,0.31402555878,0.972821824775
6.3,0.318359164964,0.946038709532
6.3,0.322625933754,0.918813619533
6.3,0.326823295009,0.891153784338
6.3,0.330948720395,0.863066206137
6.3,0.33499972491,0.834557510697
6.3,0.338973868381,0.805633767391
6.3,0.342868756931,0.776300270046
6.3,0.346682044427,0.746561267579
6.3,0.350411433885,0.716419629553
6.3,0.354054678862,0.685876426248
6.3,0.357609584802,0.654930394979
6.3,0.361074010363,0.623577252613
6.3,0.364445868705,0.59180879671
6.3,0.367723128747,0.559611710561
6.3,0.370903816389,0.526965944527
6.3,0.373986015705,0.49384247622
6.3,0.376967870092,0.460200134115
6.3,0.379847583394,0.425980962123
6.3,0.382623420977,0.391103221376
6.3,0.385293710783,0.355450382852
6.3,0.387856844327,0.318852915162
6.3,0.390311277674,0.28105615011
6.3,0.392655532366,0.241658564897
6.3,0.394888196311,0.199978424527
6.3,0.397007924635,0.154709711967
6.3,0.399013440494,0.102712547521
6.3,0.400903535839,0.0289676354244
6.3,0.402677072149,0
6.3,0.404332981111,0
6.3,0.405870265267,0
6.3,0.407287998615,0
6.3,0.408585327165,0
6.3,0.409761469456,0
6.3,0.410815717022,0
6.3,0.411747434826,0
6.3,0.412556061634,0
6.3,0.41324111036,0
6.3,0.413802168357,0
6.3,0.414238897663,0
6.3,0.414551035211,0
6.3,0.414738392979,0
6.3,0.414800858111,0
6.3525,0,1.70996456137
6.3525,6.24651316307e-05,1.70996455275
6.3525,0.000249822899863,1.70996439686
6.3525,0.000561960447384,1.70996363848
6.3525,0.000998689754205,1.7099614253
6.3525,0.00155974775092,1.70995646519
6.3525,0.00224479647718,1.70994699614
6.3525,0.00305342328524,1.70993076403
6.3525,0.00398514108855,1.70990500614
6.3525,0.00503938865514,1.70986643936
6.3525,0.0062155309457,1.70981125239
6.3525,0.0075128594961,1.70973510146
6.3525,0.00893059284412,1.70963310924
6.3525,0.0104678770002,1.70949986673
6.3525,0.0121237859619,1.70932943788
6.3525,0.0138973222715,1.70911536679
6.3525,0.0157874176171,1.70885068723
6.3525,0.0177929334759,1.70852793454
6.3525,0.0199126618001,1.70813915953
6.3525,0.0221453257447,1.70767594443
6.3525,0.0244895804365,1.70712942061
6.3525,0.0269440137839,1.70649028805
6.3525,0.0295071473283,1.70574883641
6.3525,0.0321774371336,1.70489496747
6.3525,0.0349532747173,1.70391821897
6.3525,0.0378329880186,1.70280778958
6.3525,0.0408148424058,1.70155256495
6.3525,0.0438970417214,1.70014114471
6.3525,0.0470777293637,1.6985618703
6.3525,0.0503549894054,1.69680285342
6.3525,0.0537268477477,1.69485200515
6.3525,0.0571912733091,1.6926970655
6.3525,0.0607461792493,1.69032563327
6.3525,0.0643894242258,1.68772519625
6.3525,0.0681188136841,1.68488316143
6.3525,0.0719321011795,1.68178688541
6.3525,0.07582698973,1.67842370465
6.3525,0.0798011332006,1.67478096561
6.3525,0.0838521377157,1.67084605468
6.3525,0.0879775631017,1.66660642783
6.3525,0.0921749243567,1.66204963978
6.3525,0.0964416931472,1.65716337288
6.3525,0.100775299331,1.65193546533
6.3525,0.105173132506,1.64635393887
6.3525,0.109632543582,1.64040702592
6.3525,0.114150846377,1.63408319585
6.3525,0.118725319233,1.62737118069
6.3525,0.12335320666,1.62025999998
6.3525,0.128031720991,1.61273898474
6.3525,0.132758044063,1.60479780069
6.3525,0.137529328917,1.59642647043
6.3525,0.14234270151,1.58761539485
6.3525,0.147195262445,1.57835537338
6.3525,0.152084088721,1.56863762338
6.3525,0.157006235492,1.55845379848
6.3525,0.16195873784,1.54779600578
6.3525,0.166938612565,1.53665682208
6.3525,0.171942859974,1.52502930894
6.3525,0.176968465698,1.51290702664
6.3525,0.182012402498,1.50028404692
6.3525,0.187071632096,1.48715496465
6.3525,0.192143107002,1.47351490816
6.3525,0.197223772347,1.45935954844
6.3525,0.20231056773,1.44468510699
6.3525,0.207400429055,1.42948836237
6.3525,0.212490290381,1.41376665547
6.3525,0.217577085764,1.39751789328
6.3525,0.222657751109,1.38074055128
6.3525,0.227729226015,1.3634336743
6.3525,0.232788455613,1.34559687582
6.3525,0.237832392413,1.32723033556
6.3525,0.242857998136,1.30833479539
6.3525,0.247862245546,1.28891155326
6.3525,0.252842120271,1.26896245529
6.3525,0.257794622619,1.24848988552
6.3525,0.26271676939,1.22749675342
6.3525,0.267605595666,1.20598647885
6.3525,0.272458156601,1.18396297407
6.3525,0.277271529193,1.16143062271
6.3525,0.282042814048,1.1383942551
6.3525,0.28676913712,1.11485911964
6.3525,0.291447651451,1.09083084955
6.3525,0.296075538878,1.06631542434
6.3525,0.300650011734,1.04131912517
6.3525,0.305168314528,1.01584848295
6.3525,0.309627725605,0.98991021799
6.3525,0.31402555878,0.963511169492
6.3525,0.318359164964,0.936658212861
6.3525,0.322625933754,0.909358162223
6.3525,0.326823295009,0.881617654857
6.3525,0.330948720395,0.853443013276
6.3525,0.33499972491,0.82484007945
6.3525,0.338973868381,0.795814013924
6.3525,0.342868756931,0.766369050268
6.3525,0.346682044427,0.736508192015
6.3525,0.350411433885,0.706232834666
6.3525,0.354054678862,0.675542288764
6.3525,0.357609584802,0.644433170446
6.3525,0.361074010363,0.612898611661
6.3525,0.364445868705,0.58092722057
6.3525,0.367723128747,0.548501688932
6.3525,0.370903816389,0.515596889264
6.3525,0.373986015705,0.482177215198
6.3525,0.376967870092,0.4481927651
6.3525,0.379847583394,0.413573694243
6.3525,0.382623420977,0.378221542704
6.3525,0.385293710783,0.341995307314
6.3525,0.387856844327,0.304687779359
6.3525,0.390311277674,0.265982322291
6.3525,0.392655532366,0.225365822744
6.3525,0.394888196311,0.181927036106
6.3525,0.397007924635,0.133773149551
6.3525,0.399013440494,0.0754109750437
6.3525,0.400903535839,0
6.3525,0.402677072149,0
6.3525,0.404332981111,0
6.3525,0.405870265267,0
6.3525,0.407287998615,0
6.3525,0.408585327165,0
6.3525,0.409761469456,0
6.3525,0.410815717022,0
6.3525,0.411747434826,0
6.3525,0.412556061634,0
6.3525,0.41324111036,0
6.3525,0.413802168357,0
6.3525,0.414238897663,0
6.3525,0.414551035211,0
6.3525,0.414738392979,0
6.3525,0.414800858111,0
6.405,0,1.70183167149
6.405,6.24651316307e-05,1.70183166276
6.405,0.000249822899863,1.70183150522
6.405,0.000561960447384,1.70183073973
6.405,0.000998689754205,1.70182850767
6.405,0.00155974775092,1.70182350846
6.405,0.00224479647718,1.70181396974
6.405,0.00305342328524,1.70179762528
6.405,0.00398514108855,1.70177169878
6.405,0.00503938865514,1.70173289224
6.405,0.0062155309457,1.7016773783
6.405,0.0075128594961,1.7016007962
6.405,0.00893059284412,1.70149825084
6.405,0.0104678770002,1.70136431482
6.405,0.0121237859619,1.70119303325
6.405,0.0138973222715,1.70097793102
6.405,0.0157874176171,1.70071202258
6.405,0.0177929334759,1.70038782385
6.405,0.0199126618001,1.69999736635
6.405,0.0221453257447,1.69953221316
6.405,0.0244895804365,1.69898347685
6.405,0.0269440137839,1.69834183901
6.405,0.0295071473283,1.69759757134
6.405,0.0321774371336,1.69674055831
6.405,0.0349532747173,1.69576032095
6.405,0.0378329880186,1.69464604191
6.405,0.0408148424058,1.69338659162
6.405,0.0438970417214,1.69197055528
6.405,0.0470777293637,1.69038626071
6.405,0.0503549894054,1.68862180688
6.405,0.0537268477477,1.686665093
6.405,0.0571912733091,1.68450384808
6.405,0.0607461792493,1.68212566084
6.405,0.0643894242258,1.67951800979
6.405,0.0681188136841,1.67666829356
6.405,0.0719321011795,1.67356386115
6.405,0.07582698973,1.67019204223
6.405,0.0798011332006,1.66654017719
6.405,0.0838521377157,1.66259564705
6.405,0.0879775631017,1.658345903
6.405,0.0921749243567,1.65377849558
6.405,0.0964416931472,1.64888110338
6.405,0.100775299331,1.64364156127
6.405,0.105173132506,1.63804788795
6.405,0.109632543582,1.63208831297
6.405,0.114150846377,1.62575130299
6.405,0.118725319233,1.61902558725
6.405,0.12335320666,1.61190018237
6.405,0.128031720991,1.60436441619
6.405,0.132758044063,1.59640795081
6.405,0.137529328917,1.58802080468
6.405,0.14234270151,1.5791933738
6.405,0.147195262445,1.56991645182
6.405,0.152084088721,1.56018124928
6.405,0.157006235492,1.54997941169
6.405,0.16195873784,1.53930303661
6.405,0.166938612565,1.52814468963
6.405,0.171942859974,1.51649741918
6.405,0.176968465698,1.50435477024
6.405,0.182012402498,1.49171079687
6.405,0.187071632096,1.47856007353
6.405,0.192143107002,1.46489770515
6.405,0.197223772347,1.45071933594
6.405,0.20231056773,1.43602115692
6.405,0.207400429055,1.42079991208
6.405,0.212490290381,1.40505290317
6.405,0.217577085764,1.38877799302
6.405,0.222657751109,1.37197360744
6.405,0.227729226015,1.35463873545
6.405,0.232788455613,1.33677292795
6.405,0.237832392413,1.31837629465
6.405,0.242857998136,1.29944949909
6.405,0.247862245546,1.2799937518
6.405,0.252842120271,1.26001080129
6.405,0.257794622619,1.23950292273
6.405,0.26271676939,1.21847290419
6.405,0.267605595666,1.19692403006
6.405,0.272458156601,1.17486006155
6.405,0.277271529193,1.15228521361
6.405,0.282042814048,1.12920412818
6.405,0.28676913712,1.10562184294
6.405,0.291447651451,1.08154375519
6.405,0.296075538878,1.05697557979
6.405,0.300650011734,1.0319233005
6.405,0.305168314528,1.00639311332
6.405,0.309627725605,0.980391360365
6.405,0.31402555878,0.953924452611
6.405,0.318359164964,0.926998778947
6.405,0.322625933754,0.899620598739
6.405,0.326823295009,0.871795914084
6.405,0.330948720395,0.843530316868
6.405,0.33499972491,0.814828804314
6.405,0.338973868381,0.785695554646
6.405,0.342868756931,0.756133651787
6.405,0.346682044427,0.726144744092
6.405,0.350411433885,0.695728616714
6.405,0.354054678862,0.664882649232
6.405,0.357609584802,0.633601118626
6.405,0.361074010363,0.601874290229
6.405,0.364445868705,0.56968721255
6.405,0.367723128747,0.5370180897
6.405,0.370903816389,0.503836036671
6.405,0.373986015705,0.470097907638
6.405,0.376967870092,0.435743686316
6.405,0.379847583394,0.400689559067
6.405,0.382623420977,0.364817078569
6.405,0.385293710783,0.327955350117
6.405,0.387856844327,0.289849850256
6.405,0.390311277674,0.25010315475
6.405,0.392655532366,0.208048679781
6.405,0.394888196311,0.162431963705
6.405,0.397007924635,0.110334994655
6.405,0.399013440494,0.0396182060912
6.405,0.400903535839,0
6.405,0.402677072149,0
6.405,0.404332981111,0
6.405,0.405870265267,0
6.405,0.407287998615,0
6.405,0.408585327165,0
6.405,0.409761469456,0
6.405,0.410815717022,0
6.405,0.411747434826,0
6.405,0.412556061634,0
6.405,0.41324111036,0
6.405,0.413802168357,0
6.405,0.414238897663,0
6.405,0.414551035211,0
6.405,0.414738392979,0
6.405,0.414800858111,0
6.4575,0,1.69346723221
6.4575,6.24651316307e-05,1.69346722337
6.4575,0.000249822899863,1.69346706412
6.4575,0.000561960447384,1.69346629125
6.4575,0.000998689754205,1.69346403962
6.4575,0.00155974775092,1.69345899993
6.4575,0.00224479647718,1.69344938909
6.4575,0.00305342328524,1.69343292842
6.4575,0.00398514108855,1.6934068276
6.4575,0.00503938865514,1.69336777324
6.4575,0.0062155309457,1.69331192148
6.4575,0.0075128594961,1.69323489405
6.4575,0.00893059284412,1.69313177756
6.4575,0.0104678770002,1.6929971257
6.4575,0.0121237859619,1.69282496415
6.4575,0.0138973222715,1.69260879812
6.4575,0.0157874176171,1.69234162215
6.4575,0.0177929334759,1.69201593226
6.4575,0.0199126618001,1.69162374014
6.4575,0.0221453257447,1.69115658925
6.4575,0.0244895804365,1.69060557285
6.4575,0.0269440137839,1.68996135367
6.4575,0.0295071473283,1.68921418506
6.4575,0.0321774371336,1.68835393371
6.4575,0.0349532747173,1.68737010354
6.4575,0.0378329880186,1.68625186087
6.4575,0.0408148424058,1.68498806054
6.4575,0.0438970417214,1.68356727299
6.4575,0.0470777293637,1.68197781215
6.4575,0.0503549894054,1.680207764
6.4575,0.0537268477477,1.67824501565
6.4575,0.0571912733091,1.67607728492
6.4575,0.0607461792493,1.67369215023
6.4575,0.0643894242258,1.6710770807
6.4575,0.0681188136841,1.66821946644
6.4575,0.0719321011795,1.66510664875
6.4575,0.07582698973,1.6617259504
6.4575,0.0798011332006,1.65806470566
6.4575,0.0838521377157,1.6541102901
6.4575,0.0879775631017,1.6498501501
6.4575,0.0921749243567,1.64527183194
6.4575,0.0964416931472,1.64036301044
6.4575,0.100775299331,1.63511151709
6.4575,0.105173132506,1.62950536751
6.4575,0.109632543582,1.62353278837
6.4575,0.114150846377,1.61718224349
6.4575,0.118725319233,1.6104424593
6.4575,0.12335320666,1.60330244939
6.4575,0.128031720991,1.59575153828
6.4575,0.132758044063,1.58777938433
6.4575,0.137529328917,1.57937600162
6.4575,0.14234270151,1.57053178101
6.4575,0.147195262445,1.56123751011
6.4575,0.152084088721,1.55148439224
6.4575,0.157006235492,1.54126406442
6.4575,0.16195873784,1.53056861415
6.4575,0.166938612565,1.5193905952
6.4575,0.171942859974,1.50772304219
6.4575,0.176968465698,1.49555948403
6.4575,0.182012402498,1.48289395617
6.4575,0.187071632096,1.46972101161
6.4575,0.192143107002,1.45603573064
6.4575,0.197223772347,1.44183372936
6.4575,0.20231056773,1.42711116673
6.4575,0.207400429055,1.41186475038
6.4575,0.212490290381,1.39609174094
6.4575,0.217577085764,1.37978995482
6.4575,0.222657751109,1.3629577656
6.4575,0.227729226015,1.34559410361
6.4575,0.232788455613,1.32769845396
6.4575,0.237832392413,1.30927085268
6.4575,0.242857998136,1.29031188094
6.4575,0.247862245546,1.27082265722
6.4575,0.252842120271,1.25080482726
6.4575,0.257794622619,1.23026055152
6.4575,0.26271676939,1.20919249008
6.4575,0.267605595666,1.18760378451
6.4575,0.272458156601,1.16549803652
6.4575,0.277271529193,1.14287928294
6.4575,0.282042814048,1.1197519665
6.4575,0.28676913712,1.09612090196
6.4575,0.291447651451,1.07199123664
6.4575,0.296075538878,1.04736840477
6.4575,0.300650011734,1.02225807433
6.4575,0.305168314528,0.996666085143
6.4575,0.309627725605,0.970598376598
6.4575,0.31402555878,0.94406090283
6.4575,0.318359164964,0.917059532763
6.4575,0.322625933754,0.889599931656
6.4575,0.326823295009,0.861687419835
6.4575,0.330948720395,0.833326803036
6.4575,0.33499972491,0.804522167046
6.4575,0.338973868381,0.775276627018
6.4575,0.342868756931,0.745592018532
6.4575,0.346682044427,0.715468512931
6.4575,0.350411433885,0.684904132905
6.4575,0.354054678862,0.653894134772
6.4575,0.357609584802,0.622430209817
6.4575,0.361074010363,0.590499435643
6.4575,0.364445868705,0.558082875298
6.4575,0.367723128747,0.525153668895
6.4575,0.370903816389,0.491674375064
6.4575,0.373986015705,0.457593170231
6.4575,0.376967870092,0.422838247377
6.4575,0.379847583394,0.387309256615
6.4575,0.382623420977,0.350863635431
6.4575,0.385293710783,0.313293543386
6.4575,0.387856844327,0.274284091714
6.4575,0.390311277674,0.233330176607
6.4575,0.392655532366,0.189546967444
6.4575,0.394888196311,0.141136256382
6.4575,0.397007924635,0.0831324972221
6.4575,0.399013440494,0
6.4575,0.400903535839,0
6.4575,0.402677072149,0
6.4575,0.404332981111,0
6.4575,0.405870265267,0
6.4575,0.407287998615,0
6.4575,0.408585327165,0
6.4575,0.409761469456,0
6.4575,0.410815717022,0
6.4575,0.411747434826,0
6.4575,0.412556061634,0
6.4575,0.41324111036,0
6.4575,0.413802168357,0
6.4575,0.414238897663,0
6.4575,0.414551035211,0
6.4575,0.414738392979,0
6.4575,0.414800858111,0
6.51,0,1.68487093687
6.51,6.24651316307e-05,1.68487092791
6.51,0.000249822899863,1.68487076688
6.51,0.000561960447384,1.68486998636
6.51,0.000998689754205,1.68486771447
6.51,0.00155974775092,1.68486263288
6.51,0.00224479647718,1.68485294745
6.51,0.00305342328524,1.68483636663
6.51,0.00398514108855,1.68481008566
6.51,0.00503938865514,1.68477077533
6.51,0.0062155309457,1.68471457476
6.51,0.0075128594961,1.68463708768
6.51,0.00893059284412,1.68453338187
6.51,0.0104678770002,1.68439799156
6.51,0.0121237859619,1.68422492252
6.51,0.0138973222715,1.6840076597
6.51,0.0157874176171,1.68373917724
6.51,0.0177929334759,1.68341195071
6.51,0.0199126618001,1.68301797145
6.51,0.0221453257447,1.68254876283
6.51,0.0244895804365,1.68199539833
6.51,0.0269440137839,1.68134852133
6.51,0.0295071473283,1.68059836642
6.51,0.0321774371336,1.67973478208
6.51,0.0349532747173,1.67874725477
6.51,0.0378329880186,1.67762493408
6.51,0.0408148424058,1.67635665894
6.51,0.0438970417214,1.67493098473
6.51,0.0470777293637,1.67333621123
6.51,0.0503549894054,1.67156041116
6.51,0.0537268477477,1.6695914593
6.51,0.0571912733091,1.66741706211
6.51,0.0607461792493,1.66502478752
6.51,0.0643894242258,1.66240209513
6.51,0.0681188136841,1.65953636638
6.51,0.0719321011795,1.6564149348
6.51,0.07582698973,1.65302511618
6.51,0.0798011332006,1.64935423856
6.51,0.0838521377157,1.64538967204
6.51,0.0879775631017,1.64111885812
6.51,0.0921749243567,1.6365293388
6.51,0.0964416931472,1.6316087851
6.51,0.100775299331,1.62634502509
6.51,0.105173132506,1.62072607129
6.51,0.109632543582,1.6147401474
6.51,0.114150846377,1.6083757144
6.51,0.118725319233,1.60162149578
6.51,0.12335320666,1.59446650203
6.51,0.128031720991,1.58690005423
6.51,0.132758044063,1.5789118068
6.51,0.137529328917,1.57049176927
6.51,0.14234270151,1.56163032713
6.51,0.147195262445,1.55231826159
6.51,0.152084088721,1.54254676843
6.51,0.157006235492,1.53230747569
6.51,0.16195873784,1.52159246032
6.51,0.166938612565,1.51039426364
6.51,0.171942859974,1.49870590575
6.51,0.176968465698,1.48652089864
6.51,0.182012402498,1.47383325819
6.51,0.187071632096,1.46063751482
6.51,0.192143107002,1.44692872295
6.51,0.197223772347,1.43270246909
6.51,0.20231056773,1.41795487852
6.51,0.207400429055,1.40268262067
6.51,0.212490290381,1.38688291292
6.51,0.217577085764,1.37055352291
6.51,0.222657751109,1.35369276928
6.51,0.227729226015,1.33629952069
6.51,0.232788455613,1.31837319305
6.51,0.237832392413,1.2999137449
6.51,0.242857998136,1.28092167072
6.51,0.247862245546,1.26139799212
6.51,0.252842120271,1.24134424661
6.51,0.257794622619,1.2207624738
6.51,0.26271676939,1.19965519886
6.51,0.267605595666,1.17802541268
6.51,0.272458156601,1.15587654864
6.51,0.277271529193,1.13321245535
6.51,0.282042814048,1.11003736494
6.51,0.28676913712,1.08635585615
6.51,0.291447651451,1.06217281148
6.51,0.296075538878,1.03749336742
6.51,0.300650011734,1.01232285646
6.51,0.305168314528,0.986666739557
6.51,0.309627725605,0.960530526928
6.51,0.31402555878,0.933919685058
6.51,0.318359164964,0.90683952675
6.51,0.322625933754,0.879295080485
6.51,0.326823295009,0.851290934133
6.51,0.330948720395,0.822831046624
6.51,0.33499972491,0.793918519179
6.51,0.338973868381,0.76455531491
6.51,0.342868756931,0.7347419118
6.51,0.346682044427,0.704476868568
6.51,0.350411433885,0.673756275121
6.51,0.354054678862,0.642573047774
6.51,0.357609584802,0.610916012183
6.51,0.361074010363,0.578768690582
6.51,0.364445868705,0.546107668444
6.51,0.367723128747,0.512900348581
6.51,0.370903816389,0.479101788357
6.51,0.373986015705,0.444650120188
6.51,0.376967870092,0.409459699211
6.51,0.379847583394,0.373410436586
6.51,0.382623420977,0.336330367929
6.51,0.385293710783,0.297965362271
6.51,0.387856844327,0.2579220808
6.51,0.390311277674,0.215548027275
6.51,0.392655532366,0.169634612044
6.51,0.394888196311,0.117449987817
6.51,0.397007924635,0.0487203554237
6.51,0.399013440494,0
6.51,0.400903535839,0
6.51,0.402677072149,0
6.51,0.404332981111,0
6.51,0.405870265267,0
6.51,0.407287998615,0
6.51,0.408585327165,0
6.51,0.409761469456,0
6.51,0.410815717022,0
6.51,0.411747434826,0
6.51,0.412556061634,0
6.51,0.41324111036,0
6.51,0.413802168357,0
6.51,0.414238897663,0
6.51,0.414551035211,0
6.51,0.414738392979,0
6.51,0.414800858111,0
6.5625,0,1.67604245469
6.5625,6.24651316307e-05,1.6760424456
6.5625,0.000249822899863,1.67604228266
6.5625,0.000561960447384,1.67604149393
6.5625,0.000998689754205,1.67603920032
6.5625,0.00155974775092,1.67603407385
6.5625,0.00224479647718,1.67602430858
6.5625,0.00305342328524,1.67600759923
6.5625,0.00398514108855,1.67598112561
6.5625,0.00503938865514,1.67594154162
6.5625,0.0062155309457,1.67588496826
6.5625,0.0075128594961,1.67580699006
6.5625,0.00893059284412,1.67570265475
6.5625,0.0104678770002,1.67556647585
6.5625,0.0121237859619,1.67539243789
6.5625,0.0138973222715,1.67517400428
6.5625,0.0157874176171,1.67490412742
6.5625,0.0177929334759,1.67457526115
6.5625,0.0199126618001,1.67417937516
6.5625,0.0221453257447,1.67370797144
6.5625,0.0244895804365,1.67315210245
6.5625,0.0269440137839,1.67250239104
6.5625,0.0295071473283,1.67174905181
6.5625,0.0321774371336,1.67088191395
6.5625,0.0349532747173,1.66989044538
6.5625,0.0378329880186,1.66876377792
6.5625,0.0408148424058,1.66749073364
6.5625,0.0438970417214,1.66605985198
6.5625,0.0470777293637,1.6644594177
6.5625,0.0503549894054,1.66267748952
6.5625,0.0537268477477,1.66070192921
6.5625,0.0571912733091,1.65852043119
6.5625,0.0607461792493,1.65612055241
6.5625,0.0643894242258,1.65348974242
6.5625,0.0681188136841,1.65061537361
6.5625,0.0719321011795,1.64748477136
6.5625,0.07582698973,1.64408524422
6.5625,0.0798011332006,1.64040411383
6.5625,0.0838521377157,1.63642874463
6.5625,0.0879775631017,1.63214657321
6.5625,0.0921749243567,1.62754513725
6.5625,0.0964416931472,1.62261210403
6.5625,0.100775299331,1.61733529828
6.5625,0.105173132506,1.61170272955
6.5625,0.109632543582,1.60570261882
6.5625,0.114150846377,1.59932342443
6.5625,0.118725319233,1.59255386722
6.5625,0.12335320666,1.58538295486
6.5625,0.128031720991,1.57780000534
6.5625,0.132758044063,1.5697946695
6.5625,0.137529328917,1.56135695267
6.5625,0.14234270151,1.55247723531
6.5625,0.147195262445,1.54314629263
6.5625,0.152084088721,1.53335531321
6.5625,0.157006235492,1.52309591645
6.5625,0.16195873784,1.51236016902
6.5625,0.166938612565,1.50114060008
6.5625,0.171942859974,1.48943021539
6.5625,0.176968465698,1.47722251018
6.5625,0.182012402498,1.46451148079
6.5625,0.187071632096,1.45129163505
6.5625,0.192143107002,1.43755800133
6.5625,0.197223772347,1.42330613627
6.5625,0.20231056773,1.40853213104
6.5625,0.207400429055,1.39323261621
6.5625,0.212490290381,1.37740476511
6.5625,0.217577085764,1.36104629555
6.5625,0.222657751109,1.34415546991
6.5625,0.227729226015,1.32673109353
6.5625,0.232788455613,1.30877251114
6.5625,0.237832392413,1.29027960141
6.5625,0.242857998136,1.2712527693
6.5625,0.247862245546,1.25169293617
6.5625,0.252842120271,1.23160152736
6.5625,0.257794622619,1.210980457
6.5625,0.26271676939,1.1898321099
6.5625,0.267605595666,1.16815931995
6.5625,0.272458156601,1.14596534481
6.5625,0.277271529193,1.1232538363
6.5625,0.282042814048,1.10002880591
6.5625,0.28676913712,1.07629458471
6.5625,0.291447651451,1.05205577677
6.5625,0.296075538878,1.0273172049
6.5625,0.300650011734,1.00208384751
6.5625,0.305168314528,0.976360764744
6.5625,0.309627725605,0.950153011871
6.5625,0.31402555878,0.923465537194
6.5625,0.318359164964,0.896303061114
6.5625,0.322625933754,0.868669931982
6.5625,0.326823295009,0.840569953115
6.5625,0.330948720395,0.812006173623
6.5625,0.33499972491,0.782980633345
6.5625,0.338973868381,0.753494048958
6.5625,0.342868756931,0.723545423729
6.5625,0.346682044427,0.693131556913
6.5625,0.350411433885,0.662246419338
6.5625,0.354054678862,0.630880347745
6.5625,0.357609584802,0.599018989372
6.5625,0.361074010363,0.566641895544
6.5625,0.364445868705,0.533720610985
6.5625,0.367723128747,0.500216020089
6.5625,0.370903816389,0.466074565855
6.5625,0.373986015705,0.431222698782
6.5625,0.376967870092,0.395558431122
6.5625,0.379847583394,0.358937917894
6.5625,0.382623420977,0.321152955331
6.5625,0.385293710783,0.281890549275
6.5625,0.387856844327,0.240653244389
6.5625,0.390311277674,0.196580245784
6.5625,0.392655532366,0.147955636285
6.5625,0.394888196311,0.0902353123889
6.5625,0.397007924635,0
6.5625,0.399013440494,0
6.5625,0.400903535839,0
6.5625,0.402677072149,0
6.5625,0.404332981111,0
6.5625,0.405870265267,0
6.5625,0.407287998615,0
6.5625,0.408585327165,0
6.5625,0.409761469456,0
6.5625,0.410815717022,0
6.5625,0.411747434826,0
6.5625,0.412556061634,0
6.5625,0.41324111036,0
6.5625,0.413802168357,0
6.5625,0.414238897663,0
6.5625,0.414551035211,0
6.5625,0.414738392979,0
6.5625,0.414800858111,0
6.615,0,1.66698142913
6.615,6.24651316307e-05,1.66698141991
6.615,0.000249822899863,1.66698125485
6.615,0.000561960447384,1.66698045706
6.615,0.000998689754205,1.66697813949
6.615,0.00155974775092,1.66697296357
6.615,0.00224479647718,1.66696311035
6.615,0.00305342328524,1.66694625947
6.615,0.00398514108855,1.6669195738
6.615,0.00503938865514,1.66687968871
6.615,0.0062155309457,1.66682270528
6.615,0.0075128594961,1.66674418698
6.615,0.00893059284412,1.66663915955
6.615,0.0104678770002,1.66650211377
6.615,0.0121237859619,1.66632701089
6.615,0.0138973222715,1.66610729069
6.615,0.0157874176171,1.66583588175
6.615,0.0177929334759,1.66550521406
6.615,0.0199126618001,1.66510723361
6.615,0.0221453257447,1.66463341895
6.615,0.0244895804365,1.66407479951
6.615,0.0269440137839,1.66342197562
6.615,0.0295071473283,1.66266514001
6.615,0.0321774371336,1.66179410076
6.615,0.0349532747173,1.66079830545
6.615,0.0378329880186,1.65966686651
6.615,0.0408148424058,1.65838858754
6.615,0.0438970417214,1.65695199055
6.615,0.0470777293637,1.65534534394
6.615,0.0503549894054,1.65355669113
6.615,0.0537268477477,1.65157387973
6.615,0.0571912733091,1.6493845911
6.615,0.0607461792493,1.64697637025
6.615,0.0643894242258,1.64433665591
6.615,0.0681188136841,1.64145281069
6.615,0.0719321011795,1.63831215131
6.615,0.07582698973,1.6349019786
6.615,0.0798011332006,1.63120960747
6.615,0.0838521377157,1.62722239652
6.615,0.0879775631017,1.62292777731
6.615,0.0921749243567,1.61831328328
6.615,0.0964416931472,1.61336657804
6.615,0.100775299331,1.60807548328
6.615,0.105173132506,1.60242800594
6.615,0.109632543582,1.59641236469
6.615,0.114150846377,1.59001701581
6.615,0.118725319233,1.58323067812
6.615,0.12335320666,1.57604235723
6.615,0.128031720991,1.56844136882
6.615,0.132758044063,1.56041736103
6.615,0.137529328917,1.55196033594
6.615,0.14234270151,1.54306067001
6.615,0.147195262445,1.5337091335
6.615,0.152084088721,1.52389690886
6.615,0.157006235492,1.51361560799
6.615,0.16195873784,1.50285728843
6.615,0.166938612565,1.49161446833
6.615,0.171942859974,1.47988014026
6.615,0.176968465698,1.46764778381
6.615,0.182012402498,1.4549113769
6.615,0.187071632096,1.4416654058
6.615,0.192143107002,1.42790487382
6.615,0.197223772347,1.4136253086
6.615,0.20231056773,1.39882276798
6.615,0.207400429055,1.38349384433
6.615,0.212490290381,1.3676356674
6.615,0.217577085764,1.35124590541
6.615,0.222657751109,1.33432276457
6.615,0.227729226015,1.31686498665
6.615,0.232788455613,1.29887184465
6.615,0.237832392413,1.28034313647
6.615,0.242857998136,1.26127917619
6.615,0.247862245546,1.24168078307
6.615,0.252842120271,1.22154926786
6.615,0.257794622619,1.20088641611
6.615,0.26271676939,1.17969446839
6.615,0.267605595666,1.1579760968
6.615,0.272458156601,1.13573437741
6.615,0.277271529193,1.11297275815
6.615,0.282042814048,1.08969502134
6.615,0.28676913712,1.06590524011
6.615,0.291447651451,1.04160772778
6.615,0.296075538878,1.01680697879
6.615,0.300650011734,0.991507599892
6.615,0.305168314528,0.965714229402
6.615,0.309627725605,0.939431442438
6.615,0.31402555878,0.912663638861
6.615,0.318359164964,0.885414910201
6.615,0.322625933754,0.857688880552
6.615,0.326823295009,0.829488515007
6.615,0.330948720395,0.800815887188
6.615,0.33499972491,0.771671894654
6.615,0.338973868381,0.742055907168
6.615,0.342868756931,0.711965327345
6.615,0.346682044427,0.681395035455
6.615,0.350411433885,0.650336678736
6.615,0.354054678862,0.618777748558
6.615,0.357609584802,0.586700362805
6.615,0.361074010363,0.554079630057
6.615,0.364445868705,0.520881406452
6.615,0.367723128747,0.487059146389
6.615,0.370903816389,0.452549358081
6.615,0.373986015705,0.417264830076
6.615,0.376967870092,0.38108413481
6.615,0.379847583394,0.343834567281
6.615,0.382623420977,0.305262692975
6.615,0.385293710783,0.264979356182
6.615,0.387856844327,0.222345375371
6.615,0.390311277674,0.176193461419
6.615,0.392655532366,0.123950068615
6.615,0.394888196311,0.0566591683307
6.615,0.397007924635,0
6.615,0.399013440494,0
6.615,0.400903535839,0
6.615,0.402677072149,0
6.615,0.404332981111,0
6.615,0.405870265267,0
6.615,0.407287998615,0
6.615,0.408585327165,0
6.615,0.409761469456,0
6.615,0.410815717022,0
6.615,0.411747434826,0
6.615,0.412556061634,0
6.615,0.41324111036,0
6.615,0.413802168357,0
6.615,0.414238897663,0
6.615,0.414551035211,0
6.615,0.414738392979,0
6.615,0.414800858111,0
6.6675,0,1.6576874762
6.6675,6.24651316307e-05,1.65768746683
6.6675,0.000249822899863,1.65768729944
6.6675,0.000561960447384,1.65768649171
6.6675,0.000998689754205,1.6576841479
6.6675,0.00155974775092,1.65767891781
6.6675,0.00224479647718,1.65766896834
6.6675,0.00305342328524,1.65765196266
6.6675,0.00398514108855,1.65762504515
6.6675,0.00503938865514,1.65758483099
6.6675,0.0062155309457,1.65752739954
6.6675,0.0075128594961,1.65744829134
6.6675,0.00893059284412,1.65734250816
6.6675,0.0104678770002,1.65720451603
6.6675,0.0121237859619,1.65702825087
6.6675,0.0138973222715,1.65680712673
6.6675,0.0157874176171,1.65653404628
6.6675,0.0177929334759,1.65620141358
6.6675,0.0199126618001,1.65580114882
6.6675,0.0221453257447,1.65532470507
6.6675,0.0244895804365,1.65476308673
6.6675,0.0269440137839,1.65410686968
6.6675,0.0295071473283,1.65334622288
6.6675,0.0321774371336,1.65247093147
6.6675,0.0349532747173,1.65147042097
6.6675,0.0378329880186,1.65033378276
6.6675,0.0408148424058,1.64904980043
6.6675,0.0438970417214,1.64760697711
6.6675,0.0470777293637,1.64599356347
6.6675,0.0503549894054,1.64419758642
6.6675,0.0537268477477,1.64220687825
6.6675,0.0571912733091,1.64000910627
6.6675,0.0607461792493,1.63759180265
6.6675,0.0643894242258,1.63494239453
6.6675,0.0681188136841,1.63204823412
6.6675,0.0719321011795,1.62889662889
6.6675,0.07582698973,1.6254748716
6.6675,0.0798011332006,1.62177027012
6.6675,0.0838521377157,1.61777017705
6.6675,0.0879775631017,1.61346201887
6.6675,0.0921749243567,1.6088333248
6.6675,0.0964416931472,1.60387175502
6.6675,0.100775299331,1.59856512843
6.6675,0.105173132506,1.59290144973
6.6675,0.109632543582,1.58686893581
6.6675,0.114150846377,1.58045604144
6.6675,0.118725319233,1.57365148413
6.6675,0.12335320666,1.56644426815
6.6675,0.128031720991,1.55882370771
6.6675,0.132758044063,1.55077944919
6.6675,0.137529328917,1.54230149236
6.6675,0.14234270151,1.53338021071
6.6675,0.147195262445,1.52400637062
6.6675,0.152084088721,1.51417114952
6.6675,0.157006235492,1.50386615297
6.6675,0.16195873784,1.49308343051
6.6675,0.166938612565,1.48181549043
6.6675,0.171942859974,1.47005531328
6.6675,0.176968465698,1.45779636412
6.6675,0.182012402498,1.44503260353
6.6675,0.187071632096,1.43175849724
6.6675,0.192143107002,1.41796902445
6.6675,0.197223772347,1.40365968468
6.6675,0.20231056773,1.38882650314
6.6675,0.207400429055,1.3734660346
6.6675,0.212490290381,1.35757536561
6.6675,0.217577085764,1.34115211504
6.6675,0.222657751109,1.32419443285
6.6675,0.227729226015,1.3067009969
6.6675,0.232788455613,1.2886710078
6.6675,0.237832392413,1.27010418157
6.6675,0.242857998136,1.2510007399
6.6675,0.247862245546,1.2313613979
6.6675,0.252842120271,1.21118734902
6.6675,0.257794622619,1.19048024684
6.6675,0.26271676939,1.16924218345
6.6675,0.267605595666,1.14747566396
6.6675,0.272458156601,1.12518357652
6.6675,0.277271529193,1.10236915748
6.6675,0.282042814048,1.07903595075
6.6675,0.28676913712,1.05518776044
6.6675,0.291447651451,1.03082859584
6.6675,0.296075538878,1.00596260717
6.6675,0.300650011734,0.98059401047
6.6675,0.305168314528,0.954726999505
6.6675,0.309627725605,0.928365641913
6.6675,0.31402555878,0.901513756241
6.6675,0.318359164964,0.874174765433
6.6675,0.322625933754,0.846351521132
6.6675,0.326823295009,0.81804609141
6.6675,0.330948720395,0.789259502195
6.6675,0.33499972491,0.759991419441
6.6675,0.338973868381,0.730239754541
6.6675,0.342868756931,0.700000169021
6.6675,0.346682044427,0.669265445224
6.6675,0.350411433885,0.638024675863
6.6675,0.354054678862,0.606262204512
6.6675,0.357609584802,0.573956216942
6.6675,0.361074010363,0.541076832127
6.6675,0.364445868705,0.507583458164
6.6675,0.367723128747,0.473421036481
6.6675,0.370903816389,0.438514546944
6.6675,0.373986015705,0.402760680879
6.6675,0.376967870092,0.366014672576
6.6675,0.379847583394,0.328068342287
6.6675,0.382623420977,0.288610921764
6.6675,0.385293710783,0.247152578284
6.6675,0.387856844327,0.202854966177
6.6675,0.390311277674,0.154075103606
6.6675,0.392655532366,0.0966134621581
6.6675,0.394888196311,0
6.6675,0.397007924635,0
6.6675,0.399013440494,0
6.6675,0.400903535839,0
6.6675,0.402677072149,0
6.6675,0.404332981111,0
6.6675,0.405870265267,0
6.6675,0.407287998615,0
6.6675,0.408585327165,0
6.6675,0.409761469456,0
6.6675,0.410815717022,0
6.6675,0.411747434826,0
6.6675,0.412556061634,0
6.6675,0.41324111036,0
6.6675,0.413802168357,0
6.6675,0.414238897663,0
6.6675,0.414551035211,0
6.6675,0.414738392979,0
6.6675,0.414800858111,0
6.72,0,1.64816018254
6.72,6.24651316307e-05,1.648160173
6.72,0.000249822899863,1.64816000307
6.72,0.000561960447384,1.6481591845
6.72,0.000998689754205,1.64815681207
6.72,0.00155974775092,1.648151523
6.72,0.00224479647718,1.64814146877
6.72,0.00305342328524,1.64812429469
6.72,0.00398514108855,1.64809712514
6.72,0.00503938865514,1.64805655335
6.72,0.0062155309457,1.6479986352
6.72,0.0075128594961,1.64791888637
6.72,0.00893059284412,1.64781228272
6.72,0.0104678770002,1.64767326348
6.72,0.0121237859619,1.64749573718
6.72,0.0138973222715,1.64727309004
6.72,0.0157874176171,1.64699819673
6.72,0.0177929334759,1.64666343328
6.72,0.0199126618001,1.64626069204
6.72,0.0221453257447,1.64578139853
6.72,0.0244895804365,1.64521653015
6.72,0.0269440137839,1.64455663637
6.72,0.0295071473283,1.64379186053
6.72,0.0321774371336,1.64291196302
6.72,0.0349532747173,1.6419063456
6.72,0.0378329880186,1.64076407696
6.72,0.0408148424058,1.63947391917
6.72,0.0438970417214,1.63802435504
6.72,0.0470777293637,1.63640361621
6.72,0.0503549894054,1.63459971183
6.72,0.0537268477477,1.63260045783
6.72,0.0571912733091,1.63039350648
6.72,0.0607461792493,1.62796637625
6.72,0.0643894242258,1.62530648195
6.72,0.0681188136841,1.62240116479
6.72,0.0719321011795,1.6192377225
6.72,0.07582698973,1.61580343939
6.72,0.0798011332006,1.61208561605
6.72,0.0838521377157,1.60807159894
6.72,0.0879775631017,1.60374880946
6.72,0.0921749243567,1.59910477272
6.72,0.0964416931472,1.59412714568
6.72,0.100775299331,1.58880374476
6.72,0.105173132506,1.58312257286
6.72,0.109632543582,1.5770718456
6.72,0.114150846377,1.57064001688
6.72,0.118725319233,1.56381580356
6.72,0.12335320666,1.55658820941
6.72,0.128031720991,1.54894654802
6.72,0.132758044063,1.54088046493
6.72,0.137529328917,1.53237995862
6.72,0.14234270151,1.52343540063
6.72,0.147195262445,1.51403755456
6.72,0.152084088721,1.50417759397
6.72,0.157006235492,1.49384711919
6.72,0.16195873784,1.48303817294
6.72,0.166938612565,1.47174325482
6.72,0.171942859974,1.45995533448
6.72,0.176968465698,1.44766786357
6.72,0.182012402498,1.43487478641
6.72,0.187071632096,1.42157054921
6.72,0.192143107002,1.40775010796
6.72,0.197223772347,1.39340893487
6.72,0.20231056773,1.37854302322
6.72,0.207400429055,1.36314889069
6.72,0.212490290381,1.34722358099
6.72,0.217577085764,1.33076466374
6.72,0.222657751109,1.31377023247
6.72,0.227729226015,1.2962389007
6.72,0.232788455613,1.27816979583
6.72,0.237832392413,1.25956255074
6.72,0.242857998136,1.24041729302
6.72,0.247862245546,1.22073463131
6.72,0.252842120271,1.20051563882
6.72,0.257794622619,1.17976183344
6.72,0.26271676939,1.15847515419
6.72,0.267605595666,1.1366579335
6.72,0.272458156601,1.11431286475
6.72,0.277271529193,1.09144296443
6.72,0.282042814048,1.06805152803
6.72,0.28676913712,1.04414207868
6.72,0.291447651451,1.01971830731
6.72,0.296075538878,0.994784002727
6.72,0.300650011734,0.969342969736
6.72,0.305168314528,0.943398932855
6.72,0.309627725605,0.916955422602
6.72,0.31402555878,0.890015640436
6.72,0.318359164964,0.862582297398
6.72,0.322625933754,0.83465741996
6.72,0.326823295009,0.80624211462
6.72,0.330948720395,0.777336280042
6.72,0.33499972491,0.747938251705
6.72,0.338973868381,0.718044358657
6.72,0.342868756931,0.68764836426
6.72,0.346682044427,0.656740751526
6.72,0.350411433885,0.625307796877
6.72,0.354054678862,0.593330350521
6.72,0.357609584802,0.56078220167
6.72,0.361074010363,0.527627842376
6.72,0.364445868705,0.493819336703
6.72,0.367723128747,0.459291816924
6.72,0.370903816389,0.423956794293
6.72,0.373986015705,0.387691835538
6.72,0.376967870092,0.3503238642
6.72,0.379847583394,0.311600506468
6.72,0.382623420977,0.2711369972
6.72,0.385293710783,0.228306960009
6.72,0.387856844327,0.181980757845
6.72,0.390311277674,0.129721134412
6.72,0.392655532366,0.0635520215608
6.72,0.394888196311,0
6.72,0.397007924635,0
6.72,0.399013440494,0
6.72,0.400903535839,0
6.72,0.402677072149,0
6.72,0.404332981111,0
6.72,0.405870265267,0
6.72,0.407287998615,0
6.72,0.408585327165,0
6.72,0.409761469456,0
6.72,0.410815717022,0
6.72,0.411747434826,0
6.72,0.412556061634,0
6.72,0.41324111036,0
6.72,0.413802168357,0
6.72,0.414238897663,0
6.72,0.414551035211,0
6.72,0.414738392979,0
6.72,0.414800858111,0
6.7725,0,1.63839910348
6.7725,6.24651316307e-05,1.63839909375
6.7725,0.000249822899863,1.63839892107
6.7725,0.000561960447384,1.6383980907
6.7725,0.000998689754205,1.63839568722
6.7725,0.00155974775092,1.63839033419
6.7725,0.00224479647718,1.63838016648
6.7725,0.00305342328524,1.63836281008
6.7725,0.00398514108855,1.63833536778
6.7725,0.00503938865514,1.63829440919
6.7725,0.0062155309457,1.63823596485
6.7725,0.0075128594961,1.63815552369
6.7725,0.00893059284412,1.63804803365
6.7725,0.0104678770002,1.63790790512
6.7725,0.0121237859619,1.63772901718
6.7725,0.0138973222715,1.63750472613
6.7725,0.0157874176171,1.63722787652
6.7725,0.0177929334759,1.63689081428
6.7725,0.0199126618001,1.63648540182
6.7725,0.0221453257447,1.63600303514
6.7725,0.0244895804365,1.63543466261
6.7725,0.0269440137839,1.63477080539
6.7725,0.0295071473283,1.63400157936
6.7725,0.0321774371336,1.63311671835
6.7725,0.0349532747173,1.63210559869
6.7725,0.0378329880186,1.63095726479
6.7725,0.0408148424058,1.62966045568
6.7725,0.0438970417214,1.62820363247
6.7725,0.0470777293637,1.62657500646
6.7725,0.0503549894054,1.62476256792
6.7725,0.0537268477477,1.62275411533
6.7725,0.0571912733091,1.62053728497
6.7725,0.0607461792493,1.61809958083
6.7725,0.0643894242258,1.61542840467
6.7725,0.0681188136841,1.61251108612
6.7725,0.0719321011795,1.60933491277
6.7725,0.07582698973,1.6058871601
6.7725,0.0798011332006,1.60215512125
6.7725,0.0838521377157,1.59812613645
6.7725,0.0879775631017,1.59378762204
6.7725,0.0921749243567,1.58912709918
6.7725,0.0964416931472,1.58413222183
6.7725,0.100775299331,1.57879080433
6.7725,0.105173132506,1.57309084823
6.7725,0.109632543582,1.56702056846
6.7725,0.114150846377,1.56056841867
6.7725,0.118725319233,1.55372311586
6.7725,0.12335320666,1.54647366408
6.7725,0.128031720991,1.53880937723
6.7725,0.132758044063,1.53071990094
6.7725,0.137529328917,1.52219523345
6.7725,0.14234270151,1.51322574543
6.7725,0.147195262445,1.5038021988
6.7725,0.152084088721,1.49391576437
6.7725,0.157006235492,1.48355803842
6.7725,0.16195873784,1.47272105803
6.7725,0.166938612565,1.46139731526
6.7725,0.171942859974,1.44957977002
6.7725,0.176968465698,1.43726186166
6.7725,0.182012402498,1.42443751927
6.7725,0.187071632096,1.41110117053
6.7725,0.192143107002,1.39724774913
6.7725,0.197223772347,1.38287270073
6.7725,0.20231056773,1.36797198734
6.7725,0.207400429055,1.35254208999
6.7725,0.212490290381,1.33658000983
6.7725,0.217577085764,1.32008326723
6.7725,0.222657751109,1.30304989907
6.7725,0.227729226015,1.28547845391
6.7725,0.232788455613,1.26736798495
6.7725,0.237832392413,1.24871804056
6.7725,0.242857998136,1.22952865225
6.7725,0.247862245546,1.20980031967
6.7725,0.252842120271,1.18953399254
6.7725,0.257794622619,1.168731049
6.7725,0.26271676939,1.14739326996
6.7725,0.267605595666,1.12552280908
6.7725,0.272458156601,1.10312215753
6.7725,0.277271529193,1.08019410294
6.7725,0.282042814048,1.05674168162
6.7725,0.28676913712,1.03276812278
6.7725,0.291447651451,1.00827678348
6.7725,0.296075538878,0.983271072555
6.7725,0.300650011734,0.95775436129
6.7725,0.305168314528,0.931729878208
6.7725,0.309627725605,0.905200584463
6.7725,0.31402555878,0.878169025457
6.7725,0.318359164964,0.850637152994
6.7725,0.322625933754,0.822606110579
6.7725,0.326823295009,0.79407597213
6.7725,0.330948720395,0.765045421152
6.7725,0.33499972491,0.735511352928
6.7725,0.338973868381,0.705468375868
6.7725,0.342868756931,0.674908178911
6.7725,0.346682044427,0.643818718246
6.7725,0.350411433885,0.612183156091
6.7725,0.354054678862,0.579978452634
6.7725,0.357609584802,0.547173462167
6.7725,0.361074010363,0.513726302665
6.7725,0.364445868705,0.479580629788
6.7725,0.367723128747,0.444660202652
6.7725,0.370903816389,0.408860678424
6.7725,0.373986015705,0.372036690805
6.7725,0.376967870092,0.33398041429
6.7725,0.379847583394,0.294383562235
6.7725,0.382623420977,0.252763816058
6.7725,0.385293710783,0.208303714113
6.7725,0.387856844327,0.159424909017
6.7725,0.390311277674,0.102212253511
6.7725,0.392655532366,0.0116653683205
6.7725,0.394888196311,0
6.7725,0.397007924635,0
6.7725,0.399013440494,0
6.7725,0.400903535839,0
6.7725,0.402677072149,0
6.7725,0.404332981111,0
6.7725,0.405870265267,0
6.7725,0.407287998615,0
6.7725,0.408585327165,0
6.7725,0.409761469456,0
6.7725,0.410815717022,0
6.7725,0.411747434826,0
6.7725,0.412556061634,0
6.7725,0.41324111036,0
6.7725,0.413802168357,0
6.7725,0.414238897663,0
6.7725,0.414551035211,0
6.7725,0.414738392979,0
6.7725,0.414800858111,0
6.825,0,1.62840376093
6.825,6.24651316307e-05,1.628403751
6.825,0.000249822899863,1.62840357532
6.825,0.000561960447384,1.6284027322
6.825,0.000998689754205,1.62840029514
6.825,0.00155974775092,1.62839487304
6.825,0.00224479647718,1.62838458285
6.825,0.00305342328524,1.62836702984
6.825,0.00398514108855,1.62833929358
6.825,0.00503938865514,1.62829791832
6.825,0.0062155309457,1.62823890744
6.825,0.0075128594961,1.62815772116
6.825,0.00893059284412,1.6280492775
6.825,0.0104678770002,1.62790795599
6.825,0.0121237859619,1.62772760413
6.825,0.0138973222715,1.62750154623
6.825,0.0157874176171,1.62722259462
6.825,0.0177929334759,1.62688306303
6.825,0.0199126618001,1.62647478188
6.825,0.0221453257447,1.62598911563
6.825,0.0244895804365,1.62541698164
6.825,0.0269440137839,1.62474887088
6.825,0.0295071473283,1.62397486989
6.825,0.0321774371336,1.62308468424
6.825,0.0349532747173,1.62206766315
6.825,0.0378329880186,1.62091282516
6.825,0.0408148424058,1.6196088848
6.825,0.0438970417214,1.61814428013
6.825,0.0470777293637,1.61650720086
6.825,0.0503549894054,1.61468561723
6.825,0.0537268477477,1.61266730925
6.825,0.0571912733091,1.61043989633
6.825,0.0607461792493,1.6079908672
6.825,0.0643894242258,1.60530760993
6.825,0.0681188136841,1.60237744204
6.825,0.0719321011795,1.59918764056
6.825,0.07582698973,1.59572547189
6.825,0.0798011332006,1.59197822153
6.825,0.0838521377157,1.58793322345
6.825,0.0879775631017,1.58357788903
6.825,0.0921749243567,1.57889973562
6.825,0.0964416931472,1.57388641453
6.825,0.100775299331,1.56852573841
6.825,0.105173132506,1.56280570797
6.825,0.109632543582,1.55671453803
6.825,0.114150846377,1.55024068272
6.825,0.118725319233,1.54337285995
6.825,0.12335320666,1.53610007492
6.825,0.128031720991,1.52841164275
6.825,0.132758044063,1.5202972102
6.825,0.137529328917,1.51174677626
6.825,0.14234270151,1.50275071186
6.825,0.147195262445,1.49329977838
6.825,0.152084088721,1.48338514504
6.825,0.157006235492,1.47299840525
6.825,0.16195873784,1.46213159164
6.825,0.166938612565,1.45077718987
6.825,0.171942859974,1.43892815126
6.825,0.176968465698,1.42657790398
6.825,0.182012402498,1.41372036293
6.825,0.187071632096,1.40034993822
6.825,0.192143107002,1.3864615421
6.825,0.197223772347,1.37205059444
6.825,0.20231056773,1.35711302652
6.825,0.207400429055,1.34164528317
6.825,0.212490290381,1.32564432312
6.825,0.217577085764,1.30910761744
6.825,0.222657751109,1.29203314599
6.825,0.227729226015,1.27441939165
6.825,0.232788455613,1.25626533229
6.825,0.237832392413,1.23757043015
6.825,0.242857998136,1.21833461849
6.825,0.247862245546,1.19855828518
6.825,0.252842120271,1.1782422529
6.825,0.257794622619,1.15738775559
6.825,0.26271676939,1.13599641063
6.825,0.267605595666,1.11407018624
6.825,0.272458156601,1.09161136333
6.825,0.277271529193,1.06862249099
6.825,0.282042814048,1.04510633469
6.825,0.28676913712,1.02106581572
6.825,0.291447651451,0.996503940519
6.825,0.296075538878,0.971423717816
6.825,0.300650011734,0.945828061239
6.825,0.305168314528,0.919719674245
6.825,0.309627725605,0.893100913532
6.825,0.31402555878,0.865973625905
6.825,0.318359164964,0.838338952122
6.825,0.322625933754,0.810197089245
6.825,0.326823295009,0.781547000317
6.825,0.330948720395,0.752386056353
6.825,0.33499972491,0.722709590346
6.825,0.338973868381,0.692510335322
6.825,0.342868756931,0.661777707347
6.825,0.346682044427,0.63049687784
6.825,0.350411433885,0.598647554314
6.825,0.354054678862,0.566202349416
6.825,0.357609584802,0.533124555005
6.825,0.361074010363,0.499365033434
6.825,0.364445868705,0.464857758047
6.825,0.367723128747,0.429513210796
6.825,0.370903816389,0.39320823025
6.825,0.373986015705,0.355769661987
6.825,0.376967870092,0.316946453027
6.825,0.379847583394,0.276358296071
6.825,0.382623420977,0.233390951678
6.825,0.385293710783,0.18694884349
6.825,0.387856844327,0.134711877059
6.825,0.390311277674,0.069453388203
6.825,0.392655532366,0
6.825,0.394888196311,0
6.825,0.397007924635,0
6.825,0.399013440494,0
6.825,0.400903535839,0
6.825,0.402677072149,0
6.825,0.404332981111,0
6.825,0.405870265267,0
6.825,0.407287998615,0
6.825,0.408585327165,0
6.825,0.409761469456,0
6.825,0.410815717022,0
6.825,0.411747434826,0
6.825,0.412556061634,0
6.825,0.41324111036,0
6.825,0.413802168357,0
6.825,0.414238897663,0
6.825,0.414551035211,0
6.825,0.414738392979,0
6.825,0.414800858111,0
6.8775,0,1.61817364115
6.8775,6.24651316307e-05,1.618173631
6.8775,0.000249822899863,1.61817345207
6.8775,0.000561960447384,1.61817259518
6.8775,0.000998689754205,1.61817012194
6.8775,0.00155974775092,1.61816462548
6.8775,0.00224479647718,1.61815420356
6.8775,0.00305342328524,1.61813643924
6.8775,0.00398514108855,1.61810838725
6.8775,0.00503938865514,1.61806656472
6.8775,0.0062155309457,1.61800694599
6.8775,0.0075128594961,1.61792496064
6.8775,0.00893059284412,1.61781549474
6.8775,0.0104678770002,1.61767289489
6.8775,0.0121237859619,1.61749097493
6.8775,0.0138973222715,1.61726302506
6.8775,0.0157874176171,1.6169818233
6.8775,0.0177929334759,1.61663964909
6.8775,0.0199126618001,1.61622829882
6.8775,0.0221453257447,1.61573910337
6.8775,0.0244895804365,1.61516294718
6.8775,0.0269440137839,1.6144902891
6.8775,0.0295071473283,1.61371118455
6.8775,0.0321774371336,1.61281530909
6.8775,0.0349532747173,1.61179198319
6.8775,0.0378329880186,1.61063019798
6.8775,0.0408148424058,1.60931864208
6.8775,0.0438970417214,1.60784572913
6.8775,0.0470777293637,1.60619962608
6.8775,0.0503549894054,1.60436828203
6.8775,0.0537268477477,1.60233945754
6.8775,0.0571912733091,1.60010075431
6.8775,0.0607461792493,1.59763964506
6.8775,0.0643894242258,1.59494350358
6.8775,0.0681188136841,1.59199963481
6.8775,0.0719321011795,1.58879530485
6.8775,0.07582698973,1.58531777079
6.8775,0.0798011332006,1.58155431039
6.8775,0.0838521377157,1.57749225136
6.8775,0.0879775631017,1.57311900024
6.8775,0.0921749243567,1.56842207083
6.8775,0.0964416931472,1.56338911213
6.8775,0.100775299331,1.55800793554
6.8775,0.105173132506,1.5522665415
6.8775,0.109632543582,1.54615314536
6.8775,0.114150846377,1.53965620249
6.8775,0.118725319233,1.53276443252
6.8775,0.12335320666,1.52546684268
6.8775,0.128031720991,1.51775275032
6.8775,0.132758044063,1.50961180431
6.8775,0.137529328917,1.50103400554
6.8775,0.14234270151,1.49200972628
6.8775,0.147195262445,1.48252972853
6.8775,0.152084088721,1.47258518114
6.8775,0.157006235492,1.46216767582
6.8775,0.16195873784,1.45126924192
6.8775,0.166938612565,1.43988235993
6.8775,0.171942859974,1.42799997369
6.8775,0.176968465698,1.41561550128
6.8775,0.182012402498,1.40272284447
6.8775,0.187071632096,1.38931639672
6.8775,0.192143107002,1.37539104968
6.8775,0.197223772347,1.36094219812
6.8775,0.20231056773,1.34596574312
6.8775,0.207400429055,1.33045809366
6.8775,0.212490290381,1.31441616615
6.8775,0.217577085764,1.2978373822
6.8775,0.222657751109,1.28071966412
6.8775,0.227729226015,1.26306142826
6.8775,0.232788455613,1.24486157587
6.8775,0.237832392413,1.22611948124
6.8775,0.242857998136,1.20683497699
6.8775,0.247862245546,1.18700833611
6.8775,0.252842120271,1.16664025035
6.8775,0.257794622619,1.14573180464
6.8775,0.26271676939,1.1242844469
6.8775,0.267605595666,1.10229995272
6.8775,0.272458156601,1.07978038403
6.8775,0.277271529193,1.05672804091
6.8775,0.282042814048,1.03314540535
6.8775,0.28676913712,1.00903507561
6.8775,0.291447651451,0.984399689336
6.8775,0.296075538878,0.959241833374
6.8775,0.300650011734,0.933563937462
6.8775,0.305168314528,0.907368148372
6.8775,0.309627725605,0.880656180084
6.8775,0.31402555878,0.853429134298
6.8775,0.318359164964,0.825687283899
6.8775,0.322625933754,0.797429809642
6.8775,0.326823295009,0.768654477164
6.8775,0.330948720395,0.739357236925
6.8775,0.33499972491,0.709531723366
6.8775,0.338973868381,0.679168620415
6.8775,0.342868756931,0.648254847016
6.8775,0.346682044427,0.616772496138
6.8775,0.350411433885,0.584697429623
6.8775,0.354054678862,0.551997382096
6.8775,0.357609584802,0.518629347158
6.8775,0.361074010363,0.484535884155
6.8775,0.364445868705,0.449639746904
6.8775,0.367723128747,0.413835799466
6.8775,0.370903816389,0.376978333429
6.8775,0.373986015705,0.338860123505
6.8775,0.376967870092,0.299175505511
6.8775,0.379847583394,0.257449420061
6.8775,0.382623420977,0.212883613402
6.8775,0.385293710783,0.163956656778
6.8775,0.387856844327,0.106988697657
6.8775,0.390311277674,0.0225142893662
6.8775,0.392655532366,0
6.8775,0.394888196311,0
6.8775,0.397007924635,0
6.8775,0.399013440494,0
6.8775,0.400903535839,0
6.8775,0.402677072149,0
6.8775,0.404332981111,0
6.8775,0.405870265267,0
6.8775,0.407287998615,0
6.8775,0.408585327165,0
6.8775,0.409761469456,0
6.8775,0.410815717022,0
6.8775,0.411747434826,0
6.8775,0.412556061634,0
6.8775,0.41324111036,0
6.8775,0.413802168357,0
6.8775,0.414238897663,0
6.8775,0.414551035211,0
6.8775,0.414738392979,0
6.8775,0.414800858111,0
6.93,0,1.60770819233
6.93,6.24651316307e-05,1.60770818194
6.93,0.000249822899863,1.60770799952
6.93,0.000561960447384,1.6077071278
6.93,0.000998689754205,1.60770461567
6.93,0.00155974775092,1.60769903938
6.93,0.00224479647718,1.60768847618
6.93,0.00305342328524,1.60767048543
6.93,0.00398514108855,1.60764209533
6.93,0.00503938865514,1.60759979413
6.93,0.0062155309457,1.60753952524
6.93,0.0075128594961,1.6074566856
6.93,0.00893059284412,1.60734612733
6.93,0.0104678770002,1.60720216201
6.93,0.0121237859619,1.6070185677
6.93,0.0138973222715,1.60678859841
6.93,0.0157874176171,1.60650499572
6.93,0.0177929334759,1.60616000271
6.93,0.0199126618001,1.60574537971
6.93,0.0221453257447,1.60525242199
6.93,0.0244895804365,1.60467197916
6.93,0.0269440137839,1.60399447606
6.93,0.0295071473283,1.60320993521
6.93,0.0321774371336,1.60230800045
6.93,0.0349532747173,1.60127796188
6.93,0.0378329880186,1.60010878175
6.93,0.0408148424058,1.59878912133
6.93,0.0438970417214,1.59730736859
6.93,0.0470777293637,1.5956516665
6.93,0.0503549894054,1.59380994199
6.93,0.0537268477477,1.59176993525
6.93,0.0571912733091,1.58951922945
6.93,0.0607461792493,1.58704528064
6.93,0.0643894242258,1.58433544776
6.93,0.0681188136841,1.58137702274
6.93,0.0719321011795,1.57815726044
6.93,0.07582698973,1.57466340848
6.93,0.0798011332006,1.57088273682
6.93,0.0838521377157,1.56680256696
6.93,0.0879775631017,1.56241030077
6.93,0.0921749243567,1.55769344883
6.93,0.0964416931472,1.55263965818
6.93,0.100775299331,1.5472367395
6.93,0.105173132506,1.54147269356
6.93,0.109632543582,1.53533573697
6.93,0.114150846377,1.52881432708
6.93,0.118725319233,1.52189718611
6.93,0.12335320666,1.5145733243
6.93,0.128031720991,1.5068320622
6.93,0.132758044063,1.4986630519
6.93,0.137529328917,1.49005629727
6.93,0.14234270151,1.4810021731
6.93,0.147195262445,1.4714914432
6.93,0.152084088721,1.46151527724
6.93,0.157006235492,1.45106526646
6.93,0.16195873784,1.44013343813
6.93,0.166938612565,1.42871226874
6.93,0.171942859974,1.41679469583
6.93,0.176968465698,1.40437412846
6.93,0.182012402498,1.39144445629
6.93,0.187071632096,1.37800005704
6.93,0.192143107002,1.36403580258
6.93,0.197223772347,1.34954706321
6.93,0.20231056773,1.33452971032
6.93,0.207400429055,1.31898011726
6.93,0.212490290381,1.30289515818
6.93,0.217577085764,1.28627220491
6.93,0.222657751109,1.26910912164
6.93,0.227729226015,1.25140425715
6.93,0.232788455613,1.23315643456
6.93,0.237832392413,1.21436493821
6.93,0.242857998136,1.19502949744
6.93,0.247862245546,1.17515026694
6.93,0.252842120271,1.15472780329
6.93,0.257794622619,1.13376303716
6.93,0.26271676939,1.1122572406
6.93,0.267605595666,1.09021198877
6.93,0.272458156601,1.0676291152
6.93,0.277271529193,1.04451065957
6.93,0.282042814048,1.02085880679
6.93,0.28676913712,0.996675815671
6.93,0.291447651451,0.971963935418
6.93,0.296075538878,0.946725307324
6.93,0.300650011734,0.92096184874
6.93,0.305168314528,0.894675115305
6.93,0.309627725605,0.867866136492
6.93,0.31402555878,0.840535217956
6.93,0.318359164964,0.812681702258
6.93,0.322625933754,0.784303676768
6.93,0.326823295009,0.755397613845
6.93,0.330948720395,0.725957923077
6.93,0.33499972491,0.695976387803
6.93,0.338973868381,0.665441447172
6.93,0.342868756931,0.634337268615
6.93,0.346682044427,0.602642530851
6.93,0.350411433885,0.570328798909
6.93,0.354054678862,0.537358310844
6.93,0.357609584802,0.503680893548
6.93,0.361074010363,0.469229549499
6.93,0.364445868705,0.433913941318
6.93,0.367723128747,0.397610406237
6.93,0.370903816389,0.360145936698
6.93,0.373986015705,0.321270967025
6.93,0.376967870092,0.280609590212
6.93,0.379847583394,0.237558895009
6.93,0.382623420977,0.19105380884
6.93,0.385293710783,0.138874451184
6.93,0.387856844327,0.0743761960601
6.93,0.390311277674,0
6.93,0.392655532366,0
6.93,0.394888196311,0
6.93,0.397007924635,0
6.93,0.399013440494,0
6.93,0.400903535839,0
6.93,0.402677072149,0
6.93,0.404332981111,0
6.93,0.405870265267,0
6.93,0.407287998615,0
6.93,0.408585327165,0
6.93,0.409761469456,0
6.93,0.410815717022,0
6.93,0.411747434826,0
6.93,0.412556061634,0
6.93,0.41324111036,0
6.93,0.413802168357,0
6.93,0.414238897663,0
6.93,0.414551035211,0
6.93,0.414738392979,0
6.93,0.414800858111,0
6.9825,0,1.59700682207
6.9825,6.24651316307e-05,1.59700681143
6.9825,0.000249822899863,1.59700662524
6.9825,0.000561960447384,1.5970057376
6.9825,0.000998689754205,1.59700318376
6.9825,0.00155974775092,1.59699752199
6.9825,0.00224479647718,1.59698680766
6.9825,0.00305342328524,1.59696857487
6.9825,0.00398514108855,1.59693982363
6.9825,0.00503938865514,1.59689701151
6.9825,0.0062155309457,1.59683604903
6.9825,0.0075128594961,1.59675229856
6.9825,0.00893059284412,1.59664057616
6.9825,0.0104678770002,1.59649515631
6.9825,0.0121237859619,1.59630977922
6.9825,0.0138973222715,1.59607766054
6.9825,0.0157874176171,1.59579150335
6.9825,0.0177929334759,1.59544351226
6.9825,0.0199126618001,1.5950254095
6.9825,0.0221453257447,1.59452845278
6.9825,0.0244895804365,1.59394345491
6.9825,0.0269440137839,1.59326080492
6.9825,0.0295071473283,1.59247049061
6.9825,0.0321774371336,1.59156212247
6.9825,0.0349532747173,1.59052495864
6.9825,0.0378329880186,1.58934793099
6.9825,0.0408148424058,1.5880196721
6.9825,0.0438970417214,1.586528543
6.9825,0.0470777293637,1.58486266159
6.9825,0.0503549894054,1.58300993159
6.9825,0.0537268477477,1.58095807197
6.9825,0.0571912733091,1.57869464659
6.9825,0.0607461792493,1.57620709419
6.9825,0.0643894242258,1.57348275839
6.9825,0.0681188136841,1.57050891771
6.9825,0.0719321011795,1.56727281554
6.9825,0.07582698973,1.56376168989
6.9825,0.0798011332006,1.55996280292
6.9825,0.0838521377157,1.55586347004
6.9825,0.0879775631017,1.5514510887
6.9825,0.0921749243567,1.54671316656
6.9825,0.0964416931472,1.54163734921
6.9825,0.100775299331,1.53621144714
6.9825,0.105173132506,1.53042346211
6.9825,0.109632543582,1.52426161272
6.9825,0.114150846377,1.51771435917
6.9825,0.118725319233,1.51077042718
6.9825,0.12335320666,1.50341883099
6.9825,0.128031720991,1.49564889538
6.9825,0.132758044063,1.48745027679
6.9825,0.137529328917,1.4788129832
6.9825,0.14234270151,1.46972739315
6.9825,0.147195262445,1.46018427346
6.9825,0.152084088721,1.45017479584
6.9825,0.157006235492,1.43969055229
6.9825,0.16195873784,1.42872356926
6.9825,0.166938612565,1.41726632039
6.9825,0.171942859974,1.40531173809
6.9825,0.176968465698,1.39285322349
6.9825,0.182012402498,1.37988465512
6.9825,0.187071632096,1.36640039589
6.9825,0.192143107002,1.35239529862
6.9825,0.197223772347,1.33786470978
6.9825,0.20231056773,1.32280447147
6.9825,0.207400429055,1.30721092161
6.9825,0.212490290381,1.291080892
6.9825,0.217577085764,1.27441170432
6.9825,0.222657751109,1.25720116386
6.9825,0.227729226015,1.23944755067
6.9825,0.232788455613,1.22114960808
6.9825,0.237832392413,1.20230652819
6.9825,0.242857998136,1.18291793412
6.9825,0.247862245546,1.16298385859
6.9825,0.252842120271,1.14250471835
6.9825,0.257794622619,1.12148128412
6.9825,0.26271676939,1.09991464509
6.9825,0.267605595666,1.07780616755
6.9825,0.272458156601,1.05515744641
6.9825,0.277271529193,1.03197024869
6.9825,0.282042814048,1.00824644742
6.9825,0.28676913712,0.98398794425
6.9825,0.291447651451,0.959196578557
6.9825,0.296075538878,0.933874020396
6.9825,0.300650011734,0.908021643698
6.9825,0.305168314528,0.88164037539
6.9825,0.309627725605,0.854730514716
6.9825,0.31402555878,0.827291515383
6.9825,0.318359164964,0.799321720843
6.9825,0.322625933754,0.770818039843
6.9825,0.326823295009,0.741775544957
6.9825,0.330948720395,0.712186970542
6.9825,0.33499972491,0.682042077493
6.9825,0.338973868381,0.651326838932
6.9825,0.342868756931,0.620022381007
6.9825,0.346682044427,0.588103582414
6.9825,0.350411433885,0.55553718804
6.9825,0.354054678862,0.522279213734
6.9825,0.357609584802,0.488271287461
6.9825,0.361074010363,0.453435341295
6.9825,0.364445868705,0.417665645139
6.9825,0.367723128747,0.380816350505
6.9825,0.370903816389,0.342681001713
6.9825,0.373986015705,0.302956594232
6.9825,0.376967870092,0.261174941234
6.9825,0.379847583394,0.21655521593
6.9825,0.382623420977,0.167625631502
6.9825,0.385293710783,0.110900463315
6.9825,0.387856844327,0.0298816110036
6.9825,0.390311277674,0
6.9825,0.392655532366,0
6.9825,0.394888196311,0
6.9825,0.397007924635,0
6.9825,0.399013440494,0
6.9825,0.400903535839,0
6.9825,0.402677072149,0
6.9825,0.404332981111,0
6.9825,0.405870265267,0
6.9825,0.407287998615,0
6.9825,0.408585327165,0
6.9825,0.409761469456,0
6.9825,0.410815717022,0
6.9825,0.411747434826,0
6.9825,0.412556061634,0
6.9825,0.41324111036,0
6.9825,0.413802168357,0
6.9825,0.414238897663,0
6.9825,0.414551035211,0
6.9825,0.414738392979,0
6.9825,0.414800858111,0
7.035,0,1.58606889465
7.035,6.24651316307e-05,1.58606888374
7.035,0.000249822899863,1.5860686935
7.035,0.000561960447384,1.5860677888
7.035,0.000998689754205,1.58606519034
7.035,0.00155974775092,1.58605943721
7.035,0.00224479647718,1.58604856153
7.035,0.00305342328524,1.58603007059
7.035,0.00398514108855,1.58600093451
7.035,0.00503938865514,1.58595757828
7.035,0.0062155309457,1.58589587764
7.035,0.0075128594961,1.58581115832
7.035,0.00893059284412,1.5856981983
7.035,0.0104678770002,1.58555123285
7.035,0.0121237859619,1.58536396218
7.035,0.0138973222715,1.58512956148
7.035,0.0157874176171,1.5848406932
7.035,0.0177929334759,1.58448952145
7.035,0.0199126618001,1.5840677283
7.035,0.0221453257447,1.58356653193
7.035,0.0244895804365,1.58297670645
7.035,0.0269440137839,1.58228860322
7.035,0.0295071473283,1.58149217364
7.035,0.0321774371336,1.58057699315
7.035,0.0349532747173,1.5795322864
7.035,0.0378329880186,1.57834695345
7.035,0.0408148424058,1.57700959688
7.035,0.0438970417214,1.57550854956
7.035,0.0470777293637,1.57383190324
7.035,0.0503549894054,1.57196753748
7.035,0.0537268477477,1.56990314916
7.035,0.0571912733091,1.56762628217
7.035,0.0607461792493,1.56512435736
7.035,0.0643894242258,1.56238470256
7.035,0.0681188136841,1.55939458258
7.035,0.0719321011795,1.55614122916
7.035,0.07582698973,1.55261187062
7.035,0.0798011332006,1.54879376136
7.035,0.0838521377157,1.54467421091
7.035,0.0879775631017,1.54024061257
7.035,0.0921749243567,1.53548047151
7.035,0.0964416931472,1.53038143234
7.035,0.100775299331,1.52493130602
7.035,0.105173132506,1.51911809599
7.035,0.109632543582,1.51293002365
7.035,0.114150846377,1.50635555293
7.035,0.118725319233,1.49938341403
7.035,0.12335320666,1.49200262619
7.035,0.128031720991,1.48420251959
7.035,0.132758044063,1.47597275609
7.035,0.137529328917,1.46730334905
7.035,0.14234270151,1.45818468193
7.035,0.147195262445,1.44860752583
7.035,0.152084088721,1.43856305576
7.035,0.157006235492,1.42804286575
7.035,0.16195873784,1.41703898262
7.035,0.166938612565,1.40554387843
7.035,0.171942859974,1.39355048155
7.035,0.176968465698,1.38105218628
7.035,0.182012402498,1.36804286102
7.035,0.187071632096,1.35451685474
7.035,0.192143107002,1.34046900194
7.035,0.197223772347,1.3258946258
7.035,0.20231056773,1.31078953952
7.035,0.207400429055,1.29515004567
7.035,0.212490290381,1.27897293354
7.035,0.217577085764,1.26225547416
7.035,0.222657751109,1.24499541301
7.035,0.227729226015,1.22719096006
7.035,0.232788455613,1.20884077695
7.035,0.237832392413,1.18994396107
7.035,0.242857998136,1.17050002609
7.035,0.247862245546,1.15050887866
7.035,0.252842120271,1.12997079069
7.035,0.257794622619,1.10888636672
7.035,0.26271676939,1.08725650555
7.035,0.267605595666,1.06508235541
7.035,0.272458156601,1.04236526158
7.035,0.277271529193,1.01910670508
7.035,0.282042814048,0.995308231065
7.035,0.28676913712,0.970971364737
7.035,0.291447651451,0.946097512505
7.035,0.296075538878,0.920687845207
7.035,0.300650011734,0.89474315953
7.035,0.305168314528,0.868263712611
7.035,0.309627725605,0.841249023354
7.035,0.31402555878,0.813697632036
7.035,0.318359164964,0.785606807064
7.035,0.322625933754,0.756972184059
7.035,0.326823295009,0.727787317151
7.035,0.330948720395,0.698043114951
7.035,0.33499972491,0.667727122779
7.035,0.338973868381,0.636822596596
7.035,0.342868756931,0.605307289724
7.035,0.346682044427,0.573151835444
7.035,0.350411433885,0.540317547941
7.035,0.354054678862,0.506753363983
7.035,0.357609584802,0.472391476273
7.035,0.361074010363,0.437140902834
7.035,0.364445868705,0.400877659601
7.035,0.367723128747,0.363429047696
7.035,0.370903816389,0.324547069724
7.035,0.373986015705,0.283860047711
7.035,0.376967870092,0.240775459813
7.035,0.379847583394,0.19425518432
7.035,0.382623420977,0.142164223463
7.035,0.385293710783,0.0783121444682
7.035,0.387856844327,0
7.035,0.390311277674,0
7.035,0.392655532366,0
7.035,0.394888196311,0
7.035,0.397007924635,0
7.035,0.399013440494,0
7.035,0.400903535839,0
7.035,0.402677072149,0
7.035,0.404332981111,0
7.035,0.405870265267,0
7.035,0.407287998615,0
7.035,0.408585327165,0
7.035,0.409761469456,0
7.035,0.410815717022,0
7.035,0.411747434826,0
7.035,0.412556061634,0
7.035,0.41324111036,0
7.035,0.413802168357,0
7.035,0.414238897663,0
7.035,0.414551035211,0
7.035,0.414738392979,0
7.035,0.414800858111,0
7.0875,0,1.57489372812
7.0875,6.24651316307e-05,1.57489371691
7.0875,0.000249822899863,1.57489352234
7.0875,0.000561960447384,1.57489259936
7.0875,0.000998689754205,1.57488995323
7.0875,0.00155974775092,1.57488410265
7.0875,0.00224479647718,1.57487305506
7.0875,0.00305342328524,1.57485428934
7.0875,0.00398514108855,1.57482474394
7.0875,0.00503938865514,1.57478080943
7.0875,0.0062155309457,1.57471832479
7.0875,0.0075128594961,1.57463257709
7.0875,0.00893059284412,1.57451830411
7.0875,0.0104678770002,1.5743696998
7.0875,0.0121237859619,1.57418042225
7.0875,0.0138973222715,1.57394360405
7.0875,0.0157874176171,1.57365186493
7.0875,0.0177929334759,1.57329732641
7.0875,0.0199126618001,1.57287162839
7.0875,0.0221453257447,1.57236594757
7.0875,0.0244895804365,1.57177101746
7.0875,0.0269440137839,1.57107714997
7.0875,0.0295071473283,1.57027425835
7.0875,0.0321774371336,1.56935188138
7.0875,0.0349532747173,1.56829920874
7.0875,0.0378329880186,1.56710510727
7.0875,0.0408148424058,1.56575814825
7.0875,0.0438970417214,1.56424663526
7.0875,0.0470777293637,1.56255863284
7.0875,0.0503549894054,1.56068199551
7.0875,0.0537268477477,1.55860439727
7.0875,0.0571912733091,1.5563133614
7.0875,0.0607461792493,1.55379629033
7.0875,0.0643894242258,1.55104049572
7.0875,0.0681188136841,1.54803322842
7.0875,0.0719321011795,1.54476170837
7.0875,0.07582698973,1.54121315422
7.0875,0.0798011332006,1.53737481273
7.0875,0.0838521377157,1.53323398777
7.0875,0.0879775631017,1.52877806885
7.0875,0.0921749243567,1.52399455913
7.0875,0.0964416931472,1.51887110281
7.0875,0.100775299331,1.51339551198
7.0875,0.105173132506,1.50755579255
7.0875,0.109632543582,1.50134016958
7.0875,0.114150846377,1.49473711167
7.0875,0.118725319233,1.4877353545
7.0875,0.12335320666,1.48032392345
7.0875,0.128031720991,1.47249215518
7.0875,0.132758044063,1.46422971824
7.0875,0.137529328917,1.45552663254
7.0875,0.14234270151,1.44637328775
7.0875,0.147195262445,1.43676046053
7.0875,0.152084088721,1.42667933049
7.0875,0.157006235492,1.41612149496
7.0875,0.16195873784,1.40507898239
7.0875,0.166938612565,1.39354426444
7.0875,0.171942859974,1.38151026663
7.0875,0.176968465698,1.36897037751
7.0875,0.182012402498,1.35591845628
7.0875,0.187071632096,1.34234883885
7.0875,0.192143107002,1.32825634208
7.0875,0.197223772347,1.3136362664
7.0875,0.20231056773,1.29848439634
7.0875,0.207400429055,1.28279699921
7.0875,0.212490290381,1.26657082146
7.0875,0.217577085764,1.24980308286
7.0875,0.222657751109,1.23249146803
7.0875,0.227729226015,1.21463411532
7.0875,0.232788455613,1.19622960257
7.0875,0.237832392413,1.17727692967
7.0875,0.242857998136,1.15777549733
7.0875,0.247862245546,1.13772508167
7.0875,0.252842120271,1.11712580429
7.0875,0.257794622619,1.09597809679
7.0875,0.26271676939,1.07428265938
7.0875,0.267605595666,1.05204041233
7.0875,0.272458156601,1.02925243928
7.0875,0.277271529193,1.00591992085
7.0875,0.282042814048,0.982044056931
7.0875,0.28676913712,0.957625975405
7.0875,0.291447651451,0.932666624483
7.0875,0.296075538878,0.907166645331
7.0875,0.300650011734,0.881126220454
7.0875,0.305168314528,0.854544892226
7.0875,0.309627725605,0.827421344172
7.0875,0.31402555878,0.799753135369
7.0875,0.318359164964,0.771536375152
7.0875,0.322625933754,0.742765320949
7.0875,0.326823295009,0.713431875841
7.0875,0.330948720395,0.683524953526
7.0875,0.33499972491,0.653029665226
7.0875,0.338973868381,0.621926263486
7.0875,0.342868756931,0.590188747669
7.0875,0.346682044427,0.557782988615
7.0875,0.350411433885,0.524664153078
7.0875,0.354054678862,0.490773079619
7.0875,0.357609584802,0.456031032385
7.0875,0.361074010363,0.420331846975
7.0875,0.364445868705,0.383529684645
7.0875,0.367723128747,0.345418958098
7.0875,0.370903816389,0.305699264167
7.0875,0.373986015705,0.263908779583
7.0875,0.376967870092,0.219282215979
7.0875,0.379847583394,0.170390453444
7.0875,0.382623420977,0.113906360104
7.0875,0.385293710783,0.0352278206509
7.0875,0.387856844327,0
7.0875,0.390311277674,0
7.0875,0.392655532366,0
7.0875,0.394888196311,0
7.0875,0.397007924635,0
7.0875,0.399013440494,0
7.0875,0.400903535839,0
7.0875,0.402677072149,0
7.0875,0.404332981111,0
7.0875,0.405870265267,0
7.0875,0.407287998615,0
7.0875,0.408585327165,0
7.0875,0.409761469456,0
7.0875,0.410815717022,0
7.0875,0.411747434826,0
7.0875,0.412556061634,0
7.0875,0.41324111036,0
7.0875,0.413802168357,0
7.0875,0.414238897663,0
7.0875,0.414551035211,0
7.0875,0.414738392979,0
7.0875,0.414800858111,0
7.14,0,1.56348059119
7.14,6.24651316307e-05,1.56348057966
7.14,0.000249822899863,1.56348038043
7.14,0.000561960447384,1.56347943793
7.14,0.000998689754205,1.56347674096
7.14,0.00155974775092,1.56347078658
7.14,0.00224479647718,1.56345955612
7.14,0.00305342328524,1.5634404984
7.14,0.00398514108855,1.56341051841
7.14,0.00503938865514,1.56336597039
7.14,0.0062155309457,1.56330265458
7.14,0.0075128594961,1.56321581731
7.14,0.00893059284412,1.56310015408
7.14,0.0104678770002,1.56294981535
7.14,0.0121237859619,1.56275841494
7.14,0.0138973222715,1.56251904075
7.14,0.0157874176171,1.56222426767
7.14,0.0177929334759,1.56186617255
7.14,0.0199126618001,1.56143635113
7.14,0.0221453257447,1.56092593667
7.14,0.0244895804365,1.56032562022
7.14,0.0269440137839,1.55962567246
7.14,0.0295071473283,1.55881596681
7.14,0.0321774371336,1.55788600383
7.14,0.0349532747173,1.55682493671
7.14,0.0378329880186,1.55562159776
7.14,0.0408148424058,1.5542645257
7.14,0.0438970417214,1.55274199373
7.14,0.0470777293637,1.55104203819
7.14,0.0503549894054,1.54915248769
7.14,0.0537268477477,1.54706099268
7.14,0.0571912733091,1.54475505518
7.14,0.0607461792493,1.54222205878
7.14,0.0643894242258,1.53944929866
7.14,0.0681188136841,1.53642401149
7.14,0.0719321011795,1.53313340536
7.14,0.07582698973,1.52956468929
7.14,0.0798011332006,1.52570510262
7.14,0.0838521377157,1.52154194385
7.14,0.0879775631017,1.51706259912
7.14,0.0921749243567,1.51225457009
7.14,0.0964416931472,1.50710550124
7.14,0.100775299331,1.50160320649
7.14,0.105173132506,1.49573569507
7.14,0.109632543582,1.48949119661
7.14,0.114150846377,1.48285818539
7.14,0.118725319233,1.47582540367
7.14,0.12335320666,1.46838188407
7.14,0.128031720991,1.46051697096
7.14,0.132758044063,1.45222034079
7.14,0.137529328917,1.44348202132
7.14,0.14234270151,1.43429240976
7.14,0.147195262445,1.42464228961
7.14,0.152084088721,1.41452284641
7.14,0.157006235492,1.40392568208
7.14,0.16195873784,1.39284282798
7.14,0.166938612565,1.3812667566
7.14,0.171942859974,1.36919039177
7.14,0.176968465698,1.35660711732
7.14,0.182012402498,1.34351078427
7.14,0.187071632096,1.32989571623
7.14,0.192143107002,1.31575671312
7.14,0.197223772347,1.30108905303
7.14,0.20231056773,1.28588849207
7.14,0.207400429055,1.2701512622
7.14,0.212490290381,1.25387406668
7.14,0.217577085764,1.23705407321
7.14,0.222657751109,1.21968890436
7.14,0.227729226015,1.20177662509
7.14,0.232788455613,1.18331572712
7.14,0.237832392413,1.16430510979
7.14,0.242857998136,1.14474405693
7.14,0.247862245546,1.12463220936
7.14,0.252842120271,1.10396953229
7.14,0.257794622619,1.08275627713
7.14,0.26271676939,1.06099293659
7.14,0.267605595666,1.03868019222
7.14,0.272458156601,1.01581885302
7.14,0.277271529193,0.992409783575
7.14,0.282042814048,0.968453819681
7.14,0.28676913712,0.943951669145
7.14,0.291447651451,0.918903794549
7.14,0.296075538878,0.893310274143
7.14,0.300650011734,0.867170635851
7.14,0.305168314528,0.840483657947
7.14,0.309627725605,0.813247127999
7.14,0.31402555878,0.785457549017
7.14,0.318359164964,0.75710977802
7.14,0.322625933754,0.728196577101
7.14,0.326823295009,0.698708049636
7.14,0.330948720395,0.668630923567
7.14,0.33499972491,0.637947627796
7.14,0.338973868381,0.606635083672
7.14,0.342868756931,0.574663096211
7.14,0.346682044427,0.541992170149
7.14,0.350411433885,0.508570477781
7.14,0.354054678862,0.474329537864
7.14,0.357609584802,0.439177865609
7.14,0.361074010363,0.402991292095
7.14,0.364445868705,0.365597530337
7.14,0.367723128747,0.326750152659
7.14,0.370903816389,0.286081432411
7.14,0.373986015705,0.243008171804
7.14,0.376967870092,0.196515612185
7.14,0.379847583394,0.144539451327
7.14,0.382623420977,0.081241093206
7.14,0.385293710783,0
7.14,0.387856844327,0
7.14,0.390311277674,0
7.14,0.392655532366,0
7.14,0.394888196311,0
7.14,0.397007924635,0
7.14,0.399013440494,0
7.14,0.400903535839,0
7.14,0.402677072149,0
7.14,0.404332981111,0
7.14,0.405870265267,0
7.14,0.407287998615,0
7.14,0.408585327165,0
7.14,0.409761469456,0
7.14,0.410815717022,0
7.14,0.411747434826,0
7.14,0.412556061634,0
7.14,0.41324111036,0
7.14,0.413802168357,0
7.14,0.414238897663,0
7.14,0.414551035211,0
7.14,0.414738392979,0
7.14,0.414800858111,0
7.1925,0,1.55182869987
7.1925,6.24651316307e-05,1.551828688
7.1925,0.000249822899863,1.55182848379
7.1925,0.000561960447384,1.55182752046
7.1925,0.000998689754205,1.55182476932
7.1925,0.00155974775092,1.55181870455
7.1925,0.00224479647718,1.55180727984
7.1925,0.00305342328524,1.55178791226
7.1925,0.00398514108855,1.55175747156
7.1925,0.00503938865514,1.5517122737
7.1925,0.0062155309457,1.55164807813
7.1925,0.0075128594961,1.55156008836
7.1925,0.00893059284412,1.55144295546
7.1925,0.0104678770002,1.5512907843
7.1925,0.0121237859619,1.55109714226
7.1925,0.0138973222715,1.5508550704
7.1925,0.0157874176171,1.55055709665
7.1925,0.0177929334759,1.55019525117
7.1925,0.0199126618001,1.54976108353
7.1925,0.0221453257447,1.54924568161
7.1925,0.0244895804365,1.54863969218
7.1925,0.0269440137839,1.54793334292
7.1925,0.0295071473283,1.54711646577
7.1925,0.0321774371336,1.54617852153
7.1925,0.0349532747173,1.54510862549
7.1925,0.0378329880186,1.54389557408
7.1925,0.0408148424058,1.54252787232
7.1925,0.0438970417214,1.54099376193
7.1925,0.0470777293637,1.53928125015
7.1925,0.0503549894054,1.5373781389
7.1925,0.0537268477477,1.53527205438
7.1925,0.0571912733091,1.53295047686
7.1925,0.0607461792493,1.53040077071
7.1925,0.0643894242258,1.52761021431
7.1925,0.0681188136841,1.5245660301
7.1925,0.0719321011795,1.52125541427
7.1925,0.07582698973,1.51766556639
7.1925,0.0798011332006,1.51378371859
7.1925,0.0838521377157,1.5095971644
7.1925,0.0879775631017,1.50509328708
7.1925,0.0921749243567,1.50025958739
7.1925,0.0964416931472,1.49508371079
7.1925,0.100775299331,1.48955347385
7.1925,0.105173132506,1.48365689
7.1925,0.109632543582,1.47738219446
7.1925,0.114150846377,1.47071786823
7.1925,0.118725319233,1.46365266128
7.1925,0.12335320666,1.45617561468
7.1925,0.128031720991,1.44827608176
7.1925,0.132758044063,1.43994374816
7.1925,0.137529328917,1.43116865084
7.1925,0.14234270151,1.42194119584
7.1925,0.147195262445,1.41225217492
7.1925,0.152084088721,1.40209278085
7.1925,0.157006235492,1.39145462149
7.1925,0.16195873784,1.38032973239
7.1925,0.166938612565,1.36871058811
7.1925,0.171942859974,1.35659011193
7.1925,0.176968465698,1.34396168405
7.1925,0.182012402498,1.33081914823
7.1925,0.187071632096,1.31715681657
7.1925,0.192143107002,1.30296947266
7.1925,0.197223772347,1.28825237265
7.1925,0.20231056773,1.27300124438
7.1925,0.207400429055,1.25721228428
7.1925,0.212490290381,1.24088215192
7.1925,0.217577085764,1.22400796203
7.1925,0.222657751109,1.2065872737
7.1925,0.227729226015,1.18861807657
7.1925,0.232788455613,1.17009877363
7.1925,0.237832392413,1.15102816031
7.1925,0.242857998136,1.13140539934
7.1925,0.247862245546,1.11122999087
7.1925,0.252842120271,1.09050173731
7.1925,0.257794622619,1.06922070188
7.1925,0.26271676939,1.04738716015
7.1925,0.267605595666,1.02500154327
7.1925,0.272458156601,1.00206437154
7.1925,0.277271529193,0.97857617648
7.1925,0.282042814048,0.954537409324
7.1925,0.28676913712,0.929948333079
7.1925,0.291447651451,0.904808894764
7.1925,0.296075538878,0.879118573385
7.1925,0.300650011734,0.852876198011
7.1925,0.305168314528,0.826079728584
7.1925,0.309627725605,0.798725989893
7.1925,0.31402555878,0.77081034595
7.1925,0.318359164964,0.742326297712
7.1925,0.322625933754,0.713264980923
7.1925,0.326823295009,0.683614532016
7.1925,0.330948720395,0.653359277074
7.1925,0.33499972491,0.622478679489
7.1925,0.338973868381,0.590945952271
7.1925,0.342868756931,0.55872619443
7.1925,0.346682044427,0.525773835309
7.1925,0.350411433885,0.49202904441
7.1925,0.354054678862,0.457412543823
7.1925,0.357609584802,0.421817858001
7.1925,0.361074010363,0.385099258824
7.1925,0.364445868705,0.347052059881
7.1925,0.367723128747,0.307378310954
7.1925,0.370903816389,0.26562192514
7.1925,0.373986015705,0.221031144727
7.1925,0.376967870092,0.172212706821
7.1925,0.379847583394,0.115966430089
7.1925,0.382623420977,0.0389646210076
7.1925,0.385293710783,0
7.1925,0.387856844327,0
7.1925,0.390311277674,0
7.1925,0.392655532366,0
7.1925,0.394888196311,0
7.1925,0.397007924635,0
7.1925,0.399013440494,0
7.1925,0.400903535839,0
7.1925,0.402677072149,0
7.1925,0.404332981111,0
7.1925,0.405870265267,0
7.1925,0.407287998615,0
7.1925,0.408585327165,0
7.1925,0.409761469456,0
7.1925,0.410815717022,0
7.1925,0.411747434826,0
7.1925,0.412556061634,0
7.1925,0.41324111036,0
7.1925,0.413802168357,0
7.1925,0.414238897663,0
7.1925,0.414551035211,0
7.1925,0.414738392979,0
7.1925,0.414800858111,0
7.245,0,1.53993721396
7.245,6.24651316307e-05,1.53993720173
7.245,0.000249822899863,1.53993699219
7.245,0.000561960447384,1.53993600664
7.245,0.000998689754205,1.53993319786
7.245,0.00155974775092,1.53992701582
7.245,0.00224479647718,1.53991538503
7.245,0.00305342328524,1.5398956891
7.245,0.00398514108855,1.53986476065
7.245,0.00503938865514,1.5398188754
7.245,0.0062155309457,1.53975374996
7.245,0.0075128594961,1.53966454292
7.245,0.00893059284412,1.53954585875
7.245,0.0104678770002,1.53939175454
7.245,0.0121237859619,1.53919574911
7.245,0.0138973222715,1.5389508345
7.245,0.0157874176171,1.53864948963
7.245,0.0177929334759,1.53828369589
7.245,0.0199126618001,1.53784495468
7.245,0.0221453257447,1.53732430663
7.245,0.0244895804365,1.53671235238
7.245,0.0269440137839,1.53599927491
7.245,0.0295071473283,1.53517486306
7.245,0.0321774371336,1.53422853635
7.245,0.0349532747173,1.53314937079
7.245,0.0378329880186,1.53192612569
7.245,0.0408148424058,1.5305472712
7.245,0.0438970417214,1.5290010166
7.245,0.0470777293637,1.52727533915
7.245,0.0503549894054,1.52535801333
7.245,0.0537268477477,1.52323664051
7.245,0.0571912733091,1.52089867876
7.245,0.0607461792493,1.51833147288
7.245,0.0643894242258,1.51552228433
7.245,0.0681188136841,1.51245832118
7.245,0.0719321011795,1.50912676787
7.245,0.07582698973,1.50551481467
7.245,0.0798011332006,1.50160968687
7.245,0.0838521377157,1.49739867346
7.245,0.0879775631017,1.49286915538
7.245,0.0921749243567,1.4880086332
7.245,0.0964416931472,1.48280475409
7.245,0.100775299331,1.47724533818
7.245,0.105173132506,1.47131840406
7.245,0.109632543582,1.46501219358
7.245,0.114150846377,1.45831519561
7.245,0.118725319233,1.45121616903
7.245,0.12335320666,1.44370416462
7.245,0.128031720991,1.43576854595
7.245,0.132758044063,1.42739900922
7.245,0.137529328917,1.41858560195
7.245,0.14234270151,1.40931874042
7.245,0.147195262445,1.399589226
7.245,0.152084088721,1.38938826012
7.245,0.157006235492,1.37870745789
7.245,0.16195873784,1.3675388604
7.245,0.166938612565,1.35587494549
7.245,0.171942859974,1.34370863706
7.245,0.176968465698,1.33103331275
7.245,0.182012402498,1.31784280994
7.245,0.187071632096,1.30413143004
7.245,0.192143107002,1.28989394081
7.245,0.197223772347,1.27512557682
7.245,0.20231056773,1.2598220377
7.245,0.207400429055,1.24397948408
7.245,0.212490290381,1.22759453121
7.245,0.217577085764,1.21066423977
7.245,0.222657751109,1.19318610378
7.245,0.227729226015,1.17515803539
7.245,0.232788455613,1.15657834597
7.245,0.237832392413,1.13744572334
7.245,0.242857998136,1.11775920447
7.245,0.247862245546,1.09751814314
7.245,0.252842120271,1.0767221718
7.245,0.257794622619,1.0553711569
7.245,0.26271676939,1.03346514638
7.245,0.267605595666,1.01100430831
7.245,0.272458156601,0.987988858995
7.245,0.277271529193,0.964418978448
7.245,0.282042814048,0.940294711033
7.245,0.28676913712,0.915615848003
7.245,0.291447651451,0.890381788127
7.245,0.296075538878,0.8645913714
7.245,0.300650011734,0.838242679416
7.245,0.305168314528,0.811332794048
7.245,0.309627725605,0.783857503403
7.245,0.31402555878,0.7558109404
7.245,0.318359164964,0.727185134153
7.245,0.322625933754,0.697969447036
7.245,0.326823295009,0.668149859713
7.245,0.330948720395,0.637708050691
7.245,0.33499972491,0.606620193263
7.245,0.338973868381,0.574855355898
7.245,0.342868756931,0.542373333578
7.245,0.346682044427,0.50912164115
7.245,0.350411433885,0.475031235358
7.245,0.354054678862,0.440010239298
7.245,0.357609584802,0.403934394463
7.245,0.361074010363,0.366631873538
7.245,0.364445868705,0.327857744339
7.245,0.367723128747,0.287247850816
7.245,0.370903816389,0.244227123913
7.245,0.373986015705,0.197800496392
7.245,0.376967870092,0.145960896181
7.245,0.379847583394,0.0831356147653
7.245,0.382623420977,0
7.245,0.385293710783,0
7.245,0.387856844327,0
7.245,0.390311277674,0
7.245,0.392655532366,0
7.245,0.394888196311,0
7.245,0.397007924635,0
7.245,0.399013440494,0
7.245,0.400903535839,0
7.245,0.402677072149,0
7.245,0.404332981111,0
7.245,0.405870265267,0
7.245,0.407287998615,0
7.245,0.408585327165,0
7.245,0.409761469456,0
7.245,0.410815717022,0
7.245,0.411747434826,0
7.245,0.412556061634,0
7.245,0.41324111036,0
7.245,0.413802168357,0
7.245,0.414238897663,0
7.245,0.414551035211,0
7.245,0.414738392979,0
7.245,0.414800858111,0
7.2975,0,1.52780523319
7.2975,6.24651316307e-05,1.52780522056
7.2975,0.000249822899863,1.52780500532
7.2975,0.000561960447384,1.5278039961
7.2975,0.000998689754205,1.52780112606
7.2975,0.00155974775092,1.52779481957
7.2975,0.00224479647718,1.52778297037
7.2975,0.00305342328524,1.52776292689
7.2975,0.00398514108855,1.52773148269
7.2975,0.00503938865514,1.52768487124
7.2975,0.0062155309457,1.52761876423
7.2975,0.0075128594961,1.52752827316
7.2975,0.00893059284412,1.52740795376
7.2975,0.0104678770002,1.52725181315
7.2975,0.0121237859619,1.5270533194
7.2975,0.0138973222715,1.52680541344
7.2975,0.0157874176171,1.52650052302
7.2975,0.0177929334759,1.52613057874
7.2975,0.0199126618001,1.52568703189
7.2975,0.0221453257447,1.52516087392
7.2975,0.0244895804365,1.52454265759
7.2975,0.0269440137839,1.52382251945
7.2975,0.0295071473283,1.52299020368
7.2975,0.0321774371336,1.52203508706
7.2975,0.0349532747173,1.52094620499
7.2975,0.0378329880186,1.51971227844
7.2975,0.0408148424058,1.51832174162
7.2975,0.0438970417214,1.51676277043
7.2975,0.0470777293637,1.51502331132
7.2975,0.0503549894054,1.5130911107
7.2975,0.0537268477477,1.51095374457
7.2975,0.0571912733091,1.50859864842
7.2975,0.0607461792493,1.50601314722
7.2975,0.0643894242258,1.50318448539
7.2975,0.0681188136841,1.50009985668
7.2975,0.0719321011795,1.49674643391
7.2975,0.07582698973,1.49311139837
7.2975,0.0798011332006,1.48918196887
7.2975,0.0838521377157,1.4849454304
7.2975,0.0879775631017,1.48038916226
7.2975,0.0921749243567,1.47550066553
7.2975,0.0964416931472,1.47026758998
7.2975,0.100775299331,1.46467776022
7.2975,0.105173132506,1.45871920109
7.2975,0.109632543582,1.45238016215
7.2975,0.114150846377,1.44564914136
7.2975,0.118725319233,1.43851490776
7.2975,0.12335320666,1.43096652314
7.2975,0.128031720991,1.42299336273
7.2975,0.132758044063,1.41458513467
7.2975,0.137529328917,1.40573189844
7.2975,0.14234270151,1.39642408202
7.2975,0.147195262445,1.38665249782
7.2975,0.152084088721,1.37640835732
7.2975,0.157006235492,1.36568328429
7.2975,0.16195873784,1.35446932666
7.2975,0.166938612565,1.34275896684
7.2975,0.171942859974,1.33054513048
7.2975,0.176968465698,1.31782119371
7.2975,0.182012402498,1.30458098844
7.2975,0.187071632096,1.29081880607
7.2975,0.192143107002,1.27652939911
7.2975,0.197223772347,1.26170798078
7.2975,0.20231056773,1.24635022244
7.2975,0.207400429055,1.2304522486
7.2975,0.212490290381,1.21401062939
7.2975,0.217577085764,1.19702237017
7.2975,0.222657751109,1.17948489814
7.2975,0.227729226015,1.16139604549
7.2975,0.232788455613,1.14275402882
7.2975,0.237832392413,1.12355742427
7.2975,0.242857998136,1.10380513799
7.2975,0.247862245546,1.08349637107
7.2975,0.252842120271,1.06263057837
7.2975,0.257794622619,1.04120742011
7.2975,0.26271676939,1.01922670526
7.2975,0.267605595666,0.996688325063
7.2975,0.272458156601,0.97359217517
7.2975,0.277271529193,0.949938064018
7.2975,0.282042814048,0.925725604813
7.2975,0.28676913712,0.90095408763
7.2975,0.291447651451,0.875622327229
7.2975,0.296075538878,0.849728480964
7.2975,0.300650011734,0.823269829471
7.2975,0.305168314528,0.796242510576
7.2975,0.309627725605,0.768641193776
7.2975,0.31402555878,0.740458678323
7.2975,0.318359164964,0.711685391861
7.2975,0.322625933754,0.682308757839
7.2975,0.326823295009,0.652312387099
7.2975,0.330948720395,0.621675029938
7.2975,0.33499972491,0.59036919568
7.2975,0.338973868381,0.558359300874
7.2975,0.342868756931,0.525599133002
7.2975,0.346682044427,0.492028292301
7.2975,0.350411433885,0.457567058126
7.2975,0.354054678862,0.422108732077
7.2975,0.357609584802,0.385507750892
7.2975,0.361074010363,0.347560298038
7.2975,0.364445868705,0.307970640225
7.2975,0.367723128747,0.266287680511
7.2975,0.370903816389,0.221771043865
7.2975,0.373986015705,0.173056536066
7.2975,0.376967870092,0.117041759714
7.2975,0.379847583394,0.0412482045988
7.2975,0.382623420977,0
7.2975,0.385293710783,0
7.2975,0.387856844327,0
7.2975,0.390311277674,0
7.2975,0.392655532366,0
7.2975,0.394888196311,0
7.2975,0.397007924635,0
7.2975,0.399013440494,0
7.2975,0.400903535839,0
7.2975,0.402677072149,0
7.2975,0.404332981111,0
7.2975,0.405870265267,0
7.2975,0.407287998615,0
7.2975,0.408585327165,0
7.2975,0.409761469456,0
7.2975,0.410815717022,0
7.2975,0.411747434826,0
7.2975,0.412556061634,0
7.2975,0.41324111036,0
7.2975,0.413802168357,0
7.2975,0.414238897663,0
7.2975,0.414551035211,0
7.2975,0.414738392979,0
7.2975,0.414800858111,0
7.35,0,1.51543179309
7.35,6.24651316307e-05,1.51543178003
7.35,0.000249822899863,1.51543155872
7.35,0.000561960447384,1.51543052429
7.35,0.000998689754205,1.51542758917
7.35,0.00155974775092,1.51542115073
7.35,0.00224479647718,1.51540907032
7.35,0.00305342328524,1.51538865933
7.35,0.00398514108855,1.51535667034
7.35,0.00503938865514,1.51530929253
7.35,0.0062155309457,1.51524215053
7.35,0.0075128594961,1.5151503066
7.35,0.00893059284412,1.51502826553
7.35,0.0104678770002,1.51486998228
7.35,0.0121237859619,1.51466887198
7.35,0.0138973222715,1.51441782229
7.35,0.0157874176171,1.51410920773
7.35,0.0177929334759,1.51373490607
7.35,0.0199126618001,1.51328631652
7.35,0.0221453257447,1.51275437951
7.35,0.0244895804365,1.51212959813
7.35,0.0269440137839,1.51140206087
7.35,0.0295071473283,1.51056146571
7.35,0.0321774371336,1.50959714527
7.35,0.0349532747173,1.50849809306
7.35,0.0378329880186,1.50725299052
7.35,0.0408148424058,1.50585023496
7.35,0.0438970417214,1.50427796797
7.35,0.0470777293637,1.5025241045
7.35,0.0503549894054,1.50057636225
7.35,0.0537268477477,1.49842229143
7.35,0.0571912733091,1.49604930461
7.35,0.0607461792493,1.49344470679
7.35,0.0643894242258,1.4905957253
7.35,0.0681188136841,1.48748953968
7.35,0.0719321011795,1.48411331135
7.35,0.07582698973,1.48045421299
7.35,0.0798011332006,1.47649945743
7.35,0.0838521377157,1.47223632629
7.35,0.0879775631017,1.46765219789
7.35,0.0921749243567,1.46273457469
7.35,0.0964416931472,1.45747111
7.35,0.100775299331,1.45184963395
7.35,0.105173132506,1.4458581787
7.35,0.109632543582,1.43948500277
7.35,0.114150846377,1.43271861445
7.35,0.118725319233,1.42554779428
7.35,0.12335320666,1.41796161647
7.35,0.128031720991,1.40994946929
7.35,0.132758044063,1.40150107429
7.35,0.137529328917,1.3926065044
7.35,0.14234270151,1.38325620078
7.35,0.147195262445,1.37344098835
7.35,0.152084088721,1.36315209009
7.35,0.157006235492,1.35238113984
7.35,0.16195873784,1.34112019371
7.35,0.166938612565,1.32936173992
7.35,0.171942859974,1.3170987071
7.35,0.176968465698,1.30432447083
7.35,0.182012402498,1.29103285846
7.35,0.187071632096,1.27721815208
7.35,0.192143107002,1.26287508936
7.35,0.197223772347,1.24799886238
7.35,0.20231056773,1.23258511412
7.35,0.207400429055,1.21662993247
7.35,0.212490290381,1.20012984149
7.35,0.217577085764,1.18308178982
7.35,0.222657751109,1.16548313581
7.35,0.227729226015,1.147331629
7.35,0.232788455613,1.12862538769
7.35,0.237832392413,1.10936287192
7.35,0.242857998136,1.08954285147
7.35,0.247862245546,1.06916436791
7.35,0.252842120271,1.04822669008
7.35,0.257794622619,1.02672926185
7.35,0.26271676939,1.00467164079
7.35,0.267605595666,0.982053426387
7.35,0.272458156601,0.958874175541
7.35,0.277271529193,0.935133303228
7.35,0.282042814048,0.910829965002
7.35,0.28676913712,0.885962917588
7.35,0.291447651451,0.860530352548
7.35,0.296075538878,0.834529696641
7.35,0.300650011734,0.807957370552
7.35,0.305168314528,0.780808495036
7.35,0.309627725605,0.753076529892
7.35,0.31402555878,0.724752826102
7.35,0.318359164964,0.695826064228
7.35,0.322625933754,0.666281541646
7.35,0.326823295009,0.636100255712
7.35,0.330948720395,0.605257706481
7.35,0.33499972491,0.573722306344
7.35,0.338973868381,0.541453226162
7.35,0.342868756931,0.508397412577
7.35,0.346682044427,0.474485349445
7.35,0.350411433885,0.439624848692
7.35,0.354054678862,0.403691618012
7.35,0.357609584802,0.366514284029
7.35,0.361074010363,0.327849261863
7.35,0.364445868705,0.287335481901
7.35,0.367723128747,0.244404667747
7.35,0.370903816389,0.1980776265
7.35,0.373986015705,0.14639136719
7.35,0.376967870092,0.0839630650068
7.35,0.379847583394,0
7.35,0.382623420977,0
7.35,0.385293710783,0
7.35,0.387856844327,0
7.35,0.390311277674,0
7.35,0.392655532366,0
7.35,0.394888196311,0
7.35,0.397007924635,0
7.35,0.399013440494,0
7.35,0.400903535839,0
7.35,0.402677072149,0
7.35,0.404332981111,0
7.35,0.405870265267,0
7.35,0.407287998615,0
7.35,0.408585327165,0
7.35,0.409761469456,0
7.35,0.410815717022,0
7.35,0.411747434826,0
7.35,0.412556061634,0
7.35,0.41324111036,0
7.35,0.413802168357,0
7.35,0.414238897663,0
7.35,0.414551035211,0
7.35,0.414738392979,0
7.35,0.414800858111,0
7.4025,0,1.50281586063
7.4025,6.24651316307e-05,1.50281584712
7.4025,0.000249822899863,1.50281561931
7.4025,0.000561960447384,1.50281455807
7.4025,0.000998689754205,1.50281155388
7.4025,0.00155974775092,1.50280497564
7.4025,0.00224479647718,1.50279265064
7.4025,0.00305342328524,1.50277185138
7.4025,0.00398514108855,1.50273928748
7.4025,0.00503938865514,1.50269110171
7.4025,0.0062155309457,1.50262286952
7.4025,0.0075128594961,1.50252960171
7.4025,0.00893059284412,1.50240574991
7.4025,0.0104678770002,1.50224521471
7.4025,0.0121237859619,1.50204135614
7.4025,0.0138973222715,1.50178700642
7.4025,0.0157874176171,1.50147448475
7.4025,0.0177929334759,1.50109561406
7.4025,0.0199126618001,1.50064173953
7.4025,0.0221453257447,1.50010374877
7.4025,0.0244895804365,1.49947209344
7.4025,0.0269440137839,1.49873681238
7.4025,0.0295071473283,1.49788755585
7.4025,0.0321774371336,1.49691361095
7.4025,0.0349532747173,1.49580392805
7.4025,0.0378329880186,1.49454714802
7.4025,0.0408148424058,1.49313163025
7.4025,0.0438970417214,1.49154548125
7.4025,0.0470777293637,1.48977658379
7.4025,0.0503549894054,1.48781262636
7.4025,0.0537268477477,1.48564113296
7.4025,0.0571912733091,1.48324949306
7.4025,0.0607461792493,1.48062499156
7.4025,0.0643894242258,1.47775483875
7.4025,0.0681188136841,1.47462620018
7.4025,0.0719321011795,1.47122622618
7.4025,0.07582698973,1.46754208124
7.4025,0.0798011332006,1.46356097283
7.4025,0.0838521377157,1.45927017984
7.4025,0.0879775631017,1.45465708048
7.4025,0.0921749243567,1.44970917948
7.4025,0.0964416931472,1.44441413469
7.4025,0.100775299331,1.43875978288
7.4025,0.105173132506,1.43273416475
7.4025,0.109632543582,1.42632554903
7.4025,0.114150846377,1.41952245569
7.4025,0.118725319233,1.41231367817
7.4025,0.12335320666,1.40468830457
7.4025,0.128031720991,1.39663573767
7.4025,0.132758044063,1.38814571397
7.4025,0.137529328917,1.37920832137
7.4025,0.14234270151,1.36981401572
7.4025,0.147195262445,1.35995363599
7.4025,0.152084088721,1.34961841815
7.4025,0.157006235492,1.33880000752
7.4025,0.16195873784,1.32749046976
7.4025,0.166938612565,1.3156823002
7.4025,0.171942859974,1.30336843156
7.4025,0.176968465698,1.29054223994
7.4025,0.182012402498,1.27719754897
7.4025,0.187071632096,1.26332863203
7.4025,0.192143107002,1.24893021238
7.4025,0.197223772347,1.23399746107
7.4025,0.20231056773,1.21852599248
7.4025,0.207400429055,1.2025118572
7.4025,0.212490290381,1.18595153219
7.4025,0.217577085764,1.16884190774
7.4025,0.222657751109,1.15118027106
7.4025,0.227729226015,1.13296428606
7.4025,0.232788455613,1.11419196888
7.4025,0.237832392413,1.09486165862
7.4025,0.242857998136,1.07497198261
7.4025,0.247862245546,1.05452181543
7.4025,0.252842120271,1.03351023082
7.4025,0.257794622619,1.01193644517
7.4025,0.26271676939,0.989799751262
7.4025,0.267605595666,0.967099440467
7.4025,0.272458156601,0.943834711275
7.4025,0.277271529193,0.920004561324
7.4025,0.282042814048,0.89560765956
7.4025,0.28676913712,0.870642194123
7.4025,0.291447651451,0.845105690335
7.4025,0.296075538878,0.818994791541
7.4025,0.300650011734,0.792304993264
7.4025,0.305168314528,0.765030318128
7.4025,0.309627725605,0.737162914663
7.4025,0.31402555878,0.708692557132
7.4025,0.318359164964,0.679606014835
7.4025,0.322625933754,0.649886246673
7.4025,0.326823295009,0.619511357867
7.4025,0.330948720395,0.588453226804
7.4025,0.33499972491,0.55667566464
7.4025,0.338973868381,0.524131897059
7.4025,0.342868756931,0.490761035108
7.4025,0.346682044427,0.456482989188
7.4025,0.350411433885,0.421190892675
7.4025,0.354054678862,0.384739356087
7.4025,0.357609584802,0.34692533932
7.4025,0.361074010363,0.307455001947
7.4025,0.364445868705,0.265881364816
7.4025,0.367723128747,0.221473115566
7.4025,0.370903816389,0.17288820176
7.4025,0.373986015705,0.11709405724
7.4025,0.376967870092,0.0421304280343
7.4025,0.379847583394,0
7.4025,0.382623420977,0
7.4025,0.385293710783,0
7.4025,0.387856844327,0
7.4025,0.390311277674,0
7.4025,0.392655532366,0
7.4025,0.394888196311,0
7.4025,0.397007924635,0
7.4025,0.399013440494,0
7.4025,0.400903535839,0
7.4025,0.402677072149,0
7.4025,0.404332981111,0
7.4025,0.405870265267,0
7.4025,0.407287998615,0
7.4025,0.408585327165,0
7.4025,0.409761469456,0
7.4025,0.410815717022,0
7.4025,0.411747434826,0
7.4025,0.412556061634,0
7.4025,0.41324111036,0
7.4025,0.413802168357,0
7.4025,0.414238897663,0
7.4025,0.414551035211,0
7.4025,0.414738392979,0
7.4025,0.414800858111,0
7.455,0,1.48995632946
7.455,6.24651316307e-05,1.48995631546
7.455,0.000249822899863,1.48995608072
7.455,0.000561960447384,1.48995499095
7.455,0.000998689754205,1.4899519135
7.455,0.00155974775092,1.48994518726
7.455,0.00224479647718,1.48993260371
7.455,0.00305342328524,1.48991139457
7.455,0.00398514108855,1.48987822446
7.455,0.00503938865514,1.48982918763
7.455,0.0062155309457,1.48975980813
7.455,0.0075128594961,1.48966504309
7.455,0.00893059284412,1.48953928875
7.455,0.0104678770002,1.4893763891
7.455,0.0121237859619,1.48916964685
7.455,0.0138973222715,1.48891183666
7.455,0.0157874176171,1.48859522032
7.455,0.0177929334759,1.48821156392
7.455,0.0199126618001,1.48775215673
7.455,0.0221453257447,1.48720783167
7.455,0.0244895804365,1.48656898733
7.455,0.0269440137839,1.48582561128
7.455,0.0295071473283,1.48496730462
7.455,0.0321774371336,1.48398330765
7.455,0.0349532747173,1.48286252641
7.455,0.0378329880186,1.48159356016
7.455,0.0408148424058,1.48016472949
7.455,0.0438970417214,1.47856410509
7.455,0.0470777293637,1.47677953695
7.455,0.0503549894054,1.4747986839
7.455,0.0537268477477,1.47260904348
7.455,0.0571912733091,1.47019798185
7.455,0.0607461792493,1.46755276384
7.455,0.0643894242258,1.46466058286
7.455,0.0681188136841,1.46150859069
7.455,0.0719321011795,1.45808392702
7.455,0.07582698973,1.45437374869
7.455,0.0798011332006,1.45036525844
7.455,0.0838521377157,1.44604573327
7.455,0.0879775631017,1.44140255213
7.455,0.0921749243567,1.43642322305
7.455,0.0964416931472,1.43109540953
7.455,0.100775299331,1.42540695617
7.455,0.105173132506,1.41934591346
7.455,0.109632543582,1.41290056173
7.455,0.114150846377,1.40605943405
7.455,0.118725319233,1.39881133825
7.455,0.12335320666,1.39114537778
7.455,0.128031720991,1.38305097157
7.455,0.132758044063,1.37451787259
7.455,0.137529328917,1.36553618531
7.455,0.14234270151,1.35609638187
7.455,0.147195262445,1.34618931684
7.455,0.152084088721,1.33580624067
7.455,0.157006235492,1.32493881167
7.455,0.16195873784,1.31357910641
7.455,0.166938612565,1.30171962862
7.455,0.171942859974,1.28935331626
7.455,0.176968465698,1.27647354695
7.455,0.182012402498,1.26307414142
7.455,0.187071632096,1.24914936495
7.455,0.192143107002,1.23469392671
7.455,0.197223772347,1.21970297673
7.455,0.20231056773,1.20417210044
7.455,0.207400429055,1.18809731041
7.455,0.212490290381,1.17147503519
7.455,0.217577085764,1.15430210488
7.455,0.222657751109,1.13657573304
7.455,0.227729226015,1.11829349465
7.455,0.232788455613,1.09945329947
7.455,0.237832392413,1.08005336028
7.455,0.242857998136,1.06009215536
7.455,0.247862245546,1.03956838422
7.455,0.252842120271,1.01848091555
7.455,0.257794622619,0.99682872618
7.455,0.26271676939,0.974610829438
7.455,0.267605595666,0.951826190888
7.455,0.272458156601,0.928473629091
7.455,0.277271529193,0.904551698279
7.455,0.282042814048,0.880058549092
7.455,0.28676913712,0.854991762419
7.455,0.291447651451,0.829348149984
7.455,0.296075538878,0.80312351339
7.455,0.300650011734,0.776312350725
7.455,0.305168314528,0.748907496249
7.455,0.309627725605,0.720899673605
7.455,0.31402555878,0.692276935856
7.455,0.318359164964,0.663023955208
7.455,0.322625933754,0.633121109958
7.455,0.326823295009,0.602543292988
7.455,0.330948720395,0.571258330244
7.455,0.33499972491,0.539224840556
7.455,0.338973868381,0.506389274446
7.455,0.342868756931,0.472681709936
7.455,0.346682044427,0.438009699853
7.455,0.350411433885,0.402248935248
7.455,0.354054678862,0.365228438055
7.455,0.357609584802,0.326705747973
7.455,0.361074010363,0.286322289547
7.455,0.364445868705,0.243515083147
7.455,0.367723128747,0.197316769139
7.455,0.370903816389,0.145795182325
7.455,0.373986015705,0.0836861472684
7.455,0.376967870092,0
7.455,0.379847583394,0
7.455,0.382623420977,0
7.455,0.385293710783,0
7.455,0.387856844327,0
7.455,0.390311277674,0
7.455,0.392655532366,0
7.455,0.394888196311,0
7.455,0.397007924635,0
7.455,0.399013440494,0
7.455,0.400903535839,0
7.455,0.402677072149,0
7.455,0.404332981111,0
7.455,0.405870265267,0
7.455,0.407287998615,0
7.455,0.408585327165,0
7.455,0.409761469456,0
7.455,0.410815717022,0
7.455,0.411747434826,0
7.455,0.412556061634,0
7.455,0.41324111036,0
7.455,0.413802168357,0
7.455,0.414238897663,0
7.455,0.414551035211,0
7.455,0.414738392979,0
7.455,0.414800858111,0
7.5075,0,1.47685201476
7.5075,6.24651316307e-05,1.47685200024
7.5075,0.000249822899863,1.4768517581
7.5075,0.000561960447384,1.47685063802
7.5075,0.000998689754205,1.47684748288
7.5075,0.00155974775092,1.47684060004
7.5075,0.00224479647718,1.47682774337
7.5075,0.00305342328524,1.47680610184
7.5075,0.00398514108855,1.47677229299
7.5075,0.00503938865514,1.47672236039
7.5075,0.0062155309457,1.47665177446
7.5075,0.0075128594961,1.47655543639
7.5075,0.00893059284412,1.47642768479
7.5075,0.0104678770002,1.47626230479
7.5075,0.0121237859619,1.47605253961
7.5075,0.0138973222715,1.47579110418
7.5075,0.0157874176171,1.47547020083
7.5075,0.0177929334759,1.4750815368
7.5075,0.0199126618001,1.47461634356
7.5075,0.0221453257447,1.4740653976
7.5075,0.0244895804365,1.47341904274
7.5075,0.0269440137839,1.47266721378
7.5075,0.0295071473283,1.47179946128
7.5075,0.0321774371336,1.47080497742
7.5075,0.0349532747173,1.46967262285
7.5075,0.0378329880186,1.46839095422
7.5075,0.0408148424058,1.46694825254
7.5075,0.0438970417214,1.46533255199
7.5075,0.0470777293637,1.46353166928
7.5075,0.0503549894054,1.46153323324
7.5075,0.0537268477477,1.45932471469
7.5075,0.0571912733091,1.45689345647
7.5075,0.0607461792493,1.45422670341
7.5075,0.0643894242258,1.45131163225
7.5075,0.0681188136841,1.4481353814
7.5075,0.0719321011795,1.44468508039
7.5075,0.07582698973,1.44094787906
7.5075,0.0798011332006,1.43691097619
7.5075,0.0838521377157,1.43256164773
7.5075,0.0879775631017,1.4278872744
7.5075,0.0921749243567,1.42287536861
7.5075,0.0964416931472,1.4175136007
7.5075,0.100775299331,1.41178982439
7.5075,0.105173132506,1.40569210136
7.5075,0.109632543582,1.39920872494
7.5075,0.114150846377,1.39232824282
7.5075,0.118725319233,1.38503947875
7.5075,0.12335320666,1.37733155319
7.5075,0.128031720991,1.36919390276
7.5075,0.132758044063,1.36061629859
7.5075,0.137529328917,1.35158886339
7.5075,0.14234270151,1.34210208717
7.5075,0.147195262445,1.33214684171
7.5075,0.152084088721,1.32171439354
7.5075,0.157006235492,1.31079641539
7.5075,0.16195873784,1.2993849962
7.5075,0.166938612565,1.28747264934
7.5075,0.171942859974,1.27505231922
7.5075,0.176968465698,1.26211738593
7.5075,0.182012402498,1.24866166806
7.5075,0.187071632096,1.23467942337
7.5075,0.192143107002,1.22016534718
7.5075,0.197223772347,1.20511456843
7.5075,0.20231056773,1.18952264314
7.5075,0.207400429055,1.17338554491
7.5075,0.212490290381,1.15669965246
7.5075,0.217577085764,1.1394617336
7.5075,0.222657751109,1.12166892547
7.5075,0.227729226015,1.10331871043
7.5075,0.232788455613,1.08440888719
7.5075,0.237832392413,1.06493753643
7.5075,0.242857998136,1.04490298016
7.5075,0.247862245546,1.02430373392
7.5075,0.252842120271,1.00313845054
7.5075,0.257794622619,0.981405854179
7.5075,0.26271676939,0.959104662736
7.5075,0.267605595666,0.93623349661
7.5075,0.272458156601,0.912790770959
7.5075,0.277271529193,0.888774568084
7.5075,0.282042814048,0.864182485553
7.5075,0.28676913712,0.839011454494
7.5075,0.291447651451,0.813257520792
7.5075,0.296075538878,0.786915579748
7.5075,0.300650011734,0.759979051687
7.5075,0.305168314528,0.732439481755
7.5075,0.309627725605,0.704286041187
7.5075,0.31402555878,0.675504898707
7.5075,0.318359164964,0.646078418207
7.5075,0.322625933754,0.615984120078
7.5075,0.326823295009,0.585193314951
7.5075,0.330948720395,0.553669273741
7.5075,0.33499972491,0.521364725393
7.5075,0.338973868381,0.488218352653
7.5075,0.342868756931,0.454149745804
7.5075,0.346682044427,0.419051891507
7.5075,0.350411433885,0.382779537916
7.5075,0.354054678862,0.345130264727
7.5075,0.357609584802,0.305811708573
7.5075,0.361074010363,0.264379997236
7.5075,0.364445868705,0.22011034386
7.5075,0.367723128747,0.17167558334
7.5075,0.370903816389,0.116084993224
7.5075,0.373986015705,0.0416040537129
7.5075,0.376967870092,0
7.5075,0.379847583394,0
7.5075,0.382623420977,0
7.5075,0.385293710783,0
7.5075,0.387856844327,0
7.5075,0.390311277674,0
7.5075,0.392655532366,0
7.5075,0.394888196311,0
7.5075,0.397007924635,0
7.5075,0.399013440494,0
7.5075,0.400903535839,0
7.5075,0.402677072149,0
7.5075,0.404332981111,0
7.5075,0.405870265267,0
7.5075,0.407287998615,0
7.5075,0.408585327165,0
7.5075,0.409761469456,0
7.5075,0.410815717022,0
7.5075,0.411747434826,0
7.5075,0.412556061634,0
7.5075,0.41324111036,0
7.5075,0.413802168357,0
7.5075,0.414238897663,0
7.5075,0.414551035211,0
7.5075,0.414738392979,0
7.5075,0.414800858111,0
7.56,0,1.4635016478
7.56,6.24651316307e-05,1.46350163271
7.56,0.000249822899863,1.46350138269
7.56,0.000561960447384,1.46350023039
7.56,0.000998689754205,1.46349699292
7.56,0.00155974775092,1.46348994445
7.56,0.00224479647718,1.46347679942
7.56,0.00305342328524,1.46345470203
7.56,0.00398514108855,1.46342022062
7.56,0.00503938865514,1.46336934583
7.56,0.0062155309457,1.46329749221
7.56,0.0075128594961,1.46319950275
7.56,0.00893059284412,1.4630696561
7.56,0.0104678770002,1.46290167633
7.56,0.0121237859619,1.46268874492
7.56,0.0138973222715,1.46242351495
7.56,0.0157874176171,1.46209812722
7.56,0.0177929334759,1.46170422818
7.56,0.0199126618001,1.46123298962
7.56,0.0221453257447,1.46067512983
7.56,0.0244895804365,1.4600209363
7.56,0.0269440137839,1.45926028954
7.56,0.0295071473283,1.45838268822
7.56,0.0321774371336,1.45737727526
7.56,0.0349532747173,1.4562328648
7.56,0.0378329880186,1.45493797005
7.56,0.0408148424058,1.45348083166
7.56,0.0438970417214,1.45184944674
7.56,0.0470777293637,1.45003159829
7.56,0.0503549894054,1.44801488483
7.56,0.0537268477477,1.44578675041
7.56,0.0571912733091,1.44333451454
7.56,0.0607461792493,1.44064540224
7.56,0.0643894242258,1.4377065739
7.56,0.0681188136841,1.43450515502
7.56,0.0719321011795,1.43102826561
7.56,0.07582698973,1.42726304921
7.56,0.0798011332006,1.42319670152
7.56,0.0838521377157,1.41881649842
7.56,0.0879775631017,1.41410982346
7.56,0.0921749243567,1.40906419464
7.56,0.0964416931472,1.40366729045
7.56,0.100775299331,1.39790697509
7.56,0.105173132506,1.39177132289
7.56,0.109632543582,1.3852486417
7.56,0.114150846377,1.37832749542
7.56,0.118725319233,1.37099672538
7.56,0.12335320666,1.36324547067
7.56,0.128031720991,1.35506318735
7.56,0.132758044063,1.34643966641
7.56,0.137529328917,1.33736505046
7.56,0.14234270151,1.32782984911
7.56,0.147195262445,1.317824953
7.56,0.152084088721,1.30734164629
7.56,0.157006235492,1.29637161771
7.56,0.16195873784,1.28490696994
7.56,0.166938612565,1.27294022732
7.56,0.171942859974,1.2604643418
7.56,0.176968465698,1.24747269696
7.56,0.182012402498,1.23395910999
7.56,0.187071632096,1.21991783158
7.56,0.192143107002,1.20534354339
7.56,0.197223772347,1.19023135312
7.56,0.20231056773,1.17457678672
7.56,0.207400429055,1.15837577779
7.56,0.212490290381,1.14162465352
7.56,0.217577085764,1.12432011713
7.56,0.222657751109,1.10645922618
7.56,0.227729226015,1.08803936642
7.56,0.232788455613,1.0690582204
7.56,0.237832392413,1.04951373029
7.56,0.242857998136,1.02940405397
7.56,0.247862245546,1.00872751334
7.56,0.252842120271,0.987482533612
7.56,0.257794622619,0.965667571885
7.56,0.26271676939,0.943281033248
7.56,0.267605595666,0.920321171796
7.56,0.272458156601,0.896785973601
7.56,0.277271529193,0.872673017756
7.56,0.282042814048,0.847979310565
7.56,0.28676913712,0.822701086541
7.56,0.291447651451,0.796833567973
7.56,0.296075538878,0.770370672207
7.56,0.300650011734,0.743304652258
7.56,0.305168314528,0.715625651297
7.56,0.309627725605,0.687321144488
7.56,0.31402555878,0.658375231287
7.56,0.318359164964,0.628767726107
7.56,0.322625933754,0.598472972222
7.56,0.326823295009,0.567458268242
7.56,0.330948720395,0.535681739867
7.56,0.33499972491,0.503089396805
7.56,0.338973868381,0.469610956629
7.56,0.342868756931,0.435153736539
7.56,0.346682044427,0.399593389488
7.56,0.350411433885,0.362759220309
7.56,0.354054678862,0.324409592867
7.56,0.357609584802,0.284187715933
7.56,0.361074010363,0.241534221742
7.56,0.364445868705,0.195489217001
7.56,0.367723128747,0.144137521625
7.56,0.370903816389,0.0822623229412
7.56,0.373986015705,0
7.56,0.376967870092,0
7.56,0.379847583394,0
7.56,0.382623420977,0
7.56,0.385293710783,0
7.56,0.387856844327,0
7.56,0.390311277674,0
7.56,0.392655532366,0
7.56,0.394888196311,0
7.56,0.397007924635,0
7.56,0.399013440494,0
7.56,0.400903535839,0
7.56,0.402677072149,0
7.56,0.404332981111,0
7.56,0.405870265267,0
7.56,0.407287998615,0
7.56,0.408585327165,0
7.56,0.409761469456,0
7.56,0.410815717022,0
7.56,0.411747434826,0
7.56,0.412556061634,0
7.56,0.41324111036,0
7.56,0.413802168357,0
7.56,0.414238897663,0
7.56,0.414551035211,0
7.56,0.414738392979,0
7.56,0.414800858111,0
7.6125,0,1.44990386994
7.6125,6.24651316307e-05,1.44990385425
7.6125,0.000249822899863,1.44990359581
7.6125,0.000561960447384,1.44990240929
7.6125,0.000998689754205,1.44989908459
7.6125,0.00155974775092,1.44989186104
7.6125,0.00224479647718,1.4498784117
7.6125,0.00305342328524,1.44985583396
7.6125,0.00398514108855,1.44982064476
7.6125,0.00503938865514,1.44976877958
7.6125,0.0062155309457,1.44969559479
7.6125,0.0075128594961,1.44959587285
7.6125,0.00893059284412,1.44946383016
7.6125,0.0104678770002,1.44929312745
7.6125,0.0121237859619,1.44907688229
7.6125,0.0138973222715,1.44880768376
7.6125,0.0157874176171,1.44847760905
7.6125,0.0177929334759,1.4480782419
7.6125,0.0199126618001,1.44760069259
7.6125,0.0221453257447,1.44703561954
7.6125,0.0244895804365,1.44637325226
7.6125,0.0269440137839,1.44560341561
7.6125,0.0295071473283,1.44471555507
7.6125,0.0321774371336,1.44369876314
7.6125,0.0349532747173,1.44254180653
7.6125,0.0378329880186,1.44123315413
7.6125,0.0408148424058,1.43976100561
7.6125,0.0438970417214,1.43811332052
7.6125,0.0470777293637,1.43627784777
7.6125,0.0503549894054,1.43424215546
7.6125,0.0537268477477,1.43199366078
7.6125,0.0571912733091,1.42951966006
7.6125,0.0607461792493,1.4268073588
7.6125,0.0643894242258,1.42384390149
7.6125,0.0681188136841,1.42061640128
7.6125,0.0719321011795,1.41711196933
7.6125,0.07582698973,1.41331774376
7.6125,0.0798011332006,1.40922091813
7.6125,0.0838521377157,1.40480876933
7.6125,0.0879775631017,1.40006868497
7.6125,0.0921749243567,1.39498818991
7.6125,0.0964416931472,1.38955497216
7.6125,0.100775299331,1.3837569079
7.6125,0.105173132506,1.37758208564
7.6125,0.109632543582,1.37101882941
7.6125,0.114150846377,1.36405572095
7.6125,0.118725319233,1.3566816209
7.6125,0.12335320666,1.34888568876
7.6125,0.128031720991,1.34065740177
7.6125,0.132758044063,1.33198657255
7.6125,0.137529328917,1.32286336539
7.6125,0.14234270151,1.31327831125
7.6125,0.147195262445,1.3032223213
7.6125,0.152084088721,1.29268669899
7.6125,0.157006235492,1.28166315056
7.6125,0.16195873784,1.27014379388
7.6125,0.166938612565,1.25812116557
7.6125,0.171942859974,1.24558822627
7.6125,0.176968465698,1.23253836395
7.6125,0.182012402498,1.21896539512
7.6125,0.187071632096,1.20486356381
7.6125,0.192143107002,1.19022753813
7.6125,0.197223772347,1.17505240419
7.6125,0.20231056773,1.1593336572
7.6125,0.207400429055,1.14306718942
7.6125,0.212490290381,1.12624927466
7.6125,0.217577085764,1.10887654891
7.6125,0.222657751109,1.09094598673
7.6125,0.227729226015,1.0724548728
7.6125,0.232788455613,1.05340076789
7.6125,0.237832392413,1.03378146871
7.6125,0.242857998136,1.01359496039
7.6125,0.247862245546,0.992839360663
7.6125,0.252842120271,0.971512854208
7.6125,0.257794622619,0.949613615458
7.6125,0.26271676939,0.927139717654
7.6125,0.267605595666,0.904089025465
7.6125,0.272458156601,0.880459067735
7.6125,0.277271529193,0.856246886005
7.6125,0.282042814048,0.831448853249
7.6125,0.28676913712,0.80606045562
7.6125,0.291447651451,0.780076027777
7.6125,0.296075538878,0.753488429357
7.6125,0.300650011734,0.726288645925
7.6125,0.305168314528,0.698465291798
7.6125,0.309627725605,0.670003983601
7.6125,0.31402555878,0.640886540962
7.6125,0.318359164964,0.611089952112
7.6125,0.322625933754,0.580585013771
7.6125,0.326823295009,0.54933451011
7.6125,0.330948720395,0.517290723651
7.6125,0.33499972491,0.484391950775
7.6125,0.338973868381,0.450557485661
7.6125,0.342868756931,0.415680156447
7.6125,0.346682044427,0.379614766749
7.6125,0.350411433885,0.342159293454
7.6125,0.354054678862,0.303022335177
7.6125,0.357609584802,0.261761956536
7.6125,0.361074010363,0.217657079354
7.6125,0.364445868705,0.169387608698
7.6125,0.367723128747,0.113975256147
7.6125,0.370903816389,0.0396142352682
7.6125,0.373986015705,0
7.6125,0.376967870092,0
7.6125,0.379847583394,0
7.6125,0.382623420977,0
7.6125,0.385293710783,0
7.6125,0.387856844327,0
7.6125,0.390311277674,0
7.6125,0.392655532366,0
7.6125,0.394888196311,0
7.6125,0.397007924635,0
7.6125,0.399013440494,0
7.6125,0.400903535839,0
7.6125,0.402677072149,0
7.6125,0.404332981111,0
7.6125,0.405870265267,0
7.6125,0.407287998615,0
7.6125,0.408585327165,0
7.6125,0.409761469456,0
7.6125,0.410815717022,0
7.6125,0.411747434826,0
7.6125,0.412556061634,0
7.6125,0.41324111036,0
7.6125,0.413802168357,0
7.6125,0.414238897663,0
7.6125,0.414551035211,0
7.6125,0.414738392979,0
7.6125,0.414800858111,0
7.665,0,1.43605722624
7.665,6.24651316307e-05,1.4360572099
7.665,0.000249822899863,1.43605694249
7.665,0.000561960447384,1.43605571961
7.665,0.000998689754205,1.43605230254
7.665,0.00155974775092,1.43604489395
7.665,0.00224479647718,1.43603112362
7.665,0.00305342328524,1.43600803996
7.665,0.00398514108855,1.43597210629
7.665,0.00503938865514,1.43591920062
7.665,0.0062155309457,1.43584461881
7.665,0.0075128594961,1.43574308043
7.665,0.00893059284412,1.43560873735
7.665,0.0104678770002,1.43543518466
7.665,0.0121237859619,1.43521547379
7.665,0.0138973222715,1.4349421277
7.665,0.0157874176171,1.43460715799
7.665,0.0177929334759,1.43420208372
7.665,0.0199126618001,1.43371795186
7.665,0.0221453257447,1.43314535931
7.665,0.0244895804365,1.43247447611
7.665,0.0269440137839,1.43169507005
7.665,0.0295071473283,1.43079653222
7.665,0.0321774371336,1.42976790364
7.665,0.0349532747173,1.42859790268
7.665,0.0378329880186,1.4272749532
7.665,0.0408148424058,1.42578721331
7.665,0.0438970417214,1.42412260456
7.665,0.0470777293637,1.42226884159
7.665,0.0503549894054,1.42021346193
7.665,0.0537268477477,1.41794385602
7.665,0.0571912733091,1.41544729728
7.665,0.0607461792493,1.41271097203
7.665,0.0643894242258,1.4097220094
7.665,0.0681188136841,1.40646751088
7.665,0.0719321011795,1.40293457962
7.665,0.07582698973,1.39911034923
7.665,0.0798011332006,1.3949820122
7.665,0.0838521377157,1.39053684767
7.665,0.0879775631017,1.38576224855
7.665,0.0921749243567,1.38064574798
7.665,0.0964416931472,1.375175045
7.665,0.100775299331,1.36933802933
7.665,0.105173132506,1.36312280532
7.665,0.109632543582,1.35651771488
7.665,0.114150846377,1.34951135938
7.665,0.118725319233,1.34209262054
7.665,0.12335320666,1.33425068011
7.665,0.128031720991,1.32597503837
7.665,0.132758044063,1.31725553142
7.665,0.137529328917,1.30808234704
7.665,0.14234270151,1.29844603934
7.665,0.147195262445,1.28833754176
7.665,0.152084088721,1.27774817871
7.665,0.157006235492,1.26666967551
7.665,0.16195873784,1.25509416668
7.665,0.166938612565,1.24301420242
7.665,0.171942859974,1.23042275317
7.665,0.176968465698,1.21731321221
7.665,0.182012402498,1.20367939599
7.665,0.187071632096,1.18951554226
7.665,0.192143107002,1.17481630554
7.665,0.197223772347,1.15957674996
7.665,0.20231056773,1.14379233907
7.665,0.207400429055,1.12745892231
7.665,0.212490290381,1.11057271796
7.665,0.217577085764,1.09313029189
7.665,0.222657751109,1.07512853183
7.665,0.227729226015,1.05656461648
7.665,0.232788455613,1.03743597873
7.665,0.237832392413,1.01774026214
7.665,0.242857998136,0.99747526969
7.665,0.247862245546,0.976638903425
7.665,0.252842120271,0.955229093464
7.665,0.257794622619,0.933243714447
7.665,0.26271676939,0.91068048696
7.665,0.267605595666,0.887536860913
7.665,0.272458156601,0.86380987702
7.665,0.277271529193,0.839496001471
7.665,0.282042814048,0.814590927488
7.665,0.28676913712,0.789089335554
7.665,0.291447651451,0.76298460152
7.665,0.296075538878,0.73626843826
7.665,0.300650011734,0.708930451522
7.665,0.305168314528,0.680957583587
7.665,0.309627725605,0.652333408034
7.665,0.31402555878,0.623037223793
7.665,0.318359164964,0.593042873783
7.665,0.322625933754,0.562317178039
7.665,0.326823295009,0.530817815
7.665,0.330948720395,0.498490392218
7.665,0.33499972491,0.465264290497
7.665,0.338973868381,0.431046585975
7.665,0.342868756931,0.395712832399
7.665,0.346682044427,0.359092448759
7.665,0.350411433885,0.320944238758
7.665,0.354054678862,0.280912352347
7.665,0.357609584802,0.238439117652
7.665,0.361074010363,0.192567280068
7.665,0.364445868705,0.141383630531
7.665,0.367723128747,0.0796420385029
7.665,0.370903816389,0
7.665,0.373986015705,0
7.665,0.376967870092,0
7.665,0.379847583394,0
7.665,0.382623420977,0
7.665,0.385293710783,0
7.665,0.387856844327,0
7.665,0.390311277674,0
7.665,0.392655532366,0
7.665,0.394888196311,0
7.665,0.397007924635,0
7.665,0.399013440494,0
7.665,0.400903535839,0
7.665,0.402677072149,0
7.665,0.404332981111,0
7.665,0.405870265267,0
7.665,0.407287998615,0
7.665,0.408585327165,0
7.665,0.409761469456,0
7.665,0.410815717022,0
7.665,0.411747434826,0
7.665,0.412556061634,0
7.665,0.41324111036,0
7.665,0.413802168357,0
7.665,0.414238897663,0
7.665,0.414551035211,0
7.665,0.414738392979,0
7.665,0.414800858111,0
7.7175,0,1.42196015851
7.7175,6.24651316307e-05,1.42196014148
7.7175,0.000249822899863,1.42195986449
7.7175,0.000561960447384,1.421958603
7.7175,0.000998689754205,1.4219550881
7.7175,0.00155974775092,1.42194748404
7.7175,0.00224479647718,1.42193337521
7.7175,0.00305342328524,1.42190975892
7.7175,0.00398514108855,1.42187304255
7.7175,0.00503938865514,1.4218190443
7.7175,0.0062155309457,1.42174299712
7.7175,0.0075128594961,1.42163955535
7.7175,0.00893059284412,1.42150280399
7.7175,0.0104678770002,1.42132627019
7.7175,0.0121237859619,1.42110293704
7.7175,0.0138973222715,1.42082525927
7.7175,0.0157874176171,1.42048518084
7.7175,0.0177929334759,1.42007415427
7.7175,0.0199126618001,1.41958316148
7.7175,0.0221453257447,1.4190027362
7.7175,0.0244895804365,1.41832298755
7.7175,0.0269440137839,1.41753362491
7.7175,0.0295071473283,1.41662398387
7.7175,0.0321774371336,1.41558305296
7.7175,0.0349532747173,1.41439950141
7.7175,0.0378329880186,1.41306170739
7.7175,0.0408148424058,1.41155778694
7.7175,0.0438970417214,1.40987562336
7.7175,0.0470777293637,1.40800289682
7.7175,0.0503549894054,1.40592711435
7.7175,0.0537268477477,1.40363563982
7.7175,0.0571912733091,1.40111572403
7.7175,0.0607461792493,1.39835453469
7.7175,0.0643894242258,1.39533918618
7.7175,0.0681188136841,1.39205676913
7.7175,0.0719321011795,1.38849437959
7.7175,0.07582698973,1.38463914776
7.7175,0.0798011332006,1.38047826625
7.7175,0.0838521377157,1.3759990177
7.7175,0.0879775631017,1.37118880177
7.7175,0.0921749243567,1.36603516139
7.7175,0.0964416931472,1.36052580821
7.7175,0.100775299331,1.3546486472
7.7175,0.105173132506,1.34839180028
7.7175,0.109632543582,1.34174362904
7.7175,0.114150846377,1.33469275635
7.7175,0.118725319233,1.32722808693
7.7175,0.12335320666,1.31933882666
7.7175,0.128031720991,1.31101450081
7.7175,0.132758044063,1.30224497084
7.7175,0.137529328917,1.29302044995
7.7175,0.14234270151,1.28333151722
7.7175,0.147195262445,1.27316913017
7.7175,0.152084088721,1.26252463587
7.7175,0.157006235492,1.25138978032
7.7175,0.16195873784,1.23975671614
7.7175,0.166938612565,1.22761800841
7.7175,0.171942859974,1.21496663849
7.7175,0.176968465698,1.20179600581
7.7175,0.182012402498,1.1880999274
7.7175,0.187071632096,1.17387263495
7.7175,0.192143107002,1.1591087693
7.7175,0.197223772347,1.14380337203
7.7175,0.20231056773,1.12795187391
7.7175,0.207400429055,1.11155007992
7.7175,0.212490290381,1.09459415038
7.7175,0.217577085764,1.07708057778
7.7175,0.222657751109,1.0590061588
7.7175,0.227729226015,1.04036796079
7.7175,0.232788455613,1.02116328197
7.7175,0.237832392413,1.00138960443
7.7175,0.242857998136,0.981044538698
7.7175,0.247862245546,0.960125758529
7.7175,0.252842120271,0.938630924112
7.7175,0.257794622619,0.916557591574
7.7175,0.26271676939,0.893903106043
7.7175,0.267605595666,0.87066447486
7.7175,0.272458156601,0.846838216614
7.7175,0.277271529193,0.822420180452
7.7175,0.282042814048,0.797405328478
7.7175,0.28676913712,0.771787471868
7.7175,0.291447651451,0.7455589483
7.7175,0.296075538878,0.718710224117
7.7175,0.300650011734,0.691229398699
7.7175,0.305168314528,0.663101580057
7.7175,0.309627725605,0.634308088225
7.7175,0.31402555878,0.604825424512
7.7175,0.318359164964,0.574623916347
7.7175,0.322625933754,0.543665903085
7.7175,0.326823295009,0.511903256424
7.7175,0.330948720395,0.479273909249
7.7175,0.33499972491,0.445696858383
7.7175,0.338973868381,0.411064727271
7.7175,0.342868756931,0.375232244412
7.7175,0.346682044427,0.337997489984
7.7175,0.350411433885,0.299069398046
7.7175,0.354054678862,0.258006610363
7.7175,0.357609584802,0.214088574892
7.7175,0.361074010363,0.165993580118
7.7175,0.364445868705,0.110723216294
7.7175,0.367723128747,0.0360495498538
7.7175,0.370903816389,0
7.7175,0.373986015705,0
7.7175,0.376967870092,0
7.7175,0.379847583394,0
7.7175,0.382623420977,0
7.7175,0.385293710783,0
7.7175,0.387856844327,0
7.7175,0.390311277674,0
7.7175,0.392655532366,0
7.7175,0.394888196311,0
7.7175,0.397007924635,0
7.7175,0.399013440494,0
7.7175,0.400903535839,0
7.7175,0.402677072149,0
7.7175,0.404332981111,0
7.7175,0.405870265267,0
7.7175,0.407287998615,0
7.7175,0.408585327165,0
7.7175,0.409761469456,0
7.7175,0.410815717022,0
7.7175,0.411747434826,0
7.7175,0.412556061634,0
7.7175,0.41324111036,0
7.7175,0.413802168357,0
7.7175,0.414238897663,0
7.7175,0.414551035211,0
7.7175,0.414738392979,0
7.7175,0.414800858111,0
7.77,0,1.40761099776
7.77,6.24651316307e-05,1.40761097997
7.77,0.000249822899863,1.40761069277
7.77,0.000561960447384,1.40760939028
7.77,0.000998689754205,1.4076057718
7.77,0.00155974775092,1.40759796128
7.77,0.00224479647718,1.40758349563
7.77,0.00305342328524,1.40755931877
7.77,0.00398514108855,1.40752177982
7.77,0.00503938865514,1.40746663478
7.77,0.0062155309457,1.40738905129
7.77,0.0075128594961,1.40728361604
7.77,0.00893059284412,1.40714434479
7.77,0.0104678770002,1.40696469448
7.77,0.0121237859619,1.40673757766
7.77,0.0138973222715,1.4064553787
7.77,0.0157874176171,1.40610997196
7.77,0.0177929334759,1.40569274154
7.77,0.0199126618001,1.40519460261
7.77,0.0221453257447,1.40460602414
7.77,0.0244895804365,1.40391705293
7.77,0.0269440137839,1.40311733874
7.77,0.0295071473283,1.40219616051
7.77,0.0321774371336,1.40114245345
7.77,0.0349532747173,1.39994483686
7.77,0.0378329880186,1.39859164269
7.77,0.0408148424058,1.39707094456
7.77,0.0438970417214,1.39537058724
7.77,0.0470777293637,1.39347821646
7.77,0.0503549894054,1.39138130884
7.77,0.0537268477477,1.38906720199
7.77,0.0571912733091,1.38652312457
7.77,0.0607461792493,1.38373622626
7.77,0.0643894242258,1.38069360748
7.77,0.0681188136841,1.37738234892
7.77,0.0719321011795,1.37378954057
7.77,0.07582698973,1.36990231039
7.77,0.0798011332006,1.36570785242
7.77,0.0838521377157,1.36119345423
7.77,0.0879775631017,1.35634652375
7.77,0.0921749243567,1.35115461532
7.77,0.0964416931472,1.34560545494
7.77,0.100775299331,1.33968696456
7.77,0.105173132506,1.33338728558
7.77,0.109632543582,1.32669480117
7.77,0.114150846377,1.31959815766
7.77,0.118725319233,1.31208628473
7.77,0.12335320666,1.30414841443
7.77,0.128031720991,1.29577409897
7.77,0.132758044063,1.28695322721
7.77,0.137529328917,1.27767603971
7.77,0.14234270151,1.26793314242
7.77,0.147195262445,1.25771551877
7.77,0.152084088721,1.24701454024
7.77,0.157006235492,1.23582197512
7.77,0.16195873784,1.22412999564
7.77,0.166938612565,1.21193118301
7.77,0.171942859974,1.1992185306
7.77,0.176968465698,1.18598544485
7.77,0.182012402498,1.17222574385
7.77,0.187071632096,1.15793365343
7.77,0.192143107002,1.14310380052
7.77,0.197223772347,1.1277312034
7.77,0.20231056773,1.11181125883
7.77,0.207400429055,1.09533972535
7.77,0.212490290381,1.07831270262
7.77,0.217577085764,1.06072660614
7.77,0.222657751109,1.04257813687
7.77,0.227729226015,1.02386424488
7.77,0.232788455613,1.00458208633
7.77,0.237832392413,0.984728972659
7.77,0.242857998136,0.96430231068
7.77,0.247862245546,0.943299532067
7.77,0.252842120271,0.921718010251
7.77,0.257794622619,0.899554962329
7.77,0.26271676939,0.876807332935
7.77,0.267605595666,0.853471656251
7.77,0.272458156601,0.829543891269
7.77,0.277271529193,0.805019223992
7.77,0.282042814048,0.77989182842
7.77,0.28676913712,0.754154575548
7.77,0.291447651451,0.7277986761
7.77,0.296075538878,0.700813237724
7.77,0.300650011734,0.673184710332
7.77,0.305168314528,0.644896183036
7.77,0.309627725605,0.615926481011
7.77,0.31402555878,0.586248987811
7.77,0.318359164964,0.55583008335
7.77,0.322625933754,0.524627031601
7.77,0.326823295009,0.492585059757
7.77,0.330948720395,0.459633213338
7.77,0.33499972491,0.425678291995
7.77,0.338973868381,0.390595647298
7.77,0.342868756931,0.354214582676
7.77,0.346682044427,0.316293863464
7.77,0.350411433885,0.276477581592
7.77,0.354054678862,0.234207554702
7.77,0.357609584802,0.188523695739
7.77,0.361074010363,0.137497804196
7.77,0.364445868705,0.0757653511877
7.77,0.367723128747,0
7.77,0.370903816389,0
7.77,0.373986015705,0
7.77,0.376967870092,0
7.77,0.379847583394,0
7.77,0.382623420977,0
7.77,0.385293710783,0
7.77,0.387856844327,0
7.77,0.390311277674,0
7.77,0.392655532366,0
7.77,0.394888196311,0
7.77,0.397007924635,0
7.77,0.399013440494,0
7.77,0.400903535839,0
7.77,0.402677072149,0
7.77,0.404332981111,0
7.77,0.405870265267,0
7.77,0.407287998615,0
7.77,0.408585327165,0
7.77,0.409761469456,0
7.77,0.410815717022,0
7.77,0.411747434826,0
7.77,0.412556061634,0
7.77,0.41324111036,0
7.77,0.413802168357,0
7.77,0.414238897663,0
7.77,0.414551035211,0
7.77,0.414738392979,0
7.77,0.414800858111,0
7.8225,0,1.39300795604
7.8225,6.24651316307e-05,1.39300793745
7.8225,0.000249822899863,1.39300763936
7.8225,0.000561960447384,1.39300629331
7.8225,0.000998689754205,1.39300256519
7.8225,0.00155974775092,1.39299453663
7.8225,0.00224479647718,1.39297969492
7.8225,0.00305342328524,1.39295492828
7.8225,0.00398514108855,1.39291652516
7.8225,0.00503938865514,1.3928601769
7.8225,0.0062155309457,1.39278098338
7.8225,0.0075128594961,1.39267346125
7.8225,0.00893059284412,1.39253155463
7.8225,0.0104678770002,1.39234864797
7.8225,0.0121237859619,1.39211758105
7.8225,0.0138973222715,1.39183066582
7.8225,0.0157874176171,1.39147970506
7.8225,0.0177929334759,1.39105601265
7.8225,0.0199126618001,1.3905504353
7.8225,0.0221453257447,1.38995337575
7.8225,0.0244895804365,1.3892548171
7.8225,0.0269440137839,1.38844434833
7.8225,0.0295071473283,1.38751119077
7.8225,0.0321774371336,1.38644422542
7.8225,0.0349532747173,1.38523202107
7.8225,0.0378329880186,1.38386286296
7.8225,0.0408148424058,1.382324782
7.8225,0.0438970417214,1.38060558439
7.8225,0.0470777293637,1.37869288143
7.8225,0.0503549894054,1.37657411961
7.8225,0.0537268477477,1.3742366107
7.8225,0.0571912733091,1.37166756179
7.8225,0.0607461792493,1.36885410527
7.8225,0.0643894242258,1.3657833285
7.8225,0.0681188136841,1.36244230325
7.8225,0.0719321011795,1.35881811463
7.8225,0.07582698973,1.35489788969
7.8225,0.0798011332006,1.35066882529
7.8225,0.0838521377157,1.3461182155
7.8225,0.0879775631017,1.34123347817
7.8225,0.0921749243567,1.33600218078
7.8225,0.0964416931472,1.33041206549
7.8225,0.100775299331,1.32445107319
7.8225,0.105173132506,1.31810736668
7.8225,0.109632543582,1.31136935274
7.8225,0.114150846377,1.3042257032
7.8225,0.118725319233,1.2966653748
7.8225,0.12335320666,1.28867762783
7.8225,0.128031720991,1.28025204356
7.8225,0.132758044063,1.27137854028
7.8225,0.137529328917,1.26204738794
7.8225,0.14234270151,1.25224922133
7.8225,0.147195262445,1.24197505167
7.8225,0.152084088721,1.23121627661
7.8225,0.157006235492,1.21996468841
7.8225,0.16195873784,1.20821248033
7.8225,0.166938612565,1.19595225105
7.8225,0.171942859974,1.18317700699
7.8225,0.176968465698,1.16988016235
7.8225,0.182012402498,1.15605553676
7.8225,0.187071632096,1.14169735028
7.8225,0.192143107002,1.1268002155
7.8225,0.197223772347,1.11135912659
7.8225,0.20231056773,1.09536944474
7.8225,0.207400429055,1.07882687986
7.8225,0.212490290381,1.06172746792
7.8225,0.217577085764,1.04406754343
7.8225,0.222657751109,1.02584370644
7.8225,0.227729226015,1.00705278323
7.8225,0.232788455613,0.987691779764
7.8225,0.237832392413,0.967757826785
7.8225,0.242857998136,0.947248115041
7.8225,0.247862245546,0.926159819019
7.8225,0.252842120271,0.904490006935
7.8225,0.257794622619,0.88223553432
7.8225,0.26271676939,0.859392917785
7.8225,0.267605595666,0.835958184641
7.8225,0.272458156601,0.811926692862
7.8225,0.277271529193,0.787292914206
7.8225,0.282042814048,0.762050171167
7.8225,0.28676913712,0.736190315381
7.8225,0.291447651451,0.70970333095
7.8225,0.296075538878,0.682576840235
7.8225,0.300650011734,0.654795481187
7.8225,0.305168314528,0.626340112909
7.8225,0.309627725605,0.597186787601
7.8225,0.31402555878,0.567305398786
7.8225,0.318359164964,0.536657871263
7.8225,0.322625933754,0.505195686523
7.8225,0.326823295009,0.472856417204
7.8225,0.330948720395,0.439558735187
7.8225,0.33499972491,0.405194976594
7.8225,0.338973868381,0.369619611703
7.8225,0.342868756931,0.332630450397
7.8225,0.346682044427,0.293936005972
7.8225,0.350411433885,0.253093904748
7.8225,0.354054678862,0.209380453247
7.8225,0.357609584802,0.161462348877
7.8225,0.361074010363,0.106282996628
7.8225,0.364445868705,0.0307033707806
7.8225,0.367723128747,0
7.8225,0.370903816389,0
7.8225,0.373986015705,0
7.8225,0.376967870092,0
7.8225,0.379847583394,0
7.8225,0.382623420977,0
7.8225,0.385293710783,0
7.8225,0.387856844327,0
7.8225,0.390311277674,0
7.8225,0.392655532366,0
7.8225,0.394888196311,0
7.8225,0.397007924635,0
7.8225,0.399013440494,0
7.8225,0.400903535839,0
7.8225,0.402677072149,0
7.8225,0.404332981111,0
7.8225,0.405870265267,0
7.8225,0.407287998615,0
7.8225,0.408585327165,0
7.8225,0.409761469456,0
7.8225,0.410815717022,0
7.8225,0.411747434826,0
7.8225,0.412556061634,0
7.8225,0.41324111036,0
7.8225,0.413802168357,0
7.8225,0.414238897663,0
7.8225,0.414551035211,0
7.8225,0.414738392979,0
7.8225,0.414800858111,0
7.875,0,1.37814911758
7.875,6.24651316307e-05,1.37814909813
7.875,0.000249822899863,1.37814878841
7.875,0.000561960447384,1.37814739611
7.875,0.000998689754205,1.37814355193
7.875,0.00155974775092,1.37813529315
7.875,0.00224479647718,1.37812005518
7.875,0.00305342328524,1.37809466818
7.875,0.00398514108855,1.37805535745
7.875,0.00503938865514,1.3779977472
7.875,0.0062155309457,1.37791686706
7.875,0.0075128594961,1.37780716118
7.875,0.00893059284412,1.37766249965
7.875,0.0104678770002,1.37747619214
7.875,0.0121237859619,1.37724100347
7.875,0.0138973222715,1.37694917109
7.875,0.0157874176171,1.37659242428
7.875,0.0177929334759,1.37616200489
7.875,0.0199126618001,1.37564868959
7.875,0.0221453257447,1.37504281341
7.875,0.0244895804365,1.3743342945
7.875,0.0269440137839,1.37351265994
7.875,0.0295071473283,1.37256707253
7.875,0.0321774371336,1.37148635837
7.875,0.0349532747173,1.37025903516
7.875,0.0378329880186,1.36887334109
7.875,0.0408148424058,1.36731726423
7.875,0.0438970417214,1.36557857215
7.875,0.0470777293637,1.36364484198
7.875,0.0503549894054,1.36150349043
7.875,0.0537268477477,1.35914180395
7.875,0.0571912733091,1.3565469688
7.875,0.0607461792493,1.35370610093
7.875,0.0643894242258,1.35060627568
7.875,0.0681188136841,1.34723455703
7.875,0.0719321011795,1.34357802657
7.875,0.07582698973,1.33962381182
7.875,0.0798011332006,1.33535911406
7.875,0.0838521377157,1.33077123552
7.875,0.0879775631017,1.32584760572
7.875,0.0921749243567,1.32057580719
7.875,0.0964416931472,1.31494360018
7.875,0.100775299331,1.30893894652
7.875,0.105173132506,1.30255003249
7.875,0.109632543582,1.29576529064
7.875,0.114150846377,1.28857342044
7.875,0.118725319233,1.28096340785
7.875,0.12335320666,1.27292454361
7.875,0.128031720991,1.2644464402
7.875,0.132758044063,1.25551904748
7.875,0.137529328917,1.24613266688
7.875,0.14234270151,1.23627796405
7.875,0.147195262445,1.22594597994
7.875,0.152084088721,1.21512814016
7.875,0.157006235492,1.20381626259
7.875,0.16195873784,1.19200256303
7.875,0.166938612565,1.17967965889
7.875,0.171942859974,1.16684057065
7.875,0.176968465698,1.15347872101
7.875,0.182012402498,1.1395879315
7.875,0.187071632096,1.12516241635
7.875,0.192143107002,1.11019677335
7.875,0.197223772347,1.09468597141
7.875,0.20231056773,1.07862533446
7.875,0.207400429055,1.06201052127
7.875,0.212490290381,1.04483750071
7.875,0.217577085764,1.02710252185
7.875,0.222657751109,1.00880207813
7.875,0.227729226015,0.989932864851
7.875,0.232788455613,0.970491728862
7.875,0.237832392413,0.95047560916
7.875,0.242857998136,0.92988146689
7.875,0.247862245546,0.908706202768
7.875,0.252842120271,0.886946559522
7.875,0.257794622619,0.864599006333
7.875,0.26271676939,0.841659601444
7.875,0.267605595666,0.818123828051
7.875,0.272458156601,0.793986397223
7.875,0.277271529193,0.769241009664
7.875,0.282042814048,0.743880065603
7.875,0.28676913712,0.71789430855
7.875,0.291447651451,0.691272383688
7.875,0.296075538878,0.664000284621
7.875,0.300650011734,0.636060651973
7.875,0.305168314528,0.607431872201
7.875,0.309627725605,0.578086902178
7.875,0.31402555878,0.54799170968
7.875,0.318359164964,0.517103163633
7.875,0.322625933754,0.485366115226
7.875,0.326823295009,0.452709252916
7.875,0.330948720395,0.41903903247
7.875,0.33499972491,0.384230454721
7.875,0.338973868381,0.348112409631
7.875,0.342868756931,0.310443037224
7.875,0.346682044427,0.270865182974
7.875,0.350411433885,0.228817573942
7.875,0.354054678862,0.183330922097
7.875,0.357609584802,0.132442038216
7.875,0.361074010363,0.0705559002137
7.875,0.364445868705,0
7.875,0.367723128747,0
7.875,0.370903816389,0
7.875,0.373986015705,0
7.875,0.376967870092,0
7.875,0.379847583394,0
7.875,0.382623420977,0
7.875,0.385293710783,0
7.875,0.387856844327,0
7.875,0.390311277674,0
7.875,0.392655532366,0
7.875,0.394888196311,0
7.875,0.397007924635,0
7.875,0.399013440494,0
7.875,0.400903535839,0
7.875,0.402677072149,0
7.875,0.404332981111,0
7.875,0.405870265267,0
7.875,0.407287998615,0
7.875,0.408585327165,0
7.875,0.409761469456,0
7.875,0.410815717022,0
7.875,0.411747434826,0
7.875,0.412556061634,0
7.875,0.41324111036,0
7.875,0.413802168357,0
7.875,0.414238897663,0
7.875,0.414551035211,0
7.875,0.414738392979,0
7.875,0.414800858111,0
7.9275,0,1.3630324291
7.9275,6.24651316307e-05,1.36303240872
7.9275,0.000249822899863,1.3630320866
7.9275,0.000561960447384,1.36303064517
7.9275,0.000998689754205,1.36302667813
7.9275,0.00155974775092,1.36301817629
7.9275,0.00224479647718,1.36300252087
7.9275,0.00305342328524,1.36297648147
7.9275,0.00398514108855,1.36293621777
7.9275,0.00503938865514,1.3628772843
7.9275,0.0062155309457,1.36279463792
7.9275,0.0075128594961,1.36268264778
7.9275,0.00893059284412,1.36253510757
7.9275,0.0104678770002,1.36234524987
7.9275,0.0121237859619,1.36210576235
7.9275,0.0138973222715,1.36180880593
7.9275,0.0157874176171,1.36144603448
7.9275,0.0177929334759,1.3610086161
7.9275,0.0199126618001,1.36048725584
7.9275,0.0221453257447,1.35987221964
7.9275,0.0244895804365,1.35915335949
7.9275,0.0269440137839,1.35832013958
7.9275,0.0295071473283,1.35736166334
7.9275,0.0321774371336,1.35626670133
7.9275,0.0349532747173,1.35502371977
7.9275,0.0378329880186,1.35362090954
7.9275,0.0408148424058,1.35204621578
7.9275,0.0438970417214,1.35028736762
7.9275,0.0470777293637,1.34833190831
7.9275,0.0503549894054,1.34616722528
7.9275,0.0537268477477,1.34378058036
7.9275,0.0571912733091,1.34115913979
7.9275,0.0607461792493,1.33829000411
7.9275,0.0643894242258,1.33516023776
7.9275,0.0681188136841,1.33175689829
7.9275,0.0719321011795,1.32806706516
7.9275,0.07582698973,1.32407786796
7.9275,0.0798011332006,1.3197765141
7.9275,0.0838521377157,1.31515031572
7.9275,0.0879775631017,1.31018671598
7.9275,0.0921749243567,1.3048733144
7.9275,0.0964416931472,1.29919789142
7.9275,0.100775299331,1.29314843195
7.9275,0.105173132506,1.28671314797
7.9275,0.109632543582,1.27988049998
7.9275,0.114150846377,1.27263921739
7.9275,0.118725319233,1.26497831767
7.9275,0.12335320666,1.25688712425
7.9275,0.128031720991,1.24835528308
7.9275,0.132758044063,1.23937277783
7.9275,0.137529328917,1.22992994355
7.9275,0.14234270151,1.22001747882
7.9275,0.147195262445,1.20962645628
7.9275,0.152084088721,1.19874833136
7.9275,0.157006235492,1.18737494923
7.9275,0.16195873784,1.17549854972
7.9275,0.166938612565,1.16311177021
7.9275,0.171942859974,1.15020764622
7.9275,0.176968465698,1.13677960962
7.9275,0.182012402498,1.12282148409
7.9275,0.187071632096,1.10832747788
7.9275,0.192143107002,1.09329217328
7.9275,0.197223772347,1.07771051266
7.9275,0.20231056773,1.06157778069
7.9275,0.207400429055,1.04488958218
7.9275,0.212490290381,1.0276418151
7.9275,0.217577085764,1.00983063812
7.9275,0.222657751109,0.991452431779
7.9275,0.227729226015,0.972503752496
7.9275,0.232788455613,0.952981278159
7.9275,0.237832392413,0.932881743915
7.9275,0.242857998136,0.91220186642
7.9275,0.247862245546,0.890938254389
7.9275,0.252842120271,0.869087302753
7.9275,0.257794622619,0.846645067025
7.9275,0.26271676939,0.823607113561
7.9275,0.267605595666,0.799968340195
7.9275,0.272458156601,0.775722760114
7.9275,0.277271529193,0.750863239619
7.9275,0.282042814048,0.725381177444
7.9275,0.28676913712,0.699266109096
7.9275,0.291447651451,0.67250521379
7.9275,0.296075538878,0.645082693052
7.9275,0.300650011734,0.616978977658
7.9275,0.305168314528,0.588169701019
7.9275,0.309627725605,0.558624348704
7.9275,0.31402555878,0.528304449211
7.9275,0.318359164964,0.497161098849
7.9275,0.322625933754,0.465131492577
7.9275,0.326823295009,0.432133921535
7.9275,0.330948720395,0.398060312027
7.9275,0.33499972491,0.362764634162
7.9275,0.338973868381,0.326043961835
7.9275,0.342868756931,0.287605475515
7.9275,0.346682044427,0.24700389929
7.9275,0.350411433885,0.203508078044
7.9275,0.354054678862,0.155761262559
7.9275,0.357609584802,0.100601577123
7.9275,0.361074010363,0.0231491061273
7.9275,0.364445868705,0
7.9275,0.367723128747,0
7.9275,0.370903816389,0
7.9275,0.373986015705,0
7.9275,0.376967870092,0
7.9275,0.379847583394,0
7.9275,0.382623420977,0
7.9275,0.385293710783,0
7.9275,0.387856844327,0
7.9275,0.390311277674,0
7.9275,0.392655532366,0
7.9275,0.394888196311,0
7.9275,0.397007924635,0
7.9275,0.399013440494,0
7.9275,0.400903535839,0
7.9275,0.402677072149,0
7.9275,0.404332981111,0
7.9275,0.405870265267,0
7.9275,0.407287998615,0
7.9275,0.408585327165,0
7.9275,0.409761469456,0
7.9275,0.410815717022,0
7.9275,0.411747434826,0
7.9275,0.412556061634,0
7.9275,0.41324111036,0
7.9275,0.413802168357,0
7.9275,0.414238897663,0
7.9275,0.414551035211,0
7.9275,0.414738392979,0
7.9275,0.414800858111,0
7.98,0,1.3476556893
7.98,6.24651316307e-05,1.34765566792
7.98,0.000249822899863,1.34765533255
7.98,0.000561960447384,1.34765383894
7.98,0.000998689754205,1.34764974184
7.98,0.00155974775092,1.34764098341
7.98,0.00224479647718,1.34762488824
7.98,0.00305342328524,1.3475981629
7.98,0.00398514108855,1.34755689884
7.98,0.00503938865514,1.34749657832
7.98,0.0062155309457,1.34741208287
7.98,0.0075128594961,1.34729770417
7.98,0.00893059284412,1.34714715709
7.98,0.0104678770002,1.3469535948
7.98,0.0121237859619,1.34670962569
7.98,0.0138973222715,1.34640733211
7.98,0.0157874176171,1.34603829066
7.98,0.0177929334759,1.34559359402
7.98,0.0199126618001,1.34506387411
7.98,0.0221453257447,1.34443932648
7.98,0.0244895804365,1.34370973582
7.98,0.0269440137839,1.34286450251
7.98,0.0295071473283,1.3418926699
7.98,0.0321774371336,1.34078295249
7.98,0.0349532747173,1.33952376467
7.98,0.0378329880186,1.33810324992
7.98,0.0408148424058,1.33650931051
7.98,0.0438970417214,1.3347296374
7.98,0.0470777293637,1.3327517404
7.98,0.0503549894054,1.33056297832
7.98,0.0537268477477,1.32815058915
7.98,0.0571912733091,1.32550172011
7.98,0.0607461792493,1.32260345748
7.98,0.0643894242258,1.3194428561
7.98,0.0681188136841,1.31600696853
7.98,0.0719321011795,1.31228287369
7.98,0.07582698973,1.30825770497
7.98,0.0798011332006,1.30391867771
7.98,0.0838521377157,1.29925311595
7.98,0.0879775631017,1.29424847849
7.98,0.0921749243567,1.28889238399
7.98,0.0964416931472,1.28317263527
7.98,0.100775299331,1.27707724261
7.98,0.105173132506,1.27059444596
7.98,0.109632543582,1.26371273618
7.98,0.114150846377,1.25642087495
7.98,0.118725319233,1.24870791365
7.98,0.12335320666,1.24056321076
7.98,0.128031720991,1.23197644805
7.98,0.132758044063,1.22293764528
7.98,0.137529328917,1.21343717333
7.98,0.14234270151,1.20346576587
7.98,0.147195262445,1.19301452922
7.98,0.152084088721,1.18207495052
7.98,0.157006235492,1.17063890389
7.98,0.16195873784,1.15869865469
7.98,0.166938612565,1.14624686148
7.98,0.171942859974,1.13327657578
7.98,0.176968465698,1.11978123914
7.98,0.182012402498,1.10575467763
7.98,0.187071632096,1.09119109317
7.98,0.192143107002,1.07608505168
7.98,0.197223772347,1.06043146749
7.98,0.20231056773,1.04422558371
7.98,0.207400429055,1.02746294798
7.98,0.212490290381,1.01013938317
7.98,0.217577085764,0.992250952018
7.98,0.222657751109,0.973793915216
7.98,0.227729226015,0.95476468158
7.98,0.232788455613,0.935159749228
7.98,0.237832392413,0.91497563612
7.98,0.242857998136,0.894208798046
7.98,0.247862245546,0.87285553165
7.98,0.252842120271,0.850911859466
7.98,0.257794622619,0.828373393162
7.98,0.26271676939,0.805235170093
7.98,0.267605595666,0.781491456928
7.98,0.272458156601,0.757135512164
7.98,0.277271529193,0.732159296836
7.98,0.282042814048,0.706553119142
7.98,0.28676913712,0.680305193766
7.98,0.291447651451,0.653401089588
7.98,0.296075538878,0.625823029228
7.98,0.300650011734,0.597548988665
7.98,0.305168314528,0.568551522247
7.98,0.309627725605,0.538796202771
7.98,0.31402555878,0.508239509524
7.98,0.318359164964,0.476825903558
7.98,0.322625933754,0.444483669417
7.98,0.326823295009,0.411118816491
7.98,0.330948720395,0.376605795106
7.98,0.33499972491,0.340772705044
7.98,0.338973868381,0.303376344003
7.98,0.342868756931,0.264056886358
7.98,0.346682044427,0.222246896977
7.98,0.350411433885,0.17696025833
7.98,0.354054678862,0.126174150376
7.98,0.357609584802,0.0639097794579
7.98,0.361074010363,0
7.98,0.364445868705,0
7.98,0.367723128747,0
7.98,0.370903816389,0
7.98,0.373986015705,0
7.98,0.376967870092,0
7.98,0.379847583394,0
7.98,0.382623420977,0
7.98,0.385293710783,0
7.98,0.387856844327,0
7.98,0.390311277674,0
7.98,0.392655532366,0
7.98,0.394888196311,0
7.98,0.397007924635,0
7.98,0.399013440494,0
7.98,0.400903535839,0
7.98,0.402677072149,0
7.98,0.404332981111,0
7.98,0.405870265267,0
7.98,0.407287998615,0
7.98,0.408585327165,0
7.98,0.409761469456,0
7.98,0.410815717022,0
7.98,0.411747434826,0
7.98,0.412556061634,0
7.98,0.41324111036,0
7.98,0.413802168357,0
7.98,0.414238897663,0
7.98,0.414551035211,0
7.98,0.414738392979,0
7.98,0.414800858111,0
8.0325,0,1.33201653733
8.0325,6.24651316307e-05,1.33201651488
8.0325,0.000249822899863,1.33201616537
8.0325,0.000561960447384,1.33201461631
8.0325,0.000998689754205,1.33201038155
8.0325,0.00155974775092,1.33200135224
8.0325,0.00224479647718,1.3319847939
8.0325,0.00305342328524,1.33195734744
8.0325,0.00398514108855,1.33191503348
8.0325,0.00503938865514,1.33185325935
8.0325,0.0062155309457,1.33176682868
8.0325,0.0075128594961,1.33164995314
8.0325,0.00893059284412,1.33149626638
8.0325,0.0104678770002,1.33129883986
8.0325,0.0121237859619,1.33105020056
8.0325,0.0138973222715,1.33074235024
8.0325,0.0157874176171,1.33036678647
8.0325,0.0177929334759,1.32991452484
8.0325,0.0199126618001,1.32937612272
8.0325,0.0221453257447,1.32874170403
8.0325,0.0244895804365,1.32800098516
8.0325,0.0269440137839,1.32714330181
8.0325,0.0295071473283,1.32615763666
8.0325,0.0321774371336,1.32503264775
8.0325,0.0349532747173,1.32375669742
8.0325,0.0378329880186,1.32231788174
8.0325,0.0408148424058,1.32070406034
8.0325,0.0438970417214,1.3189028864
8.0325,0.0470777293637,1.3169018369
8.0325,0.0503549894054,1.31468824278
8.0325,0.0537268477477,1.31224931918
8.0325,0.0571912733091,1.30957219542
8.0325,0.0607461792493,1.3066439448
8.0325,0.0643894242258,1.30345161403
8.0325,0.0681188136841,1.29998225227
8.0325,0.0719321011795,1.29622293965
8.0325,0.07582698973,1.29216081519
8.0325,0.0798011332006,1.28778310417
8.0325,0.0838521377157,1.28307714462
8.0325,0.0879775631017,1.27803041313
8.0325,0.0921749243567,1.2726305498
8.0325,0.0964416931472,1.26686538217
8.0325,0.100775299331,1.26072294825
8.0325,0.105173132506,1.25419151845
8.0325,0.109632543582,1.2472596164
8.0325,0.114150846377,1.2399160386
8.0325,0.118725319233,1.23214987277
8.0325,0.12335320666,1.22395051493
8.0325,0.128031720991,1.2153076851
8.0325,0.132758044063,1.20621144147
8.0325,0.137529328917,1.19665219308
8.0325,0.14234270151,1.18662071085
8.0325,0.147195262445,1.17610813686
8.0325,0.152084088721,1.1651059918
8.0325,0.157006235492,1.15360618048
8.0325,0.16195873784,1.14160099523
8.0325,0.166938612565,1.12908311702
8.0325,0.171942859974,1.11604561417
8.0325,0.176968465698,1.10248193849
8.0325,0.182012402498,1.0883859184
8.0325,0.187071632096,1.07375174907
8.0325,0.192143107002,1.05857397897
8.0325,0.197223772347,1.04284749258
8.0325,0.20231056773,1.02656748883
8.0325,0.207400429055,1.00972945466
8.0325,0.212490290381,0.992329133021
8.0325,0.217577085764,0.974362484705
8.0325,0.222657751109,0.95582564282
8.0325,0.227729226015,0.936714858962
8.0325,0.232788455613,0.917026439562
8.0325,0.237832392413,0.896756670704
8.0325,0.242857998136,0.875901729268
8.0325,0.247862245546,0.854457577677
8.0325,0.252842120271,0.832419838891
8.0325,0.257794622619,0.809783647312
8.0325,0.26271676939,0.786543470096
8.0325,0.267605595666,0.762692891727
8.0325,0.272458156601,0.738224352517
8.0325,0.277271529193,0.713128828677
8.0325,0.282042814048,0.68739543742
8.0325,0.28676913712,0.661010944614
8.0325,0.291447651451,0.63395914399
8.0325,0.296075538878,0.606220064421
8.0325,0.300650011734,0.577768943101
8.0325,0.305168314528,0.548574873792
8.0325,0.309627725605,0.518598994294
8.0325,0.31402555878,0.487792004139
8.0325,0.318359164964,0.456090680765
8.0325,0.322625933754,0.423412847646
8.0325,0.326823295009,0.389649853855
8.0325,0.330948720395,0.354654859288
8.0325,0.33499972491,0.318223626248
8.0325,0.338973868381,0.280060897239
8.0325,0.342868756931,0.239716226202
8.0325,0.346682044427,0.19644578338
8.0325,0.350411433885,0.148854760444
8.0325,0.354054678862,0.0936142135035
8.0325,0.357609584802,0.0121417928662
8.0325,0.361074010363,0
8.0325,0.364445868705,0
8.0325,0.367723128747,0
8.0325,0.370903816389,0
8.0325,0.373986015705,0
8.0325,0.376967870092,0
8.0325,0.379847583394,0
8.0325,0.382623420977,0
8.0325,0.385293710783,0
8.0325,0.387856844327,0
8.0325,0.390311277674,0
8.0325,0.392655532366,0
8.0325,0.394888196311,0
8.0325,0.397007924635,0
8.0325,0.399013440494,0
8.0325,0.400903535839,0
8.0325,0.402677072149,0
8.0325,0.404332981111,0
8.0325,0.405870265267,0
8.0325,0.407287998615,0
8.0325,0.408585327165,0
8.0325,0.409761469456,0
8.0325,0.410815717022,0
8.0325,0.411747434826,0
8.0325,0.412556061634,0
8.0325,0.41324111036,0
8.0325,0.413802168357,0
8.0325,0.414238897663,0
8.0325,0.414551035211,0
8.0325,0.414738392979,0
8.0325,0.414800858111,0
8.085,0,1.31611244027
8.085,6.24651316307e-05,1.31611241665
8.085,0.000249822899863,1.31611205204
8.085,0.000561960447384,1.31611044407
8.085,0.000998689754205,1.31610606356
8.085,0.00155974775092,1.3160967483
8.085,0.00224479647718,1.31607970214
8.085,0.00305342328524,1.31605149769
8.085,0.00398514108855,1.31600808201
8.085,0.00503938865514,1.31594478486
8.085,0.0062155309457,1.31585632931
8.085,0.0075128594961,1.3157368445
8.085,0.00893059284412,1.31557988043
8.085,0.0104678770002,1.3153784246
8.085,0.0121237859619,1.31512492041
8.085,0.0138973222715,1.31481128715
8.085,0.0157874176171,1.31442894153
8.085,0.0177929334759,1.31396882054
8.085,0.0199126618001,1.31342140562
8.085,0.0221453257447,1.31277674791
8.085,0.0244895804365,1.31202449455
8.085,0.0269440137839,1.31115391587
8.085,0.0295071473283,1.31015393336
8.085,0.0321774371336,1.3090131483
8.085,0.0349532747173,1.30771987093
8.085,0.0378329880186,1.30626215006
8.085,0.0408148424058,1.30462780299
8.085,0.0438970417214,1.30280444569
8.085,0.0470777293637,1.30077952303
8.085,0.0503549894054,1.29854033903
8.085,0.0537268477477,1.29607408709
8.085,0.0571912733091,1.2933678799
8.085,0.0607461792493,1.29040877926
8.085,0.0643894242258,1.28718382534
8.085,0.0681188136841,1.28368006567
8.085,0.0719321011795,1.27988458344
8.085,0.07582698973,1.27578452539
8.085,0.0798011332006,1.27136712881
8.085,0.0838521377157,1.26661974797
8.085,0.0879775631017,1.26152987962
8.085,0.0921749243567,1.25608518767
8.085,0.0964416931472,1.25027352685
8.085,0.100775299331,1.24408296546
8.085,0.105173132506,1.23750180692
8.085,0.109632543582,1.23051861024
8.085,0.114150846377,1.2231222093
8.085,0.118725319233,1.21530173079
8.085,0.12335320666,1.20704661082
8.085,0.128031720991,1.19834661017
8.085,0.132758044063,1.18919182792
8.085,0.137529328917,1.17957271361
8.085,0.14234270151,1.16948007764
8.085,0.147195262445,1.15890509994
8.085,0.152084088721,1.1478393367
8.085,0.157006235492,1.1362747251
8.085,0.16195873784,1.12420358588
8.085,0.166938612565,1.11161862354
8.085,0.171942859974,1.09851292407
8.085,0.176968465698,1.08487994984
8.085,0.182012402498,1.0707135316
8.085,0.187071632096,1.05600785709
8.085,0.192143107002,1.04075745599
8.085,0.197223772347,1.02495718091
8.085,0.20231056773,1.00860218361
8.085,0.207400429055,0.991687886253
8.085,0.212490290381,0.974209946657
8.085,0.217577085764,0.956164216853
8.085,0.222657751109,0.937546693867
8.085,0.227729226015,0.918353461448
8.085,0.232788455613,0.898580621186
8.085,0.237832392413,0.878224211082
8.085,0.242857998136,0.857280109175
8.085,0.247862245546,0.835743919187
8.085,0.252842120271,0.813610834398
8.085,0.257794622619,0.790875474847
8.085,0.26271676939,0.767531691613
8.085,0.267605595666,0.74357233
8.085,0.272458156601,0.718988940906
8.085,0.277271529193,0.693771426065
8.085,0.282042814048,0.667907597907
8.085,0.28676913712,0.641382627609
8.085,0.291447651451,0.614178344621
8.085,0.296075538878,0.586272335625
8.085,0.300650011734,0.557636767679
8.085,0.305168314528,0.528236824277
8.085,0.309627725605,0.498028585448
8.085,0.31402555878,0.466956087825
8.085,0.318359164964,0.434947137409
8.085,0.322625933754,0.401907154994
8.085,0.326823295009,0.367709781262
8.085,0.330948720395,0.332181855109
8.085,0.33499972491,0.295077954505
8.085,0.338973868381,0.256033855153
8.085,0.342868756931,0.214472227557
8.085,0.346682044427,0.169380702501
8.085,0.350411433885,0.118645025605
8.085,0.354054678862,0.05567318969
8.085,0.357609584802,0
8.085,0.361074010363,0
8.085,0.364445868705,0
8.085,0.367723128747,0
8.085,0.370903816389,0
8.085,0.373986015705,0
8.085,0.376967870092,0
8.085,0.379847583394,0
8.085,0.382623420977,0
8.085,0.385293710783,0
8.085,0.387856844327,0
8.085,0.390311277674,0
8.085,0.392655532366,0
8.085,0.394888196311,0
8.085,0.397007924635,0
8.085,0.399013440494,0
8.085,0.400903535839,0
8.085,0.402677072149,0
8.085,0.404332981111,0
8.085,0.405870265267,0
8.085,0.407287998615,0
8.085,0.408585327165,0
8.085,0.409761469456,0
8.085,0.410815717022,0
8.085,0.411747434826,0
8.085,0.412556061634,0
8.085,0.41324111036,0
8.085,0.413802168357,0
8.085,0.414238897663,0
8.085,0.414551035211,0
8.085,0.414738392979,0
8.085,0.414800858111,0
8.1375,0,1.29994067925
8.1375,6.24651316307e-05,1.29994065439
8.1375,0.000249822899863,1.29994027364
8.1375,0.000561960447384,1.29993860306
8.1375,0.000998689754205,1.29993406823
8.1375,0.00155974775092,1.2999244511
8.1375,0.00224479647718,1.29990689118
8.1375,0.00305342328524,1.29987789006
8.1375,0.00398514108855,1.29983331847
8.1375,0.00503938865514,1.29976842587
8.1375,0.0062155309457,1.29967785211
8.1375,0.0075128594961,1.29955564127
8.1375,0.00893059284412,1.29939525726
8.1375,0.0104678770002,1.29918960137
8.1375,0.0121237859619,1.29893103133
8.1375,0.0138973222715,1.29861138204
8.1375,0.0157874176171,1.29822198768
8.1375,0.0177929334759,1.29775370512
8.1375,0.0199126618001,1.2971969386
8.1375,0.0221453257447,1.29654166542
8.1375,0.0244895804365,1.29577746265
8.1375,0.0269440137839,1.29489353464
8.1375,0.0295071473283,1.29387874131
8.1375,0.0321774371336,1.29272162702
8.1375,0.0349532747173,1.29141044998
8.1375,0.0378329880186,1.28993321199
8.1375,0.0408148424058,1.28827768857
8.1375,0.0438970417214,1.28643145913
8.1375,0.0470777293637,1.28438193734
8.1375,0.0503549894054,1.28211640141
8.1375,0.0537268477477,1.27962202424
8.1375,0.0571912733091,1.27688590339
8.1375,0.0607461792493,1.27389509072
8.1375,0.0643894242258,1.27063662167
8.1375,0.0681188136841,1.26709754403
8.1375,0.0719321011795,1.26326494616
8.1375,0.07582698973,1.25912598463
8.1375,0.0798011332006,1.25466791109
8.1375,0.0838521377157,1.24987809842
8.1375,0.0879775631017,1.24474406601
8.1375,0.0921749243567,1.23925350413
8.1375,0.0964416931472,1.23339429735
8.1375,0.100775299331,1.2271545469
8.1375,0.105173132506,1.2205225919
8.1375,0.109632543582,1.21348702949
8.1375,0.114150846377,1.20603673363
8.1375,0.118725319233,1.19816087267
8.1375,0.12335320666,1.1898489255
8.1375,0.128031720991,1.18109069622
8.1375,0.132758044063,1.17187632736
8.1375,0.137529328917,1.16219631137
8.1375,0.14234270151,1.15204150043
8.1375,0.147195262445,1.14140311442
8.1375,0.152084088721,1.13027274697
8.1375,0.157006235492,1.11864236931
8.1375,0.16195873784,1.10650433203
8.1375,0.166938612565,1.09385136427
8.1375,0.171942859974,1.08067657036
8.1375,0.176968465698,1.06697342355
8.1375,0.182012402498,1.05273575663
8.1375,0.187071632096,1.03795774905
8.1375,0.192143107002,1.02263391019
8.1375,0.197223772347,1.00675905831
8.1375,0.20231056773,0.990328294679
8.1375,0.207400429055,0.973336972141
8.1375,0.212490290381,0.95578065747
8.1375,0.217577085764,0.937655086446
8.1375,0.222657751109,0.918956110572
8.1375,0.227729226015,0.899679634001
8.1375,0.232788455613,0.879821538946
8.1375,0.237832392413,0.859377597406
8.1375,0.242857998136,0.838343366529
8.1375,0.247862245546,0.816714064208
8.1375,0.252842120271,0.794484420612
8.1375,0.257794622619,0.771648500115
8.1375,0.26271676939,0.748199486481
8.1375,0.267605595666,0.724129421942
8.1375,0.272458156601,0.699428887779
8.1375,0.277271529193,0.674086609804
8.1375,0.282042814048,0.648088966153
8.1375,0.28676913712,0.621419366226
8.1375,0.291447651451,0.594057456959
8.1375,0.296075538878,0.565978093738
8.1375,0.300650011734,0.537149984203
8.1375,0.305168314528,0.5075338674
8.1375,0.309627725605,0.477080016266
8.1375,0.31402555878,0.44572472591
8.1375,0.318359164964,0.413385229838
8.1375,0.322625933754,0.379952080241
8.1375,0.326823295009,0.345277235514
8.1375,0.330948720395,0.309154435542
8.1375,0.33499972491,0.271284633748
8.1375,0.338973868381,0.231209440087
8.1375,0.342868756931,0.188165891792
8.1375,0.346682044427,0.140702404414
8.1375,0.350411433885,0.0852366919533
8.1375,0.354054678862,0
8.1375,0.357609584802,0
8.1375,0.361074010363,0
8.1375,0.364445868705,0
8.1375,0.367723128747,0
8.1375,0.370903816389,0
8.1375,0.373986015705,0
8.1375,0.376967870092,0
8.1375,0.379847583394,0
8.1375,0.382623420977,0
8.1375,0.385293710783,0
8.1375,0.387856844327,0
8.1375,0.390311277674,0
8.1375,0.392655532366,0
8.1375,0.394888196311,0
8.1375,0.397007924635,0
8.1375,0.399013440494,0
8.1375,0.400903535839,0
8.1375,0.402677072149,0
8.1375,0.404332981111,0
8.1375,0.405870265267,0
8.1375,0.407287998615,0
8.1375,0.408585327165,0
8.1375,0.409761469456,0
8.1375,0.410815717022,0
8.1375,0.411747434826,0
8.1375,0.412556061634,0
8.1375,0.41324111036,0
8.1375,0.413802168357,0
8.1375,0.414238897663,0
8.1375,0.414551035211,0
8.1375,0.414738392979,0
8.1375,0.414800858111,0
8.19,0,1.28349833442
8.19,6.24651316307e-05,1.28349830821
8.19,0.000249822899863,1.2834979102
8.19,0.000561960447384,1.28349617307
8.19,0.000998689754205,1.28349147484
8.19,0.00155974775092,1.28348153901
8.19,0.00224479647718,1.28346343805
8.19,0.00305342328524,1.28343359965
8.19,0.00398514108855,1.28338781545
8.19,0.00503938865514,1.2833212518
8.19,0.0062155309457,1.28322846268
8.19,0.0075128594961,1.28310340451
8.19,0.00893059284412,1.28293945274
8.19,0.0104678770002,1.28272942017
8.19,0.0121237859619,1.28246557683
8.19,0.0138973222715,1.28213967137
8.19,0.0157874176171,1.28174295379
8.19,0.0177929334759,1.28126619945
8.19,0.0199126618001,1.28069973418
8.19,0.0221453257447,1.28003346052
8.19,0.0244895804365,1.27925688472
8.19,0.0269440137839,1.27835914467
8.19,0.0295071473283,1.27732903847
8.19,0.0321774371336,1.27615505356
8.19,0.0349532747173,1.2748253963
8.19,0.0378329880186,1.27332802195
8.19,0.0408148424058,1.27165066486
8.19,0.0438970417214,1.26978086876
8.19,0.0470777293637,1.26770601721
8.19,0.0503549894054,1.26541336382
8.19,0.0537268477477,1.26289006246
8.19,0.0571912733091,1.26012319717
8.19,0.0607461792493,1.2570998117
8.19,0.0643894242258,1.25380693866
8.19,0.0681188136841,1.25023162821
8.19,0.0719321011795,1.24636097609
8.19,0.07582698973,1.24218215107
8.19,0.0798011332006,1.2376824216
8.19,0.0838521377157,1.23284918173
8.19,0.0879775631017,1.22766997612
8.19,0.0921749243567,1.22213252415
8.19,0.0964416931472,1.21622474296
8.19,0.100775299331,1.20993476952
8.19,0.105173132506,1.20325098152
8.19,0.109632543582,1.19616201704
8.19,0.114150846377,1.18865679296
8.19,0.118725319233,1.18072452212
8.19,0.12335320666,1.1723547289
8.19,0.128031720991,1.16353726349
8.19,0.132758044063,1.15426231443
8.19,0.137529328917,1.14452041954
8.19,0.14234270151,1.13430247514
8.19,0.147195262445,1.12359974322
8.19,0.152084088721,1.11240385676
8.19,0.157006235492,1.10070682278
8.19,0.16195873784,1.08850102306
8.19,0.166938612565,1.07577921241
8.19,0.171942859974,1.06253451414
8.19,0.176968465698,1.04876041249
8.19,0.182012402498,1.03445074189
8.19,0.187071632096,1.0195996724
8.19,0.192143107002,1.00420169122
8.19,0.197223772347,0.988251579532
8.19,0.20231056773,0.971744384247
8.19,0.207400429055,0.954675383832
8.19,0.212490290381,0.93704004744
8.19,0.217577085764,0.918833986253
8.19,0.222657751109,0.900052895788
8.19,0.227729226015,0.880692487593
8.19,0.232788455613,0.860748408408
8.19,0.237832392413,0.840216144382
8.19,0.242857998136,0.819090907321
8.19,0.247862245546,0.79736749915
8.19,0.252842120271,0.775040149705
8.19,0.257794622619,0.752102321571
8.19,0.26271676939,0.72854647378
8.19,0.267605595666,0.704363773595
8.19,0.272458156601,0.679543742015
8.19,0.277271529193,0.654073813619
8.19,0.282042814048,0.627938784148
8.19,0.28676913712,0.601120108792
8.19,0.291447651451,0.573594998628
8.19,0.296075538878,0.545335239068
8.19,0.300650011734,0.516305617508
8.19,0.305168314528,0.486461788526
8.19,0.309627725605,0.455747307476
8.19,0.31402555878,0.424089395437
8.19,0.318359164964,0.391392696063
8.19,0.322625933754,0.357529710271
8.19,0.326823295009,0.322325429851
8.19,0.330948720395,0.285531132138
8.19,0.33499972491,0.246776067854
8.19,0.338973868381,0.205468372791
8.19,0.342868756931,0.160557397554
8.19,0.346682044427,0.109794330168
8.19,0.350411433885,0.045590928069
8.19,0.354054678862,0
8.19,0.357609584802,0
8.19,0.361074010363,0
8.19,0.364445868705,0
8.19,0.367723128747,0
8.19,0.370903816389,0
8.19,0.373986015705,0
8.19,0.376967870092,0
8.19,0.379847583394,0
8.19,0.382623420977,0
8.19,0.385293710783,0
8.19,0.387856844327,0
8.19,0.390311277674,0
8.19,0.392655532366,0
8.19,0.394888196311,0
8.19,0.397007924635,0
8.19,0.399013440494,0
8.19,0.400903535839,0
8.19,0.402677072149,0
8.19,0.404332981111,0
8.19,0.405870265267,0
8.19,0.407287998615,0
8.19,0.408585327165,0
8.19,0.409761469456,0
8.19,0.410815717022,0
8.19,0.411747434826,0
8.19,0.412556061634,0
8.19,0.41324111036,0
8.19,0.413802168357,0
8.19,0.414238897663,0
8.19,0.414551035211,0
8.19,0.414738392979,0
8.19,0.414800858111,0
8.2425,0,1.26678226821
8.2425,6.24651316307e-05,1.26678224055
8.2425,0.000249822899863,1.2667818241
8.2425,0.000561960447384,1.26678001619
8.2425,0.000998689754205,1.26677514491
8.2425,0.00155974775092,1.26676487261
8.2425,0.00224479647718,1.26674620185
8.2425,0.00305342328524,1.26671548358
8.2425,0.00398514108855,1.26666842741
8.2425,0.00503938865514,1.2666001138
8.2425,0.0062155309457,1.26650500815
8.2425,0.0075128594961,1.26637697666
8.2425,0.00893059284412,1.26620930389
8.2425,0.0104678770002,1.26599471196
8.2425,0.0121237859619,1.26572538117
8.2425,0.0138973222715,1.26539297214
8.2425,0.0157874176171,1.26498864913
8.2425,0.0177929334759,1.26450310463
8.2425,0.0199126618001,1.26392658503
8.2425,0.0221453257447,1.2632489172
8.2425,0.0244895804365,1.26245953601
8.2425,0.0269440137839,1.26154751255
8.2425,0.0295071473283,1.26050158297
8.2425,0.0321774371336,1.25931017792
8.2425,0.0349532747173,1.25796145229
8.2425,0.0378329880186,1.25644331538
8.2425,0.0408148424058,1.25474346118
8.2425,0.0438970417214,1.2528493988
8.2425,0.0470777293637,1.25074848289
8.2425,0.0503549894054,1.24842794394
8.2425,0.0537268477477,1.24587491841
8.2425,0.0571912733091,1.24307647858
8.2425,0.0607461792493,1.24001966208
8.2425,0.0643894242258,1.23669150083
8.2425,0.0681188136841,1.23307904962
8.2425,0.0719321011795,1.22916941398
8.2425,0.07582698973,1.22494977738
8.2425,0.0798011332006,1.22040742773
8.2425,0.0838521377157,1.21552978296
8.2425,0.0879775631017,1.21030441582
8.2425,0.0921749243567,1.20471907763
8.2425,0.0964416931472,1.19876172105
8.2425,0.100775299331,1.19242052176
8.2425,0.105173132506,1.18568389895
8.2425,0.109632543582,1.17854053463
8.2425,0.114150846377,1.17097939159
8.2425,0.118725319233,1.16298973004
8.2425,0.12335320666,1.15456112276
8.2425,0.128031720991,1.14568346876
8.2425,0.132758044063,1.13634700527
8.2425,0.137529328917,1.12654231807
8.2425,0.14234270151,1.11626034994
8.2425,0.147195262445,1.10549240721
8.2425,0.152084088721,1.09423016414
8.2425,0.157006235492,1.08246566516
8.2425,0.16195873784,1.07019132464
8.2425,0.166938612565,1.05739992399
8.2425,0.171942859974,1.04408460599
8.2425,0.176968465698,1.03023886588
8.2425,0.182012402498,1.01585653906
8.2425,0.187071632096,1.00093178488
8.2425,0.192143107002,0.985459066162
8.2425,0.197223772347,0.969433123842
8.2425,0.20231056773,0.952848946138
8.2425,0.207400429055,0.935701731431
8.2425,0.212490290381,0.917986843918
8.2425,0.217577085764,0.899699760905
8.2425,0.222657751109,0.880836010303
8.2425,0.227729226015,0.861391096624
8.2425,0.232788455613,0.841360413282
8.2425,0.237832392413,0.820739138543
8.2425,0.242857998136,0.799522111689
8.2425,0.247862245546,0.777703685102
8.2425,0.252842120271,0.755277546715
8.2425,0.257794622619,0.732236505642
8.2425,0.26271676939,0.708572231607
8.2425,0.267605595666,0.684274935681
8.2425,0.272458156601,0.659332975635
8.2425,0.277271529193,0.633732363117
8.2425,0.282042814048,0.607456141185
8.2425,0.28676913712,0.580483587901
8.2425,0.291447651451,0.552789182441
8.2425,0.296075538878,0.524341240551
8.2425,0.300650011734,0.495100079313
8.2425,0.305168314528,0.465015494702
8.2425,0.309627725605,0.434023206014
8.2425,0.31402555878,0.402039693047
8.2425,0.318359164964,0.368954428864
8.2425,0.322625933754,0.334617679149
8.2425,0.326823295009,0.298820279379
8.2425,0.330948720395,0.26125772084
8.2425,0.33499972491,0.221460207178
8.2425,0.338973868381,0.178637405882
8.2425,0.342868756931,0.131255965372
8.2425,0.346682044427,0.0753510838552
8.2425,0.350411433885,0
8.2425,0.354054678862,0
8.2425,0.357609584802,0
8.2425,0.361074010363,0
8.2425,0.364445868705,0
8.2425,0.367723128747,0
8.2425,0.370903816389,0
8.2425,0.373986015705,0
8.2425,0.376967870092,0
8.2425,0.379847583394,0
8.2425,0.382623420977,0
8.2425,0.385293710783,0
8.2425,0.387856844327,0
8.2425,0.390311277674,0
8.2425,0.392655532366,0
8.2425,0.394888196311,0
8.2425,0.397007924635,0
8.2425,0.399013440494,0
8.2425,0.400903535839,0
8.2425,0.402677072149,0
8.2425,0.404332981111,0
8.2425,0.405870265267,0
8.2425,0.407287998615,0
8.2425,0.408585327165,0
8.2425,0.409761469456,0
8.2425,0.410815717022,0
8.2425,0.411747434826,0
8.2425,0.412556061634,0
8.2425,0.41324111036,0
8.2425,0.413802168357,0
8.2425,0.414238897663,0
8.2425,0.414551035211,0
8.2425,0.414738392979,0
8.2425,0.414800858111,0
8.295,0,1.24978910704
8.295,6.24651316307e-05,1.24978907781
8.295,0.000249822899863,1.24978864162
8.295,0.000561960447384,1.24978675844
8.295,0.000998689754205,1.24978170387
8.295,0.00155974775092,1.24977107629
8.295,0.00224479647718,1.24975180544
8.295,0.00305342328524,1.24972016256
8.295,0.00398514108855,1.24967177229
8.295,0.00503938865514,1.24960162635
8.295,0.0062155309457,1.24950409882
8.295,0.0075128594961,1.2493729631
8.295,0.00893059284412,1.24920141049
8.295,0.0104678770002,1.24898207024
8.295,0.0121237859619,1.24870703098
8.295,0.0138973222715,1.24836786353
8.295,0.0157874176171,1.24795564496
8.295,0.0177929334759,1.24746098367
8.295,0.0199126618001,1.24687404558
8.295,0.0221453257447,1.24618458121
8.295,0.0244895804365,1.24538195359
8.295,0.0269440137839,1.24445516676
8.295,0.0295071473283,1.24339289501
8.295,0.0321774371336,1.24218351244
8.295,0.0349532747173,1.24081512303
8.295,0.0378329880186,1.23927559088
8.295,0.0408148424058,1.23755257064
8.295,0.0438970417214,1.23563353797
8.295,0.0470777293637,1.23350582007
8.295,0.0503549894054,1.23115662589
8.295,0.0537268477477,1.22857307631
8.295,0.0571912733091,1.22574223389
8.295,0.0607461792493,1.22265113223
8.295,0.0643894242258,1.21928680491
8.295,0.0681188136841,1.21563631381
8.295,0.0719321011795,1.21168677683
8.295,0.07582698973,1.20742539485
8.295,0.0798011332006,1.20283947803
8.295,0.0838521377157,1.1979164711
8.295,0.0879775631017,1.19264397785
8.295,0.0921749243567,1.1870097846
8.295,0.0964416931472,1.18100188259
8.295,0.100775299331,1.17460848932
8.295,0.105173132506,1.1678180686
8.295,0.109632543582,1.16061934948
8.295,0.114150846377,1.15300134373
8.295,0.118725319233,1.14495336198
8.295,0.12335320666,1.13646502835
8.295,0.128031720991,1.12752629355
8.295,0.132758044063,1.11812744627
8.295,0.137529328917,1.10825912282
8.295,0.14234270151,1.0979123149
8.295,0.147195262445,1.08707837531
8.295,0.152084088721,1.07574902159
8.295,0.157006235492,1.06391633721
8.295,0.16195873784,1.05157277037
8.295,0.166938612565,1.03871112998
8.295,0.171942859974,1.02532457864
8.295,0.176968465698,1.01140662239
8.295,0.182012402498,0.996951096755
8.295,0.187071632096,0.981952148719
8.295,0.192143107002,0.966404214172
8.295,0.197223772347,0.950301990169
8.295,0.20231056773,0.933640401345
8.295,0.207400429055,0.916414559584
8.295,0.212490290381,0.898619715937
8.295,0.217577085764,0.880251203492
8.295,0.222657751109,0.861304369644
8.295,0.227729226015,0.841774495824
8.295,0.232788455613,0.821656702277
8.295,0.237832392413,0.800945834865
8.295,0.242857998136,0.779636330047
8.295,0.247862245546,0.757722053154
8.295,0.252842120271,0.735196103629
8.295,0.257794622619,0.712050579006
8.295,0.26271676939,0.688276286777
8.295,0.267605595666,0.663862389672
8.295,0.272458156601,0.638795964777
8.295,0.277271529193,0.613061449603
8.295,0.282042814048,0.586639937607
8.295,0.28676913712,0.559508269801
8.295,0.291447651451,0.531637845034
8.295,0.296075538878,0.502993033868
8.295,0.300650011734,0.473529020429
8.295,0.305168314528,0.443188795853
8.295,0.309627725605,0.411898852576
8.295,0.31402555878,0.379562812847
8.295,0.318359164964,0.346051620299
8.295,0.322625933754,0.311187687257
8.295,0.326823295009,0.274717644111
8.295,0.330948720395,0.236261551582
8.295,0.33499972491,0.195207089738
8.295,0.338973868381,0.150449407459
8.295,0.342868756931,0.0995433755986
8.295,0.346682044427,0.0331573708725
8.295,0.350411433885,0
8.295,0.354054678862,0
8.295,0.357609584802,0
8.295,0.361074010363,0
8.295,0.364445868705,0
8.295,0.367723128747,0
8.295,0.370903816389,0
8.295,0.373986015705,0
8.295,0.376967870092,0
8.295,0.379847583394,0
8.295,0.382623420977,0
8.295,0.385293710783,0
8.295,0.387856844327,0
8.295,0.390311277674,0
8.295,0.392655532366,0
8.295,0.394888196311,0
8.295,0.397007924635,0
8.295,0.399013440494,0
8.295,0.400903535839,0
8.295,0.402677072149,0
8.295,0.404332981111,0
8.295,0.405870265267,0
8.295,0.407287998615,0
8.295,0.408585327165,0
8.295,0.409761469456,0
8.295,0.410815717022,0
8.295,0.411747434826,0
8.295,0.412556061634,0
8.295,0.41324111036,0
8.295,0.413802168357,0
8.295,0.414238897663,0
8.295,0.414551035211,0
8.295,0.414738392979,0
8.295,0.414800858111,0
8.3475,0,1.23251522099
8.3475,6.24651316307e-05,1.23251519006
8.3475,0.000249822899863,1.23251473274
8.3475,0.000561960447384,1.23251276949
8.3475,0.000998689754205,1.23250752073
8.3475,0.00155974775092,1.23249651799
8.3475,0.00224479647718,1.23247661515
8.3475,0.00305342328524,1.23244400066
8.3475,0.00398514108855,1.23239421124
8.3475,0.00503938865514,1.23232214696
8.3475,0.0062155309457,1.23222208781
8.3475,0.0075128594961,1.23208771186
8.3475,0.00893059284412,1.23191211478
8.3475,0.0104678770002,1.23168783078
8.3475,0.0121237859619,1.23140685493
8.3475,0.0138973222715,1.23106066663
8.3475,0.0157874176171,1.23064025432
8.3475,0.0177929334759,1.2301361412
8.3475,0.0199126618001,1.22953841187
8.3475,0.0221453257447,1.22883673993
8.3475,0.0244895804365,1.22802041619
8.3475,0.0269440137839,1.22707837763
8.3475,0.0295071473283,1.22599923683
8.3475,0.0321774371336,1.22477131188
8.3475,0.0349532747173,1.2233826565
8.3475,0.0378329880186,1.22182109056
8.3475,0.0408148424058,1.22007423052
8.3475,0.0438970417214,1.21812952005
8.3475,0.0470777293637,1.21597426046
8.3475,0.0503549894054,1.21359564103
8.3475,0.0537268477477,1.21098076905
8.3475,0.0571912733091,1.20811669953
8.3475,0.0607461792493,1.20499046445
8.3475,0.0643894242258,1.20158910152
8.3475,0.0681188136841,1.19789968236
8.3475,0.0719321011795,1.19390934003
8.3475,0.07582698973,1.18960529573
8.3475,0.0798011332006,1.18497488486
8.3475,0.0838521377157,1.18000558201
8.3475,0.0879775631017,1.17468502518
8.3475,0.0921749243567,1.16900103888
8.3475,0.0964416931472,1.16294165617
8.3475,0.100775299331,1.15649513962
8.3475,0.105173132506,1.14965000095
8.3475,0.109632543582,1.14239501947
8.3475,0.114150846377,1.13471925914
8.3475,0.118725319233,1.12661208415
8.3475,0.12335320666,1.11806317305
8.3475,0.128031720991,1.1090625312
8.3475,0.132758044063,1.09960050156
8.3475,0.137529328917,1.08966777363
8.3475,0.14234270151,1.07925539046
8.3475,0.147195262445,1.06835475357
8.3475,0.152084088721,1.05695762567
8.3475,0.157006235492,1.04505613089
8.3475,0.16195873784,1.03264275246
8.3475,0.166938612565,1.01971032751
8.3475,0.171942859974,1.00625203873
8.3475,0.176968465698,0.992261402535
8.3475,0.182012402498,0.977732253435
8.3475,0.187071632096,0.962658724081
8.3475,0.192143107002,0.947035220458
8.3475,0.197223772347,0.930856391596
8.3475,0.20231056773,0.914117093003
8.3475,0.207400429055,0.896812342881
8.3475,0.212490290381,0.878937269971
8.3475,0.217577085764,0.860487051618
8.3475,0.222657751109,0.841456840309
8.3475,0.227729226015,0.821841676536
8.3475,0.232788455613,0.80163638526
8.3475,0.237832392413,0.780835452581
8.3475,0.242857998136,0.75943287826
8.3475,0.247862245546,0.737421998532
8.3475,0.252842120271,0.714795271968
8.3475,0.257794622619,0.691544018916
8.3475,0.26271676939,0.667658101945
8.3475,0.267605595666,0.643125530393
8.3475,0.272458156601,0.617931965959
8.3475,0.277271529193,0.592060097425
8.3475,0.282042814048,0.565488839476
8.3475,0.28676913712,0.53819229088
8.3475,0.291447651451,0.510138356834
8.3475,0.296075538878,0.481286891924
8.3475,0.300650011734,0.45158714093
8.3475,0.305168314528,0.420974119947
8.3475,0.309627725605,0.389363341295
8.3475,0.31402555878,0.356642839401
8.3475,0.318359164964,0.322660569568
8.3475,0.322625933754,0.287203358044
8.3475,0.326823295009,0.24995912807
8.3475,0.330948720395,0.210442252556
8.3475,0.33499972491,0.167824179501
8.3475,0.338973868381,0.120454844937
8.3475,0.342868756931,0.0637764382206
8.3475,0.346682044427,0
8.3475,0.350411433885,0
8.3475,0.354054678862,0
8.3475,0.357609584802,0
8.3475,0.361074010363,0
8.3475,0.364445868705,0
8.3475,0.367723128747,0
8.3475,0.370903816389,0
8.3475,0.373986015705,0
8.3475,0.376967870092,0
8.3475,0.379847583394,0
8.3475,0.382623420977,0
8.3475,0.385293710783,0
8.3475,0.387856844327,0
8.3475,0.390311277674,0
8.3475,0.392655532366,0
8.3475,0.394888196311,0
8.3475,0.397007924635,0
8.3475,0.399013440494,0
8.3475,0.400903535839,0
8.3475,0.402677072149,0
8.3475,0.404332981111,0
8.3475,0.405870265267,0
8.3475,0.407287998615,0
8.3475,0.408585327165,0
8.3475,0.409761469456,0
8.3475,0.410815717022,0
8.3475,0.411747434826,0
8.3475,0.412556061634,0
8.3475,0.41324111036,0
8.3475,0.413802168357,0
8.3475,0.414238897663,0
8.3475,0.414551035211,0
8.3475,0.414738392979,0
8.3475,0.414800858111,0
8.4,0,1.21495670135
8.4,6.24651316307e-05,1.21495666859
8.4,0.000249822899863,1.21495618866
8.4,0.000561960447384,1.21495414018
8.4,0.000998689754205,1.21494868566
8.4,0.00155974775092,1.21493728673
8.4,0.00224479647718,1.21491671825
8.4,0.00305342328524,1.2148830828
8.4,0.00398514108855,1.21483182611
8.4,0.00503938865514,1.21475775365
8.4,0.0062155309457,1.21465504861
8.4,0.0075128594961,1.21451729115
8.4,0.00893059284412,1.21433747894
8.4,0.0104678770002,1.21410804911
8.4,0.0121237859619,1.21382090131
8.4,0.0138973222715,1.21346742195
8.4,0.0157874176171,1.21303850957
8.4,0.0177929334759,1.21252460113
8.4,0.0199126618001,1.2119156992
8.4,0.0221453257447,1.21120139999
8.4,0.0244895804365,1.21037092195
8.4,0.0269440137839,1.20941313509
8.4,0.0295071473283,1.20831659069
8.4,0.0321774371336,1.2070695514
8.4,0.0349532747173,1.20566002165
8.4,0.0378329880186,1.20407577817
8.4,0.0408148424058,1.20230440065
8.4,0.0438970417214,1.20033330234
8.4,0.0470777293637,1.19814976053
8.4,0.0503549894054,1.19574094683
8.4,0.0537268477477,1.19309395716
8.4,0.0571912733091,1.19019584139
8.4,0.0607461792493,1.18703363242
8.4,0.0643894242258,1.18359437483
8.4,0.0681188136841,1.17986515286
8.4,0.0719321011795,1.17583311766
8.4,0.07582698973,1.17148551389
8.4,0.0798011332006,1.16680970532
8.4,0.0838521377157,1.16179319973
8.4,0.0879775631017,1.15642367262
8.4,0.0921749243567,1.15068899007
8.4,0.0964416931472,1.14457723038
8.4,0.100775299331,1.1380767046
8.4,0.105173132506,1.13117597576
8.4,0.109632543582,1.12386387683
8.4,0.114150846377,1.11612952729
8.4,0.118725319233,1.10796234815
8.4,0.12335320666,1.09935207554
8.4,0.128031720991,1.09028877253
8.4,0.132758044063,1.08076283923
8.4,0.137529328917,1.07076502103
8.4,0.14234270151,1.06028641482
8.4,0.147195262445,1.04931847305
8.4,0.152084088721,1.0378530055
8.4,0.157006235492,1.02588217849
8.4,0.16195873784,1.01339851142
8.4,0.166938612565,1.00039487026
8.4,0.171942859974,0.986864457794
8.4,0.176968465698,0.972800800191
8.4,0.182012402498,0.958197729536
8.4,0.187071632096,0.943049361781
8.4,0.192143107002,0.927350069566
8.4,0.197223772347,0.911094449159
8.4,0.20231056773,0.894277280685
8.4,0.207400429055,0.876893480587
8.4,0.212490290381,0.858938045043
8.4,0.217577085764,0.840405982773
8.4,0.222657751109,0.821292235304
8.4,0.227729226015,0.801591582247
8.4,0.232788455613,0.781298528573
8.4,0.237832392413,0.760407170008
8.4,0.242857998136,0.738911031623
8.4,0.247862245546,0.716802873262
8.4,0.252842120271,0.694074453486
8.4,0.257794622619,0.670716241083
8.4,0.26271676939,0.646717059487
8.4,0.267605595666,0.622063644273
8.4,0.272458156601,0.596740086406
8.4,0.277271529193,0.570727123071
8.4,0.282042814048,0.54400122164
8.4,0.28676913712,0.516533377506
8.4,0.291447651451,0.488287507624
8.4,0.296075538878,0.45921825868
8.4,0.300650011734,0.429267943645
8.4,0.305168314528,0.398362137316
8.4,0.309627725605,0.366403127275
8.4,0.31402555878,0.333259771568
8.4,0.318359164964,0.29875098054
8.4,0.322625933754,0.262617035546
8.4,0.326823295009,0.224465394223
8.4,0.330948720395,0.1836555004
8.4,0.33499972491,0.139006353244
8.4,0.338973868381,0.0877822163777
8.4,0.342868756931,0.0169304327531
8.4,0.346682044427,0
8.4,0.350411433885,0
8.4,0.354054678862,0
8.4,0.357609584802,0
8.4,0.361074010363,0
8.4,0.364445868705,0
8.4,0.367723128747,0
8.4,0.370903816389,0
8.4,0.373986015705,0
8.4,0.376967870092,0
8.4,0.379847583394,0
8.4,0.382623420977,0
8.4,0.385293710783,0
8.4,0.387856844327,0
8.4,0.390311277674,0
8.4,0.392655532366,0
8.4,0.394888196311,0
8.4,0.397007924635,0
8.4,0.399013440494,0
8.4,0.400903535839,0
8.4,0.402677072149,0
8.4,0.404332981111,0
8.4,0.405870265267,0
8.4,0.407287998615,0
8.4,0.408585327165,0
8.4,0.409761469456,0
8.4,0.410815717022,0
8.4,0.411747434826,0
8.4,0.412556061634,0
8.4,0.41324111036,0
8.4,0.413802168357,0
8.4,0.414238897663,0
8.4,0.414551035211,0
8.4,0.414738392979,0
8.4,0.414800858111,0
8.4525,0,1.19710933573
8.4525,6.24651316307e-05,1.19710930099
8.4525,0.000249822899863,1.19710879683
8.4525,0.000561960447384,1.19710665764
8.4525,0.000998689754205,1.19710098504
8.4525,0.00155974775092,1.19708916763
8.4525,0.00224479647718,1.19706789806
8.4525,0.00305342328524,1.1970331898
8.4525,0.00398514108855,1.19698039448
8.4525,0.00503938865514,1.19690422005
8.4525,0.0062155309457,1.1967987501
8.4525,0.0075128594961,1.19665746434
8.4525,0.00893059284412,1.19647326017
8.4525,0.0104678770002,1.19623847559
8.4525,0.0121237859619,1.19594491306
8.4525,0.0138973222715,1.19558386454
8.4525,0.0157874176171,1.19514613749
8.4525,0.0177929334759,1.19462208175
8.4525,0.0199126618001,1.19400161728
8.4525,0.0221453257447,1.19327426258
8.4525,0.0244895804365,1.19242916376
8.4525,0.0269440137839,1.19145512415
8.4525,0.0295071473283,1.19034063426
8.4525,0.0321774371336,1.18907390218
8.4525,0.0349532747173,1.18764288411
8.4525,0.0378329880186,1.18603531501
8.4525,0.0408148424058,1.1842387394
8.4525,0.0438970417214,1.18224054191
8.4525,0.0470777293637,1.18002797786
8.4525,0.0503549894054,1.17758820343
8.4525,0.0537268477477,1.17490830563
8.4525,0.0571912733091,1.17197533178
8.4525,0.0607461792493,1.16877631852
8.4525,0.0643894242258,1.16529832021
8.4525,0.0681188136841,1.16152843676
8.4525,0.0719321011795,1.15745384066
8.4525,0.07582698973,1.15306180325
8.4525,0.0798011332006,1.14833972014
8.4525,0.0838521377157,1.14327513569
8.4525,0.0879775631017,1.13785576645
8.4525,0.0921749243567,1.13206952363
8.4525,0.0964416931472,1.12590453434
8.4525,0.100775299331,1.11934916168
8.4525,0.105173132506,1.11239202355
8.4525,0.109632543582,1.10502201012
8.4525,0.114150846377,1.09722829983
8.4525,0.118725319233,1.08900037391
8.4525,0.12335320666,1.08032802933
8.4525,0.128031720991,1.07120138997
8.4525,0.132758044063,1.06161091605
8.4525,0.137529328917,1.05154741162
8.4525,0.14234270151,1.04100202988
8.4525,0.147195262445,1.02996627643
8.4525,0.152084088721,1.01843200998
8.4525,0.157006235492,1.00639144054
8.4525,0.16195873784,0.993837124641
8.4525,0.166938612565,0.980761957582
8.4525,0.171942859974,0.967159162077
8.4525,0.176968465698,0.953022273142
8.4525,0.182012402498,0.93834511866
8.4525,0.187071632096,0.923121795108
8.4525,0.192143107002,0.907346637799
8.4525,0.197223772347,0.891014184847
8.4525,0.20231056773,0.874119133921
8.4525,0.207400429055,0.856656290622
8.4525,0.212490290381,0.838620507067
8.4525,0.217577085764,0.820006608943
8.4525,0.222657751109,0.800809308849
8.4525,0.227729226015,0.78102310321
8.4525,0.232788455613,0.760642149324
8.4525,0.237832392413,0.739660118176
8.4525,0.242857998136,0.718070017386
8.4525,0.247862245546,0.695863977002
8.4525,0.252842120271,0.673032988534
8.4525,0.257794622619,0.649566584497
8.4525,0.26271676939,0.62545244131
8.4525,0.267605595666,0.600675882091
8.4525,0.272458156601,0.575219246802
8.4525,0.277271529193,0.549061083711
8.4525,0.282042814048,0.522175095796
8.4525,0.28676913712,0.494528744111
8.4525,0.291447651451,0.46608135984
8.4525,0.296075538878,0.43678153378
8.4525,0.300650011734,0.406563410119
8.4525,0.305168314528,0.375341257764
8.4525,0.309627725605,0.343001214811
8.4525,0.31402555878,0.309388143863
8.4525,0.318359164964,0.274283458815
8.4525,0.322625933754,0.237364810403
8.4525,0.326823295009,0.198124931222
8.4525,0.330948720395,0.15568222414
8.4525,0.33499972491,0.108218363229
8.4525,0.338973868381,0.0501979004591
8.4525,0.342868756931,0
8.4525,0.346682044427,0
8.4525,0.350411433885,0
8.4525,0.354054678862,0
8.4525,0.357609584802,0
8.4525,0.361074010363,0
8.4525,0.364445868705,0
8.4525,0.367723128747,0
8.4525,0.370903816389,0
8.4525,0.373986015705,0
8.4525,0.376967870092,0
8.4525,0.379847583394,0
8.4525,0.382623420977,0
8.4525,0.385293710783,0
8.4525,0.387856844327,0
8.4525,0.390311277674,0
8.4525,0.392655532366,0
8.4525,0.394888196311,0
8.4525,0.397007924635,0
8.4525,0.399013440494,0
8.4525,0.400903535839,0
8.4525,0.402677072149,0
8.4525,0.404332981111,0
8.4525,0.405870265267,0
8.4525,0.407287998615,0
8.4525,0.408585327165,0
8.4525,0.409761469456,0
8.4525,0.410815717022,0
8.4525,0.411747434826,0
8.4525,0.412556061634,0
8.4525,0.41324111036,0
8.4525,0.413802168357,0
8.4525,0.414238897663,0
8.4525,0.414551035211,0
8.4525,0.414738392979,0
8.4525,0.414800858111,0
8.505,0,1.17896858027
8.505,6.24651316307e-05,1.17896854338
8.505,0.000249822899863,1.17896801326
8.505,0.000561960447384,1.17896577746
8.505,0.000998689754205,1.17895987369
8.505,0.00155974775092,1.17894761422
8.505,0.00224479647718,1.17892560616
8.505,0.00305342328524,1.1788897706
8.505,0.00398514108855,1.17883536192
8.505,0.00503938865514,1.17875698756
8.505,0.0062155309457,1.17864862877
8.505,0.0075128594961,1.17850366225
8.505,0.00893059284412,1.17831488292
8.505,0.0104678770002,1.17807452764
8.505,0.0121237859619,1.17777430004
8.505,0.0138973222715,1.17740539627
8.505,0.0157874176171,1.17695853164
8.505,0.0177929334759,1.17642396814
8.505,0.0199126618001,1.17579154267
8.505,0.0221453257447,1.17505069592
8.505,0.0244895804365,1.17419050183
8.505,0.0269440137839,1.1731996975
8.505,0.0295071473283,1.17206671347
8.505,0.0321774371336,1.1707797043
8.505,0.0349532747173,1.16932657924
8.505,0.0378329880186,1.16769503311
8.505,0.0408148424058,1.16587257702
8.505,0.0438970417214,1.16384656906
8.505,0.0470777293637,1.16160424484
8.505,0.0503549894054,1.1591327476
8.505,0.0537268477477,1.1564191581
8.505,0.0571912733091,1.15345052396
8.505,0.0607461792493,1.15021388856
8.505,0.0643894242258,1.14669631922
8.505,0.0681188136841,1.14288493482
8.505,0.0719321011795,1.13876693256
8.505,0.07582698973,1.13432961401
8.505,0.0798011332006,1.1295604102
8.505,0.0838521377157,1.12444690571
8.505,0.0879775631017,1.11897686188
8.505,0.0921749243567,1.11313823876
8.505,0.0964416931472,1.10691921604
8.505,0.100775299331,1.10030821262
8.505,0.105173132506,1.093293905
8.505,0.109632543582,1.08586524417
8.505,0.114150846377,1.07801147115
8.505,0.118725319233,1.06972213087
8.505,0.12335320666,1.06098708449
8.505,0.128031720991,1.05179651993
8.505,0.132758044063,1.04214096053
8.505,0.137529328917,1.03201127173
8.505,0.14234270151,1.02139866561
8.505,0.147195262445,1.01029470308
8.505,0.152084088721,0.998691293622
8.505,0.157006235492,0.986580692269
8.505,0.16195873784,0.973955493613
8.505,0.166938612565,0.960808622533
8.505,0.171942859974,0.947133321275
8.505,0.176968465698,0.932923132487
8.505,0.182012402498,0.918171877692
8.505,0.187071632096,0.902873630618
8.505,0.192143107002,0.887022684667
8.505,0.197223772347,0.870613513656
8.505,0.20231056773,0.853640724798
8.505,0.207400429055,0.836099002624
8.505,0.212490290381,0.817983042283
8.505,0.217577085764,0.799287470263
8.505,0.222657751109,0.780006750095
8.505,0.227729226015,0.760135069976
8.505,0.232788455613,0.739666208422
8.505,0.237832392413,0.718593372964
8.505,0.242857998136,0.69690900546
8.505,0.247862245546,0.674604545602
8.505,0.252842120271,0.651670141491
8.505,0.257794622619,0.628094292405
8.505,0.26271676939,0.603863403521
8.505,0.267605595666,0.57896122472
8.505,0.272458156601,0.55336813436
8.505,0.277271529193,0.527060212086
8.505,0.282042814048,0.500008018956
8.505,0.28676913712,0.47217496254
8.505,0.291447651451,0.443515058632
8.505,0.296075538878,0.413969790105
8.505,0.300650011734,0.383463568579
8.505,0.305168314528,0.351896945788
8.505,0.309627725605,0.319136021379
8.505,0.31402555878,0.284995026689
8.505,0.318359164964,0.249205701134
8.505,0.322625933754,0.211358415502
8.505,0.326823295009,0.170773801896
8.505,0.330948720395,0.126162995908
8.505,0.33499972491,0.0743437008907
8.505,0.338973868381,0
8.505,0.342868756931,0
8.505,0.346682044427,0
8.505,0.350411433885,0
8.505,0.354054678862,0
8.505,0.357609584802,0
8.505,0.361074010363,0
8.505,0.364445868705,0
8.505,0.367723128747,0
8.505,0.370903816389,0
8.505,0.373986015705,0
8.505,0.376967870092,0
8.505,0.379847583394,0
8.505,0.382623420977,0
8.505,0.385293710783,0
8.505,0.387856844327,0
8.505,0.390311277674,0
8.505,0.392655532366,0
8.505,0.394888196311,0
8.505,0.397007924635,0
8.505,0.399013440494,0
8.505,0.400903535839,0
8.505,0.402677072149,0
8.505,0.404332981111,0
8.505,0.405870265267,0
8.505,0.407287998615,0
8.505,0.408585327165,0
8.505,0.409761469456,0
8.505,0.410815717022,0
8.505,0.411747434826,0
8.505,0.412556061634,0
8.505,0.41324111036,0
8.505,0.413802168357,0
8.505,0.414238897663,0
8.505,0.414551035211,0
8.505,0.414738392979,0
8.505,0.414800858111,0
8.5575,0,1.16052952868
8.5575,6.24651316307e-05,1.16052948946
8.5575,0.000249822899863,1.16052893151
8.5575,0.000561960447384,1.1605265928
8.5575,0.000998689754205,1.16052044393
8.5575,0.00155974775092,1.16050771742
8.5575,0.00224479647718,1.16048493143
8.5575,0.00305342328524,1.16044791132
8.5575,0.00398514108855,1.16039181101
8.5575,0.00503938865514,1.16031113444
8.5575,0.0062155309457,1.16019975773
8.5575,0.0075128594961,1.16005095215
8.5575,0.00893059284412,1.15985740787
8.5575,0.0104678770002,1.15961125879
8.5575,0.0121237859619,1.15930410811
8.5575,0.0138973222715,1.15892705492
8.5575,0.0157874176171,1.15847072148
8.5575,0.0177929334759,1.15792528134
8.5575,0.0199126618001,1.15728048807
8.5575,0.0221453257447,1.1565257046
8.5575,0.0244895804365,1.15564993308
8.5575,0.0269440137839,1.15464184507
8.5575,0.0295071473283,1.15348981211
8.5575,0.0321774371336,1.15218193648
8.5575,0.0349532747173,1.15070608208
8.5575,0.0378329880186,1.1490499053
8.5575,0.0408148424058,1.14720088596
8.5575,0.0438970417214,1.14514635789
8.5575,0.0470777293637,1.14287353949
8.5575,0.0503549894054,1.14036956378
8.5575,0.0537268477477,1.13762150818
8.5575,0.0571912733091,1.13461642373
8.5575,0.0607461792493,1.13134136377
8.5575,0.0643894242258,1.12778341199
8.5575,0.0681188136841,1.12392970973
8.5575,0.0719321011795,1.11976748259
8.5575,0.07582698973,1.11528406608
8.5575,0.0798011332006,1.11046693042
8.5575,0.0838521377157,1.10530370435
8.5575,0.0879775631017,1.09978219785
8.5575,0.0921749243567,1.09389042378
8.5575,0.0964416931472,1.08761661831
8.5575,0.100775299331,1.08094926007
8.5575,0.105173132506,1.07387708801
8.5575,0.109632543582,1.06638911778
8.5575,0.114150846377,1.05847465668
8.5575,0.118725319233,1.05012331694
8.5575,0.12335320666,1.04132502738
8.5575,0.128031720991,1.03207004321
8.5575,0.132758044063,1.02234895397
8.5575,0.137529328917,1.01215268932
8.5575,0.14234270151,1.00147252269
8.5575,0.147195262445,0.990300072472
8.5575,0.152084088721,0.978627300666
8.5575,0.157006235492,0.966446508619
8.5575,0.16195873784,0.953750329681
8.5575,0.166938612565,0.940531718393
8.5575,0.171942859974,0.926783935849
8.5575,0.176968465698,0.912500530757
8.5575,0.182012402498,0.897675315675
8.5575,0.187071632096,0.882302337754
8.5575,0.192143107002,0.866375843205
8.5575,0.197223772347,0.849890234553
8.5575,0.20231056773,0.832840019495
8.5575,0.207400429055,0.815219749964
8.5575,0.212490290381,0.797023949615
8.5575,0.217577085764,0.778247027563
8.5575,0.222657751109,0.758883175621
8.5575,0.227729226015,0.738926245577
8.5575,0.232788455613,0.718369602072
8.5575,0.237832392413,0.69720594541
8.5575,0.242857998136,0.675427096875
8.5575,0.247862245546,0.65302373681
8.5575,0.252842120271,0.629985082513
8.5575,0.257794622619,0.606298488409
8.5575,0.26271676939,0.581948944523
8.5575,0.267605595666,0.556918439869
8.5575,0.272458156601,0.531185143347
8.5575,0.277271529193,0.504722333584
8.5575,0.282042814048,0.477496976074
8.5575,0.28676913712,0.449467792988
8.5575,0.291447651451,0.42058258317
8.5575,0.296075538878,0.390774398359
8.5575,0.300650011734,0.359955908555
8.5575,0.305168314528,0.328010769456
8.5575,0.309627725605,0.294779748013
8.5575,0.31402555878,0.260037031543
8.5575,0.318359164964,0.223446440315
8.5575,0.322625933754,0.184471192865
8.5575,0.326823295009,0.1421555037
8.5575,0.330948720395,0.0944316185217
8.5575,0.33499972491,0.0339426677556
8.5575,0.338973868381,0
8.5575,0.342868756931,0
8.5575,0.346682044427,0
8.5575,0.350411433885,0
8.5575,0.354054678862,0
8.5575,0.357609584802,0
8.5575,0.361074010363,0
8.5575,0.364445868705,0
8.5575,0.367723128747,0
8.5575,0.370903816389,0
8.5575,0.373986015705,0
8.5575,0.376967870092,0
8.5575,0.379847583394,0
8.5575,0.382623420977,0
8.5575,0.385293710783,0
8.5575,0.387856844327,0
8.5575,0.390311277674,0
8.5575,0.392655532366,0
8.5575,0.394888196311,0
8.5575,0.397007924635,0
8.5575,0.399013440494,0
8.5575,0.400903535839,0
8.5575,0.402677072149,0
8.5575,0.404332981111,0
8.5575,0.405870265267,0
8.5575,0.407287998615,0
8.5575,0.408585327165,0
8.5575,0.409761469456,0
8.5575,0.410815717022,0
8.5575,0.411747434826,0
8.5575,0.412556061634,0
8.5575,0.41324111036,0
8.5575,0.413802168357,0
8.5575,0.414238897663,0
8.5575,0.414551035211,0
8.5575,0.414738392979,0
8.5575,0.414800858111,0
8.61,0,1.14178687765
8.61,6.24651316307e-05,1.1417868359
8.61,0.000249822899863,1.14178624808
8.61,0.000561960447384,1.14178379973
8.61,0.000998689754205,1.1417773909
8.61,0.00155974775092,1.14176417091
8.61,0.00224479647718,1.14174056539
8.61,0.00305342328524,1.14170230056
8.61,0.00398514108855,1.14164442664
8.61,0.00503938865514,1.14156134105
8.61,0.0062155309457,1.14144681208
8.61,0.0075128594961,1.14129400307
8.61,0.00893059284412,1.14109549737
8.61,0.0104678770002,1.14084332407
8.61,0.0121237859619,1.14052898453
8.61,0.0138973222715,1.14014347965
8.61,0.0157874176171,1.13967733787
8.61,0.0177929334759,1.13912064389
8.61,0.0199126618001,1.13846306788
8.61,0.0221453257447,1.13769389528
8.61,0.0244895804365,1.136802057
8.61,0.0269440137839,1.13577615997
8.61,0.0295071473283,1.13460451794
8.61,0.0321774371336,1.13327518242
8.61,0.0349532747173,1.13177597371
8.61,0.0378329880186,1.13009451188
8.61,0.0408148424058,1.12821824772
8.61,0.0438970417214,1.12613449336
8.61,0.0470777293637,1.12383045276
8.61,0.0503549894054,1.1212932517
8.61,0.0537268477477,1.11850996742
8.61,0.0571912733091,1.11546765771
8.61,0.0607461792493,1.11215338939
8.61,0.0643894242258,1.10855426614
8.61,0.0681188136841,1.10465745558
8.61,0.0719321011795,1.10045021553
8.61,0.07582698973,1.09591991941
8.61,0.0798011332006,1.09105408069
8.61,0.0838521377157,1.08584037631
8.61,0.0879775631017,1.08026666904
8.61,0.0921749243567,1.07432102865
8.61,0.0964416931472,1.06799175191
8.61,0.100775299331,1.06126738127
8.61,0.105173132506,1.05413672217
8.61,0.109632543582,1.04658885885
8.61,0.114150846377,1.03861316875
8.61,0.118725319233,1.0301993351
8.61,0.12335320666,1.02133735794
8.61,0.128031720991,1.01201756311
8.61,0.132758044063,1.00223060945
8.61,0.137529328917,0.991967493664
8.61,0.14234270151,0.981219553028
8.61,0.147195262445,0.969978465545
8.61,0.152084088721,0.958236247379
8.61,0.157006235492,0.945985247337
8.61,0.16195873784,0.933218138055
8.61,0.166938612565,0.919927903561
8.61,0.171942859974,0.906107822788
8.61,0.176968465698,0.891751448531
8.61,0.182012402498,0.876852581264
8.61,0.187071632096,0.861405237091
8.61,0.192143107002,0.845403608968
8.61,0.197223772347,0.828842020148
8.61,0.20231056773,0.811714868554
8.61,0.207400429055,0.794016560492
8.61,0.212490290381,0.775741431741
8.61,0.217577085764,0.756883653558
8.61,0.222657751109,0.737437120493
8.61,0.227729226015,0.717395316083
8.61,0.232788455613,0.696751151377
8.61,0.237832392413,0.675496769741
8.61,0.242857998136,0.653623309407
8.61,0.247862245546,0.631120612393
8.61,0.252842120271,0.607976864599
8.61,0.257794622619,0.584178146348
8.61,0.26271676939,0.559707864698
8.61,0.267605595666,0.534546027213
8.61,0.272458156601,0.508668299252
8.61,0.277271529193,0.48204475983
8.61,0.282042814048,0.454638228158
8.61,0.28676913712,0.426401962852
8.61,0.291447651451,0.397276416832
8.61,0.296075538878,0.36718452035
8.61,0.300650011734,0.336024572727
8.61,0.305168314528,0.303659048402
8.61,0.309627725605,0.269895971765
8.61,0.31402555878,0.234455648945
8.61,0.318359164964,0.196905293805
8.61,0.322625933754,0.15651177026
8.61,0.326823295009,0.111829846176
8.61,0.330948720395,0.05894284782
8.61,0.33499972491,0
8.61,0.338973868381,0
8.61,0.342868756931,0
8.61,0.346682044427,0
8.61,0.350411433885,0
8.61,0.354054678862,0
8.61,0.357609584802,0
8.61,0.361074010363,0
8.61,0.364445868705,0
8.61,0.367723128747,0
8.61,0.370903816389,0
8.61,0.373986015705,0
8.61,0.376967870092,0
8.61,0.379847583394,0
8.61,0.382623420977,0
8.61,0.385293710783,0
8.61,0.387856844327,0
8.61,0.390311277674,0
8.61,0.392655532366,0
8.61,0.394888196311,0
8.61,0.397007924635,0
8.61,0.399013440494,0
8.61,0.400903535839,0
8.61,0.402677072149,0
8.61,0.404332981111,0
8.61,0.405870265267,0
8.61,0.407287998615,0
8.61,0.408585327165,0
8.61,0.409761469456,0
8.61,0.410815717022,0
8.61,0.411747434826,0
8.61,0.412556061634,0
8.61,0.41324111036,0
8.61,0.413802168357,0
8.61,0.414238897663,0
8.61,0.414551035211,0
8.61,0.414738392979,0
8.61,0.414800858111,0
8.6625,0,1.12273488791
8.6625,6.24651316307e-05,1.12273484343
8.6625,0.000249822899863,1.12273422355
8.6625,0.000561960447384,1.12273165831
8.6625,0.000998689754205,1.12272497374
8.6625,0.00155974775092,1.12271123224
8.6625,0.00224479647718,1.12268676329
8.6625,0.00305342328524,1.12264719052
8.6625,0.00398514108855,1.12258745714
8.6625,0.00503938865514,1.12250185105
8.6625,0.0062155309457,1.12238402998
8.6625,0.0075128594961,1.12222704697
8.6625,0.00893059284412,1.12202337648
8.6625,0.0104678770002,1.12176494115
8.6625,0.0121237859619,1.12144313913
8.6625,0.0138973222715,1.12104887219
8.6625,0.0157874176171,1.12057257436
8.6625,0.0177929334759,1.12000424125
8.6625,0.0199126618001,1.11933345974
8.6625,0.0221453257447,1.11854943825
8.6625,0.0244895804365,1.11764103729
8.6625,0.0269440137839,1.11659680029
8.6625,0.0295071473283,1.11540498465
8.6625,0.0321774371336,1.11405359287
8.6625,0.0349532747173,1.11253040369
8.6625,0.0378329880186,1.11082300319
8.6625,0.0408148424058,1.10891881568
8.6625,0.0438970417214,1.10680513443
8.6625,0.0470777293637,1.10446915198
8.6625,0.0503549894054,1.10189799012
8.6625,0.0537268477477,1.09907872935
8.6625,0.0571912733091,1.09599843782
8.6625,0.0607461792493,1.0926441996
8.6625,0.0643894242258,1.08900314225
8.6625,0.0681188136841,1.08506246368
8.6625,0.0719321011795,1.08080945805
8.6625,0.07582698973,1.07623154091
8.6625,0.0798011332006,1.07131627322
8.6625,0.0838521377157,1.06605138444
8.6625,0.0879775631017,1.06042479443
8.6625,0.0921749243567,1.05442463422
8.6625,0.0964416931472,1.04803926548
8.6625,0.100775299331,1.04125729874
8.6625,0.105173132506,1.03406761009
8.6625,0.109632543582,1.0264593565
8.6625,0.114150846377,1.01842198949
8.6625,0.118725319233,1.00994526713
8.6625,0.12335320666,1.00101926427
8.6625,0.128031720991,0.991634380841
8.6625,0.132758044063,0.981781348083
8.6625,0.137529328917,0.971451232594
8.6625,0.14234270151,0.96063543797
8.6625,0.147195262445,0.949325703851
8.6625,0.152084088721,0.937514102129
8.6625,0.157006235492,0.925193030043
8.6625,0.16195873784,0.912355199829
8.6625,0.166938612565,0.898993624534
8.6625,0.171942859974,0.885101599551
8.6625,0.176968465698,0.870672679315
8.6625,0.182012402498,0.855700648507
8.6625,0.187071632096,0.840179486985
8.6625,0.192143107002,0.824103327479
8.6625,0.197223772347,0.807466404876
8.6625,0.20231056773,0.790262995669
8.6625,0.207400429055,0.772487345793
8.6625,0.212490290381,0.754133584632
8.6625,0.217577085764,0.73519562242
8.6625,0.222657751109,0.71566702753
8.6625,0.227729226015,0.695540879154
8.6625,0.232788455613,0.674809589584
8.6625,0.237832392413,0.653464688551
8.6625,0.242857998136,0.631496559671
8.6625,0.247862245546,0.60889411571
8.6625,0.252842120271,0.585644394702
8.6625,0.257794622619,0.561732052204
8.6625,0.26271676939,0.537138715177
8.6625,0.267605595666,0.511842148317
8.6625,0.272458156601,0.485815161369
8.6625,0.277271529193,0.459024150912
8.6625,0.282042814048,0.431427113652
8.6625,0.28676913712,0.402970873852
8.6625,0.291447651451,0.373587103283
8.6625,0.296075538878,0.343186412741
8.6625,0.300650011734,0.311649216587
8.6625,0.305168314528,0.278810878554
8.6625,0.309627725605,0.244435960403
8.6625,0.31402555878,0.208169633932
8.6625,0.318359164964,0.169434524661
8.6625,0.322625933754,0.127168912823
8.6625,0.326823295009,0.0789165300145
8.6625,0.330948720395,0.0126628856392
8.6625,0.33499972491,0
8.6625,0.338973868381,0
8.6625,0.342868756931,0
8.6625,0.346682044427,0
8.6625,0.350411433885,0
8.6625,0.354054678862,0
8.6625,0.357609584802,0
8.6625,0.361074010363,0
8.6625,0.364445868705,0
8.6625,0.367723128747,0
8.6625,0.370903816389,0
8.6625,0.373986015705,0
8.6625,0.376967870092,0
8.6625,0.379847583394,0
8.6625,0.382623420977,0
8.6625,0.385293710783,0
8.6625,0.387856844327,0
8.6625,0.390311277674,0
8.6625,0.392655532366,0
8.6625,0.394888196311,0
8.6625,0.397007924635,0
8.6625,0.399013440494,0
8.6625,0.400903535839,0
8.6625,0.402677072149,0
8.6625,0.404332981111,0
8.6625,0.405870265267,0
8.6625,0.407287998615,0
8.6625,0.408585327165,0
8.6625,0.409761469456,0
8.6625,0.410815717022,0
8.6625,0.411747434826,0
8.6625,0.412556061634,0
8.6625,0.41324111036,0
8.6625,0.413802168357,0
8.6625,0.414238897663,0
8.6625,0.414551035211,0
8.6625,0.414738392979,0
8.6625,0.414800858111,0
8.715,0,1.10336734053
8.715,6.24651316307e-05,1.10336729308
8.715,0.000249822899863,1.10336663878
8.715,0.000561960447384,1.1033639489
8.715,0.000998689754205,1.10335697175
8.715,0.00155974775092,1.10334267904
8.715,0.00224479647718,1.10331730039
8.715,0.00305342328524,1.10327635322
8.715,0.00398514108855,1.10321467049
8.715,0.00503938865514,1.10312642755
8.715,0.0062155309457,1.10300516889
8.715,0.0075128594961,1.10284383493
8.715,0.00893059284412,1.10263478933
8.715,0.0104678770002,1.10236984665
8.715,0.0121237859619,1.10204030069
8.715,0.0138973222715,1.10163695328
8.715,0.0157874176171,1.10115014366
8.715,0.0177929334759,1.10056977827
8.715,0.0199126618001,1.0998853611
8.715,0.0221453257447,1.09908602422
8.715,0.0244895804365,1.09816055881
8.715,0.0269440137839,1.09709744618
8.715,0.0295071473283,1.09588488912
8.715,0.0321774371336,1.09451084312
8.715,0.0349532747173,1.09296304771
8.715,0.0378329880186,1.09122905755
8.715,0.0408148424058,1.08929627335
8.715,0.0438970417214,1.0871519726
8.715,0.0470777293637,1.08478333975
8.715,0.0503549894054,1.08217749613
8.715,0.0537268477477,1.07932152922
8.715,0.0571912733091,1.07620252143
8.715,0.0607461792493,1.07280757808
8.715,0.0643894242258,1.06912385483
8.715,0.0681188136841,1.06513858412
8.715,0.0719321011795,1.06083910085
8.715,0.07582698973,1.05621286713
8.715,0.0798011332006,1.05124749593
8.715,0.0838521377157,1.04593077374
8.715,0.0879775631017,1.04025068207
8.715,0.0921749243567,1.03419541772
8.715,0.0964416931472,1.02775341178
8.715,0.100775299331,1.02091334726
8.715,0.105173132506,1.01366417529
8.715,0.109632543582,1.00599512978
8.715,0.114150846377,0.99789574043
8.715,0.118725319233,0.989355844073
8.715,0.12335320666,0.9803655941
8.715,0.128031720991,0.970915467951
8.715,0.132758044063,0.960996272468
8.715,0.137529328917,0.950599146951
8.715,0.14234270151,0.939715563736
8.715,0.147195262445,0.928337326058
8.715,0.152084088721,0.91645656295
8.715,0.157006235492,0.904065720867
8.715,0.16195873784,0.891157551694
8.715,0.166938612565,0.877725096689
8.715,0.171942859974,0.863761665896
8.715,0.176968465698,0.849260812395
8.715,0.182012402498,0.834216300691
8.715,0.187071632096,0.818622068358
8.715,0.192143107002,0.80247217988
8.715,0.197223772347,0.785760771393
8.715,0.20231056773,0.768481984714
8.715,0.207400429055,0.750629888671
8.715,0.212490290381,0.732198385247
8.715,0.217577085764,0.713181097378
8.715,0.222657751109,0.693571234414
8.715,0.227729226015,0.673361430103
8.715,0.232788455613,0.652543546409
8.715,0.237832392413,0.631108434419
8.715,0.242857998136,0.609045640708
8.715,0.247862245546,0.586343043489
8.715,0.252842120271,0.562986397173
8.715,0.257794622619,0.538958755655
8.715,0.26271676939,0.514239732357
8.715,0.267605595666,0.488804536535
8.715,0.272458156601,0.462622696586
8.715,0.277271529193,0.435656335198
8.715,0.282042814048,0.407857785588
8.715,0.28676913712,0.379166208594
8.715,0.291447651451,0.349502638721
8.715,0.296075538878,0.318762450376
8.715,0.300650011734,0.286803357439
8.715,0.305168314528,0.253425149894
8.715,0.309627725605,0.218332779808
8.715,0.31402555878,0.181061785987
8.715,0.318359164964,0.140803074434
8.715,0.322625933754,0.0958753194469
8.715,0.326823295009,0.0409969210498
8.715,0.330948720395,0
8.715,0.33499972491,0
8.715,0.338973868381,0
8.715,0.342868756931,0
8.715,0.346682044427,0
8.715,0.350411433885,0
8.715,0.354054678862,0
8.715,0.357609584802,0
8.715,0.361074010363,0
8.715,0.364445868705,0
8.715,0.367723128747,0
8.715,0.370903816389,0
8.715,0.373986015705,0
8.715,0.376967870092,0
8.715,0.379847583394,0
8.715,0.382623420977,0
8.715,0.385293710783,0
8.715,0.387856844327,0
8.715,0.390311277674,0
8.715,0.392655532366,0
8.715,0.394888196311,0
8.715,0.397007924635,0
8.715,0.399013440494,0
8.715,0.400903535839,0
8.715,0.402677072149,0
8.715,0.404332981111,0
8.715,0.405870265267,0
8.715,0.407287998615,0
8.715,0.408585327165,0
8.715,0.409761469456,0
8.715,0.410815717022,0
8.715,0.411747434826,0
8.715,0.412556061634,0
8.715,0.41324111036,0
8.715,0.413802168357,0
8.715,0.414238897663,0
8.715,0.414551035211,0
8.715,0.414738392979,0
8.715,0.414800858111,0
8.7675,0,1.08367748748
8.7675,6.24651316307e-05,1.0836774368
8.7675,0.000249822899863,1.08367674551
8.7675,0.000561960447384,1.08367392268
8.7675,0.000998689754205,1.08366663504
8.7675,0.00155974775092,1.08365175964
8.7675,0.00224479647718,1.08362542244
8.7675,0.00305342328524,1.08358303108
8.7675,0.00398514108855,1.08351930488
8.7675,0.00503938865514,1.0834283037
8.7675,0.0062155309457,1.08330345615
8.7675,0.0075128594961,1.08313758781
8.7675,0.00893059284412,1.08292294965
8.7675,0.0104678770002,1.08265124678
8.7675,0.0121237859619,1.08231366761
8.7675,0.0138973222715,1.08190091344
8.7675,0.0157874176171,1.08140322847
8.7675,0.0177929334759,1.08081043023
8.7675,0.0199126618001,1.08011194035
8.7675,0.0221453257447,1.07929681555
8.7675,0.0244895804365,1.07835377895
8.7675,0.0269440137839,1.07727125146
8.7675,0.0295071473283,1.07603738322
8.7675,0.0321774371336,1.07464008507
8.7675,0.0349532747173,1.07306705992
8.7675,0.0378329880186,1.07130583388
8.7675,0.0408148424058,1.06934378728
8.7675,0.0438970417214,1.06716818518
8.7675,0.0470777293637,1.0647662076
8.7675,0.0503549894054,1.06212497921
8.7675,0.0537268477477,1.05923159852
8.7675,0.0571912733091,1.05607316633
8.7675,0.0607461792493,1.0526368136
8.7675,0.0643894242258,1.04890972848
8.7675,0.0681188136841,1.04487918253
8.7675,0.0719321011795,1.04053255603
8.7675,0.07582698973,1.03585736235
8.7675,0.0798011332006,1.03084127119
8.7675,0.0838521377157,1.02547213088
8.7675,0.0879775631017,1.01973798931
8.7675,0.0921749243567,1.01362711382
8.7675,0.0964416931472,1.00712800958
8.7675,0.100775299331,1.00022943672
8.7675,0.105173132506,0.992920425906
8.7675,0.109632543582,0.98519029236
8.7675,0.114150846377,0.977028648204
8.7675,0.118725319233,0.968425413027
8.7675,0.12335320666,0.959370822549
8.7675,0.128031720991,0.949855435227
8.7675,0.132758044063,0.939870136676
8.7675,0.137529328917,0.929406141698
8.7675,0.14234270151,0.91845499372
8.7675,0.147195262445,0.907008561413
8.7675,0.152084088721,0.895059032194
8.7675,0.157006235492,0.882598902286
8.7675,0.16195873784,0.869620962961
8.7675,0.166938612565,0.856118282488
8.7675,0.171942859974,0.842084183245
8.7675,0.176968465698,0.827512213338
8.7675,0.182012402498,0.812396111925
8.7675,0.187071632096,0.796729767283
8.7675,0.192143107002,0.780507166436
8.7675,0.197223772347,0.763722334889
8.7675,0.20231056773,0.746369264678
8.7675,0.207400429055,0.728441828484
8.7675,0.212490290381,0.709933676991
8.7675,0.217577085764,0.690838115915
8.7675,0.222657751109,0.671147958119
8.7675,0.227729226015,0.650855344897
8.7675,0.232788455613,0.629951528686
8.7675,0.237832392413,0.608426606998
8.7675,0.242857998136,0.586269193852
8.7675,0.247862245546,0.563466010142
8.7675,0.252842120271,0.540001367275
8.7675,0.257794622619,0.515856508097
8.7675,0.26271676939,0.491008753605
8.7675,0.267605595666,0.465430380141
8.7675,0.272458156601,0.439087114208
8.7675,0.277271529193,0.411936070911
8.7675,0.282042814048,0.383922858899
8.7675,0.28676913712,0.354977393324
8.7675,0.291447651451,0.325007623173
8.7675,0.296075538878,0.293889722423
8.7675,0.300650011734,0.261451909509
8.7675,0.305168314528,0.227445859854
8.7675,0.309627725605,0.191491341239
8.7675,0.31402555878,0.152954073097
8.7675,0.318359164964,0.110615555943
8.7675,0.322625933754,0.0613624136266
8.7675,0.326823295009,0
8.7675,0.330948720395,0
8.7675,0.33499972491,0
8.7675,0.338973868381,0
8.7675,0.342868756931,0
8.7675,0.346682044427,0
8.7675,0.350411433885,0
8.7675,0.354054678862,0
8.7675,0.357609584802,0
8.7675,0.361074010363,0
8.7675,0.364445868705,0
8.7675,0.367723128747,0
8.7675,0.370903816389,0
8.7675,0.373986015705,0
8.7675,0.376967870092,0
8.7675,0.379847583394,0
8.7675,0.382623420977,0
8.7675,0.385293710783,0
8.7675,0.387856844327,0
8.7675,0.390311277674,0
8.7675,0.392655532366,0
8.7675,0.394888196311,0
8.7675,0.397007924635,0
8.7675,0.399013440494,0
8.7675,0.400903535839,0
8.7675,0.402677072149,0
8.7675,0.404332981111,0
8.7675,0.405870265267,0
8.7675,0.407287998615,0
8.7675,0.408585327165,0
8.7675,0.409761469456,0
8.7675,0.410815717022,0
8.7675,0.411747434826,0
8.7675,0.412556061634,0
8.7675,0.41324111036,0
8.7675,0.413802168357,0
8.7675,0.414238897663,0
8.7675,0.414551035211,0
8.7675,0.414738392979,0
8.7675,0.414800858111,0
8.82,0,1.06365799561
8.82,6.24651316307e-05,1.06365794142
8.82,0.000249822899863,1.06365721037
8.82,0.000561960447384,1.06365424567
8.82,0.000998689754205,1.06364662843
8.82,0.00155974775092,1.063631137
8.82,0.00224479647718,1.06360378974
8.82,0.00305342328524,1.06355988084
8.82,0.00398514108855,1.0634940127
8.82,0.00503938865514,1.06340012669
8.82,0.0062155309457,1.06327153299
8.82,0.0075128594961,1.06310094019
8.82,0.00893059284412,1.06288048489
8.82,0.0104678770002,1.06260176147
8.82,0.0121237859619,1.06225585211
8.82,0.0138973222715,1.06183335717
8.82,0.0157874176171,1.06132442587
8.82,0.0177929334759,1.06071878724
8.82,0.0199126618001,1.06000578139
8.82,0.0221453257447,1.05917439094
8.82,0.0244895804365,1.05821327257
8.82,0.0269440137839,1.05711078872
8.82,0.0295071473283,1.05585503922
8.82,0.0321774371336,1.05443389286
8.82,0.0349532747173,1.05283501885
8.82,0.0378329880186,1.05104591804
8.82,0.0408148424058,1.04905395377
8.82,0.0438970417214,1.04684638244
8.82,0.0470777293637,1.04441038356
8.82,0.0503549894054,1.04173308932
8.82,0.0537268477477,1.03880161354
8.82,0.0571912733091,1.03560307993
8.82,0.0607461792493,1.03212464971
8.82,0.0643894242258,1.02835354826
8.82,0.0681188136841,1.02427709112
8.82,0.0719321011795,1.01988270886
8.82,0.07582698973,1.01515797105
8.82,0.0798011332006,1.01009060917
8.82,0.0838521377157,1.00466853836
8.82,0.0879775631017,0.99887987792
8.82,0.0921749243567,0.992712970638
8.82,0.0964416931472,0.986156400682
8.82,0.100775299331,0.97919901009
8.82,0.105173132506,0.971829913735
8.82,0.109632543582,0.964038512672
8.82,0.114150846377,0.955814505768
8.82,0.118725319233,0.947147899486
8.82,0.12335320666,0.938029015712
8.82,0.128031720991,0.928448497457
8.82,0.132758044063,0.918397312277
8.82,0.137529328917,0.907866753224
8.82,0.14234270151,0.896848437081
8.82,0.147195262445,0.885334299649
8.82,0.152084088721,0.873316587763
8.82,0.157006235492,0.860787847687
8.82,0.16195873784,0.847740909458
8.82,0.166938612565,0.834168866683
8.82,0.171942859974,0.820065051177
8.82,0.176968465698,0.805423001721
8.82,0.182012402498,0.790236426049
8.82,0.187071632096,0.774499155002
8.82,0.192143107002,0.758205087529
8.82,0.197223772347,0.741348124896
8.82,0.20231056773,0.723922092097
8.82,0.207400429055,0.705920643923
8.82,0.212490290381,0.687337152473
8.82,0.217577085764,0.668164572032
8.82,0.222657751109,0.648395276039
8.82,0.227729226015,0.628020859295
8.82,0.232788455613,0.607031896393
8.82,0.237832392413,0.585417644352
8.82,0.242857998136,0.563165673223
8.82,0.247862245546,0.540261402408
8.82,0.252842120271,0.516687511677
8.82,0.257794622619,0.492423182785
8.82,0.26271676939,0.467443107806
8.82,0.267605595666,0.441716169264
8.82,0.272458156601,0.415203647324
8.82,0.277271529193,0.387856726366
8.82,0.282042814048,0.359612929616
8.82,0.28676913712,0.330390850158
8.82,0.291447651451,0.30008204745
8.82,0.296075538878,0.268537955214
8.82,0.300650011734,0.235547364338
8.82,0.305168314528,0.200794371463
8.82,0.309627725605,0.163770352601
8.82,0.31402555878,0.123555305772
8.82,0.318359164964,0.078087369539
8.82,0.322625933754,0.0187453669575
8.82,0.326823295009,0
8.82,0.330948720395,0
8.82,0.33499972491,0
8.82,0.338973868381,0
8.82,0.342868756931,0
8.82,0.346682044427,0
8.82,0.350411433885,0
8.82,0.354054678862,0
8.82,0.357609584802,0
8.82,0.361074010363,0
8.82,0.364445868705,0
8.82,0.367723128747,0
8.82,0.370903816389,0
8.82,0.373986015705,0
8.82,0.376967870092,0
8.82,0.379847583394,0
8.82,0.382623420977,0
8.82,0.385293710783,0
8.82,0.387856844327,0
8.82,0.390311277674,0
8.82,0.392655532366,0
8.82,0.394888196311,0
8.82,0.397007924635,0
8.82,0.399013440494,0
8.82,0.400903535839,0
8.82,0.402677072149,0
8.82,0.404332981111,0
8.82,0.405870265267,0
8.82,0.407287998615,0
8.82,0.408585327165,0
8.82,0.409761469456,0
8.82,0.410815717022,0
8.82,0.411747434826,0
8.82,0.412556061634,0
8.82,0.41324111036,0
8.82,0.413802168357,0
8.82,0.414238897663,0
8.82,0.414551035211,0
8.82,0.414738392979,0
8.82,0.414800858111,0
8.8725,0,1.04330088297
8.8725,6.24651316307e-05,1.04330082494
8.8725,0.000249822899863,1.04330005114
8.8725,0.000561960447384,1.043296935
8.8725,0.000998689754205,1.0432889678
8.8725,0.00155974775092,1.043272825
8.8725,0.00224479647718,1.04324441336
8.8725,0.00305342328524,1.04319890991
8.8725,0.00398514108855,1.0431307968
8.8725,0.00503938865514,1.043033894
8.8725,0.0062155309457,1.04290139079
8.8725,0.0075128594961,1.04272587675
8.8725,0.00893059284412,1.04249937257
8.8725,0.0104678770002,1.04221336078
8.8725,0.0121237859619,1.04185881671
8.8725,0.0138973222715,1.04142623962
8.8725,0.0157874176171,1.04090568401
8.8725,0.0177929334759,1.04028679112
8.8725,0.0199126618001,1.0395588207
8.8725,0.0221453257447,1.03871068275
8.8725,0.0244895804365,1.03773096946
8.8725,0.0269440137839,1.03660798708
8.8725,0.0295071473283,1.03532978775
8.8725,0.0321774371336,1.03388420118
8.8725,0.0349532747173,1.03225886619
8.8725,0.0378329880186,1.03044126185
8.8725,0.0408148424058,1.02841873836
8.8725,0.0438970417214,1.02617854752
8.8725,0.0470777293637,1.02370787263
8.8725,0.0503549894054,1.02099385785
8.8725,0.0537268477477,1.01802363698
8.8725,0.0571912733091,1.01478436147
8.8725,0.0607461792493,1.01126322769
8.8725,0.0643894242258,1.00744750337
8.8725,0.0681188136841,1.00332455312
8.8725,0.0719321011795,0.998881863004
8.8725,0.07582698973,0.994107064085
8.8725,0.0798011332006,0.988987954856
8.8725,0.0838521377157,0.983512522517
8.8725,0.0879775631017,0.977668963015
8.8725,0.0921749243567,0.971445699771
8.8725,0.0964416931472,0.964831401022
8.8725,0.100775299331,0.957814995689
8.8725,0.105173132506,0.950385687686
8.8725,0.109632543582,0.942532968559
8.8725,0.114150846377,0.934246628357
8.8725,0.118725319233,0.925516764608
8.8725,0.12335320666,0.916333789259
8.8725,0.128031720991,0.906688433417
8.8725,0.132758044063,0.896571749731
8.8725,0.137529328917,0.885975112179
8.8725,0.14234270151,0.874890213039
8.8725,0.147195262445,0.863309056754
8.8725,0.152084088721,0.851223950365
8.8725,0.157006235492,0.838627490111
8.8725,0.16195873784,0.825512543743
8.8725,0.166938612565,0.811872227994
8.8725,0.171942859974,0.797699880534
8.8725,0.176968465698,0.782989025613
8.8725,0.182012402498,0.767733332408
8.8725,0.187071632096,0.751926564879
8.8725,0.192143107002,0.735562521655
8.8725,0.197223772347,0.718634964129
8.8725,0.20231056773,0.701137530471
8.8725,0.207400429055,0.683063632668
8.8725,0.212490290381,0.664406332948
8.8725,0.217577085764,0.645158194867
8.8725,0.222657751109,0.625311102989
8.8725,0.227729226015,0.604856043153
8.8725,0.232788455613,0.583782832768
8.8725,0.237832392413,0.562079786884
8.8725,0.242857998136,0.539733300656
8.8725,0.247862245546,0.516727321317
8.8725,0.252842120271,0.493042671741
8.8725,0.257794622619,0.468656171037
8.8725,0.26271676939,0.443539471856
8.8725,0.267605595666,0.417657493121
8.8725,0.272458156601,0.390966259549
8.8725,0.277271529193,0.363409844414
8.8725,0.282042814048,0.334915907163
8.8725,0.28676913712,0.305388932821
8.8725,0.291447651451,0.274699510943
8.8725,0.296075538878,0.242666329559
8.8725,0.300650011734,0.209023593239
8.8725,0.305168314528,0.173355780758
8.8725,0.309627725605,0.134946284959
8.8725,0.31402555878,0.0923311372418
8.8725,0.318359164964,0.0411106652705
8.8725,0.322625933754,0
8.8725,0.326823295009,0
8.8725,0.330948720395,0
8.8725,0.33499972491,0
8.8725,0.338973868381,0
8.8725,0.342868756931,0
8.8725,0.346682044427,0
8.8725,0.350411433885,0
8.8725,0.354054678862,0
8.8725,0.357609584802,0
8.8725,0.361074010363,0
8.8725,0.364445868705,0
8.8725,0.367723128747,0
8.8725,0.370903816389,0
8.8725,0.373986015705,0
8.8725,0.376967870092,0
8.8725,0.379847583394,0
8.8725,0.382623420977,0
8.8725,0.385293710783,0
8.8725,0.387856844327,0
8.8725,0.390311277674,0
8.8725,0.392655532366,0
8.8725,0.394888196311,0
8.8725,0.397007924635,0
8.8725,0.399013440494,0
8.8725,0.400903535839,0
8.8725,0.402677072149,0
8.8725,0.404332981111,0
8.8725,0.405870265267,0
8.8725,0.407287998615,0
8.8725,0.408585327165,0
8.8725,0.409761469456,0
8.8725,0.410815717022,0
8.8725,0.411747434826,0
8.8725,0.412556061634,0
8.8725,0.41324111036,0
8.8725,0.413802168357,0
8.8725,0.414238897663,0
8.8725,0.414551035211,0
8.8725,0.414738392979,0
8.8725,0.414800858111,0
8.925,0,1.02259744602
8.925,6.24651316307e-05,1.02259738383
8.925,0.000249822899863,1.02259656401
8.925,0.000561960447384,1.02259328616
8.925,0.000998689754205,1.02258494732
8.925,0.00155974775092,1.02256811569
8.925,0.00224479647718,1.02253858238
8.925,0.00305342328524,1.02249140353
8.925,0.00398514108855,1.02242093774
8.925,0.00503938865514,1.0223208807
8.925,0.0062155309457,1.02218429843
8.925,0.0075128594961,1.02200365963
8.925,0.00893059284412,1.02177086767
8.925,0.0104678770002,1.02147729236
8.925,0.0121237859619,1.0211138018
8.925,0.0138973222715,1.02067079421
8.925,0.0157874176171,1.02013822991
8.925,0.0177929334759,1.01950566339
8.925,0.0199126618001,1.01876227543
8.925,0.0221453257447,1.01789690531
8.925,0.0244895804365,1.01689808296
8.925,0.0269440137839,1.01575406107
8.925,0.0295071473283,1.01445284709
8.925,0.0321774371336,1.01298223497
8.925,0.0349532747173,1.01132983672
8.925,0.0378329880186,1.00948311358
8.925,0.0408148424058,1.00742940682
8.925,0.0438970417214,1.00515596802
8.925,0.0470777293637,1.00264998889
8.925,0.0503549894054,0.999898630432
8.925,0.0537268477477,0.996889051422
8.925,0.0571912733091,0.993608436182
8.925,0.0607461792493,0.990044021536
8.925,0.0643894242258,0.986183122898
8.925,0.0681188136841,0.982013159426
8.925,0.0719321011795,0.977521678189
8.925,0.07582698973,0.972696377256
8.925,0.0798011332006,0.967525127674
8.925,0.0838521377157,0.961995994235
8.925,0.0879775631017,0.956097254981
8.925,0.0921749243567,0.949817419366
8.925,0.0964416931472,0.943145244985
8.925,0.100775299331,0.936069752797
8.925,0.105173132506,0.928580240742
8.925,0.109632543582,0.920666295641
8.925,0.114150846377,0.912317803272
8.925,0.118725319233,0.903524956488
8.925,0.12335320666,0.894278261223
8.925,0.128031720991,0.884568540229
8.925,0.132758044063,0.874386934341
8.925,0.137529328917,0.863724901044
8.925,0.14234270151,0.852574210092
8.925,0.147195262445,0.840926935861
8.925,0.152084088721,0.828775446074
8.925,0.157006235492,0.81611238649
8.925,0.16195873784,0.802930661012
8.925,0.166938612565,0.789223406646
8.925,0.171942859974,0.774983962536
8.925,0.176968465698,0.760205832205
8.925,0.182012402498,0.744882637903
8.925,0.187071632096,0.729008065724
8.925,0.192143107002,0.712575799836
8.925,0.197223772347,0.69557944375
8.925,0.20231056773,0.678012426047
8.925,0.207400429055,0.659867887256
8.925,0.212490290381,0.64113854369
8.925,0.217577085764,0.621816522813
8.925,0.222657751109,0.601893163028
8.925,0.227729226015,0.581358768555
8.925,0.232788455613,0.56020230686
8.925,0.237832392413,0.538411031658
8.925,0.242857998136,0.5159700081
8.925,0.247862245546,0.492861507358
8.925,0.252842120271,0.46906422375
8.925,0.257794622619,0.444552246014
8.925,0.26271676939,0.419293680376
8.925,0.267605595666,0.393248767884
8.925,0.272458156601,0.366367245615
8.925,0.277271529193,0.338584538353
8.925,0.282042814048,0.309816066848
8.925,0.28676913712,0.279948371386
8.925,0.291447651451,0.248824515065
8.925,0.296075538878,0.2162183903
8.925,0.300650011734,0.181785187499
8.925,0.305168314528,0.144952784234
8.925,0.309627725605,0.104630751349
8.925,0.31402555878,0.058074444268
8.925,0.318359164964,0
8.925,0.322625933754,0
8.925,0.326823295009,0
8.925,0.330948720395,0
8.925,0.33499972491,0
8.925,0.338973868381,0
8.925,0.342868756931,0
8.925,0.346682044427,0
8.925,0.350411433885,0
8.925,0.354054678862,0
8.925,0.357609584802,0
8.925,0.361074010363,0
8.925,0.364445868705,0
8.925,0.367723128747,0
8.925,0.370903816389,0
8.925,0.373986015705,0
8.925,0.376967870092,0
8.925,0.379847583394,0
8.925,0.382623420977,0
8.925,0.385293710783,0
8.925,0.387856844327,0
8.925,0.390311277674,0
8.925,0.392655532366,0
8.925,0.394888196311,0
8.925,0.397007924635,0
8.925,0.399013440494,0
8.925,0.400903535839,0
8.925,0.402677072149,0
8.925,0.404332981111,0
8.925,0.405870265267,0
8.925,0.407287998615,0
8.925,0.408585327165,0
8.925,0.409761469456,0
8.925,0.410815717022,0
8.925,0.411747434826,0
8.925,0.412556061634,0
8.925,0.41324111036,0
8.925,0.413802168357,0
8.925,0.414238897663,0
8.925,0.414551035211,0
8.925,0.414738392979,0
8.925,0.414800858111,0
8.9775,0,1.00153817628
8.9775,6.24651316307e-05,1.00153810955
8.9775,0.000249822899863,1.00153724019
8.9775,0.000561960447384,1.00153378961
8.9775,0.000998689754205,1.001525056
8.9775,0.00155974775092,1.00150749588
8.9775,0.00224479647718,1.00147678051
8.9775,0.00305342328524,1.00142784143
8.9775,0.00398514108855,1.00135491037
8.9775,0.00503938865514,1.00125155602
8.9775,0.0062155309457,1.00111071888
8.9775,0.0075128594961,1.00092474505
8.9775,0.00893059284412,1.00068541937
8.9775,0.0104678770002,1.00038399831
8.9775,0.0121237859619,1.00001124256
8.9775,0.0138973222715,0.9995574497
8.9775,0.0157874176171,0.999012486721
8.9775,0.0177929334759,0.998365822659
8.9775,0.0199126618001,0.997606561138
8.9775,0.0221453257447,0.996723472897
8.9775,0.0244895804365,0.995705028228
8.9775,0.0269440137839,0.994539429277
8.9775,0.0295071473283,0.99321464214
8.9775,0.0321774371336,0.991718428719
8.9775,0.0349532747173,0.990038378243
8.9775,0.0378329880186,0.988161938415
8.9775,0.0408148424058,0.986076446103
8.9775,0.0438970417214,0.983769157512
8.9775,0.0470777293637,0.981227277781
8.9775,0.0503549894054,0.978437989929
8.9775,0.0537268477477,0.975388483085
8.9775,0.0571912733091,0.972065979954
8.9775,0.0607461792493,0.968457763433
8.9775,0.0643894242258,0.964551202335
8.9775,0.0681188136841,0.960333776143
8.9775,0.0719321011795,0.955793098737
8.9775,0.07582698973,0.950916941028
8.9775,0.0798011332006,0.945693252434
8.9775,0.0838521377157,0.940110181116
8.9775,0.0879775631017,0.934156092928
8.9775,0.0921749243567,0.92781958897
8.9775,0.0964416931472,0.921089521686
8.9775,0.100775299331,0.913955009407
8.9775,0.105173132506,0.90640544924
8.9775,0.109632543582,0.89843052819
8.9775,0.114150846377,0.890020232401
8.9775,0.118725319233,0.881164854366
8.9775,0.12335320666,0.871854997957
8.9775,0.128031720991,0.862081581084
8.9775,0.132758044063,0.851835835791
8.9775,0.137529328917,0.841109305517
8.9775,0.14234270151,0.829893839277
8.9775,0.147195262445,0.818181582385
8.9775,0.152084088721,0.805964963369
8.9775,0.157006235492,0.793236676568
8.9775,0.16195873784,0.779989659884
8.9775,0.166938612565,0.766217066987
8.9775,0.171942859974,0.751912233174
8.9775,0.176968465698,0.737068633873
8.9775,0.182012402498,0.721679834592
8.9775,0.187071632096,0.705739430778
8.9775,0.192143107002,0.689240975745
8.9775,0.197223772347,0.672177894309
8.9775,0.20231056773,0.654543379171
8.9775,0.207400429055,0.636330266281
8.9775,0.212490290381,0.617530884314
8.9775,0.217577085764,0.598136871961
8.9775,0.222657751109,0.578138954705
8.9775,0.227729226015,0.557526670049
8.9775,0.232788455613,0.536288026253
8.9775,0.237832392413,0.514409074124
8.9775,0.242857998136,0.491873363379
8.9775,0.247862245546,0.468661243122
8.9775,0.252842120271,0.444748947828
8.9775,0.257794622619,0.420107381872
8.9775,0.26271676939,0.394700470066
8.9775,0.267605595666,0.368482865852
8.9775,0.272458156601,0.341396677658
8.9775,0.277271529193,0.313366636244
8.9775,0.282042814048,0.284292670525
8.9775,0.28676913712,0.254037926404
8.9775,0.291447651451,0.222408183185
8.9775,0.296075538878,0.189113453138
8.9775,0.300650011734,0.153687667481
8.9775,0.305168314528,0.115289255988
8.9775,0.309627725605,0.0720341698572
8.9775,0.31402555878,0.0159683539414
8.9775,0.318359164964,0
8.9775,0.322625933754,0
8.9775,0.326823295009,0
8.9775,0.330948720395,0
8.9775,0.33499972491,0
8.9775,0.338973868381,0
8.9775,0.342868756931,0
8.9775,0.346682044427,0
8.9775,0.350411433885,0
8.9775,0.354054678862,0
8.9775,0.357609584802,0
8.9775,0.361074010363,0
8.9775,0.364445868705,0
8.9775,0.367723128747,0
8.9775,0.370903816389,0
8.9775,0.373986015705,0
8.9775,0.376967870092,0
8.9775,0.379847583394,0
8.9775,0.382623420977,0
8.9775,0.385293710783,0
8.9775,0.387856844327,0
8.9775,0.390311277674,0
8.9775,0.392655532366,0
8.9775,0.394888196311,0
8.9775,0.397007924635,0
8.9775,0.399013440494,0
8.9775,0.400903535839,0
8.9775,0.402677072149,0
8.9775,0.404332981111,0
8.9775,0.405870265267,0
8.9775,0.407287998615,0
8.9775,0.408585327165,0
8.9775,0.409761469456,0
8.9775,0.410815717022,0
8.9775,0.411747434826,0
8.9775,0.412556061634,0
8.9775,0.41324111036,0
8.9775,0.413802168357,0
8.9775,0.414238897663,0
8.9775,0.414551035211,0
8.9775,0.414738392979,0
8.9775,0.414800858111,0
9.03,0,0.980112664234
9.03,6.24651316307e-05,0.980112592548
9.03,0.000249822899863,0.980111669816
9.03,0.000561960447384,0.980108034675
9.03,0.000998689754205,0.980098881666
9.03,0.00155974775092,0.980080551029
9.03,0.00224479647718,0.980048589974
9.03,0.00305342328524,0.979997801676
9.03,0.00398514108855,0.979922287816
9.03,0.00503938865514,0.979815487386
9.03,0.0062155309457,0.979670213264
9.03,0.0075128594961,0.979478687413
9.03,0.00893059284412,0.979232575237
9.03,0.0104678770002,0.978923019412
9.03,0.0121237859619,0.978540673406
9.03,0.0138973222715,0.978075734797
9.03,0.0157874176171,0.977517978463
9.03,0.0177929334759,0.976856789661
9.03,0.0199126618001,0.976081196997
9.03,0.0221453257447,0.975179905268
9.03,0.0244895804365,0.974141328136
9.03,0.0269440137839,0.972953620596
9.03,0.0295071473283,0.971604711174
9.03,0.0321774371336,0.970082333819
9.03,0.0349532747173,0.968374059408
9.03,0.0378329880186,0.966467326819
9.03,0.0408148424058,0.964349473499
9.03,0.0438970417214,0.962007765475
9.03,0.0470777293637,0.95942942673
9.03,0.0503549894054,0.956601667903
9.03,0.0537268477477,0.953511714228
9.03,0.0571912733091,0.950146832675
9.03,0.0607461792493,0.9464943582
9.03,0.0643894242258,0.942541719078
9.03,0.0681188136841,0.938276461231
9.03,0.0719321011795,0.933686271491
9.03,0.07582698973,0.928758999746
9.03,0.0798011332006,0.92348267989
9.03,0.0838521377157,0.917845549507
9.03,0.0879775631017,0.91183606822
9.03,0.0921749243567,0.90544293462
9.03,0.0964416931472,0.898655101698
9.03,0.100775299331,0.891461790664
9.03,0.105173132506,0.883852503079
9.03,0.109632543582,0.875817031157
9.03,0.114150846377,0.867345466123
9.03,0.118725319233,0.85842820447
9.03,0.12335320666,0.84905595195
9.03,0.128031720991,0.839219725099
9.03,0.132758044063,0.828910850077
9.03,0.137529328917,0.818120958555
9.03,0.14234270151,0.806841980336
9.03,0.147195262445,0.795066132351
9.03,0.152084088721,0.782785903601
9.03,0.157006235492,0.769994035518
9.03,0.16195873784,0.756683497126
9.03,0.166938612565,0.742847454264
9.03,0.171942859974,0.728479231951
9.03,0.176968465698,0.713572268785
9.03,0.182012402498,0.698120061995
9.03,0.187071632096,0.682116101473
9.03,0.192143107002,0.665553790631
9.03,0.197223772347,0.648426351434
9.03,0.20231056773,0.630726710204
9.03,0.207400429055,0.612447359834
9.03,0.212490290381,0.593580192774
9.03,0.217577085764,0.574116297391
9.03,0.222657751109,0.55404570789
9.03,0.227729226015,0.533357094637
9.03,0.232788455613,0.512037376894
9.03,0.237832392413,0.490071233108
9.03,0.242857998136,0.467440473623
9.03,0.247862245546,0.444123225309
9.03,0.252842120271,0.420092853726
9.03,0.257794622619,0.395316510483
9.03,0.26271676939,0.369753130993
9.03,0.267605595666,0.343350601197
9.03,0.272458156601,0.316041621506
9.03,0.277271529193,0.287737438317
9.03,0.282042814048,0.258317896397
9.03,0.28676913712,0.227614711551
9.03,0.291447651451,0.195381141393
9.03,0.296075538878,0.161231047805
9.03,0.300650011734,0.124496674721
9.03,0.305168314528,0.0838042127895
9.03,0.309627725605,0.0349130177978
9.03,0.31402555878,0
9.03,0.318359164964,0
9.03,0.322625933754,0
9.03,0.326823295009,0
9.03,0.330948720395,0
9.03,0.33499972491,0
9.03,0.338973868381,0
9.03,0.342868756931,0
9.03,0.346682044427,0
9.03,0.350411433885,0
9.03,0.354054678862,0
9.03,0.357609584802,0
9.03,0.361074010363,0
9.03,0.364445868705,0
9.03,0.367723128747,0
9.03,0.370903816389,0
9.03,0.373986015705,0
9.03,0.376967870092,0
9.03,0.379847583394,0
9.03,0.382623420977,0
9.03,0.385293710783,0
9.03,0.387856844327,0
9.03,0.390311277674,0
9.03,0.392655532366,0
9.03,0.394888196311,0
9.03,0.397007924635,0
9.03,0.399013440494,0
9.03,0.400903535839,0
9.03,0.402677072149,0
9.03,0.404332981111,0
9.03,0.405870265267,0
9.03,0.407287998615,0
9.03,0.408585327165,0
9.03,0.409761469456,0
9.03,0.410815717022,0
9.03,0.411747434826,0
9.03,0.412556061634,0
9.03,0.41324111036,0
9.03,0.413802168357,0
9.03,0.414238897663,0
9.03,0.414551035211,0
9.03,0.414738392979,0
9.03,0.414800858111,0
9.0825,0,0.958309488164
9.0825,6.24651316307e-05,0.958309411066
9.0825,0.000249822899863,0.958308430818
9.0825,0.000561960447384,0.958304598403
9.0825,0.000998689754205,0.958294999747
9.0825,0.00155974775092,0.958275854092
9.0825,0.00224479647718,0.958242580341
9.0825,0.00305342328524,0.958189849586
9.0825,0.00398514108855,0.958111630298
9.0825,0.00503938865514,0.958001229242
9.0825,0.0062155309457,0.957851329757
9.0825,0.0075128594961,0.957654028368
9.0825,0.00893059284412,0.957400870321
9.0825,0.0104678770002,0.957082884413
9.0825,0.0121237859619,0.956690617342
9.0825,0.0138973222715,0.956214167728
9.0825,0.0157874176171,0.95564321988
9.0825,0.0177929334759,0.954967077347
9.0825,0.0199126618001,0.954174696269
9.0825,0.0221453257447,0.953254718504
9.0825,0.0244895804365,0.95219550452
9.0825,0.0269440137839,0.950985165994
9.0825,0.0295071473283,0.949611598091
9.0825,0.0321774371336,0.948062511356
9.0825,0.0349532747173,0.946325463182
9.0825,0.0378329880186,0.944387888771
9.0825,0.0408148424058,0.942237131562
9.0825,0.0438970417214,0.939860473037
9.0825,0.0470777293637,0.937245161866
9.0825,0.0503549894054,0.934378442323
9.0825,0.0537268477477,0.931247581907
9.0825,0.0571912733091,0.927839898127
9.0825,0.0607461792493,0.92414278437
9.0825,0.0643894242258,0.920143734805
9.0825,0.0681188136841,0.915830368257
9.0825,0.0719321011795,0.911190450987
9.0825,0.07582698973,0.906211918315
9.0825,0.0798011332006,0.900882895017
9.0825,0.0838521377157,0.895191714424
9.0825,0.0879775631017,0.889126936146
9.0825,0.0921749243567,0.88267736234
9.0825,0.0964416931472,0.875832052436
9.0825,0.100775299331,0.868580336206
9.0825,0.105173132506,0.860911825091
9.0825,0.109632543582,0.852816421645
9.0825,0.114150846377,0.844284326953
9.0825,0.118725319233,0.835306045887
9.0825,0.12335320666,0.825872389994
9.0825,0.128031720991,0.815974477814
9.0825,0.132758044063,0.805603732388
9.0825,0.137529328917,0.794751875663
9.0825,0.14234270151,0.783410919455
9.0825,0.147195262445,0.771573152576
9.0825,0.152084088721,0.759231123647
9.0825,0.157006235492,0.746377619018
9.0825,0.16195873784,0.73300563512
9.0825,0.166938612565,0.719108344411
9.0825,0.171942859974,0.704679053892
9.0825,0.176968465698,0.68971115495
9.0825,0.182012402498,0.674198062984
9.0825,0.187071632096,0.658133144881
9.0825,0.192143107002,0.641509631928
9.0825,0.197223772347,0.62432051509
9.0825,0.20231056773,0.606558418733
9.0825,0.207400429055,0.588215447739
9.0825,0.212490290381,0.56928300139
9.0825,0.217577085764,0.549751545299
9.0825,0.222657751109,0.529610329713
9.0825,0.227729226015,0.508847038334
9.0825,0.232788455613,0.487447345817
9.0825,0.237832392413,0.465394353319
9.0825,0.242857998136,0.442667858279
9.0825,0.247862245546,0.419243394434
9.0825,0.252842120271,0.395090946133
9.0825,0.257794622619,0.370173189145
9.0825,0.26271676939,0.34444302253
9.0825,0.267605595666,0.317840001988
9.0825,0.272458156601,0.290284999989
9.0825,0.277271529193,0.261671858178
9.0825,0.282042814048,0.231853614679
9.0825,0.28676913712,0.200618146284
9.0825,0.291447651451,0.167640882273
9.0825,0.296075538878,0.132379963294
9.0825,0.300650011734,0.0937897653422
9.0825,0.305168314528,0.0491493221874
9.0825,0.309627725605,0
9.0825,0.31402555878,0
9.0825,0.318359164964,0
9.0825,0.322625933754,0
9.0825,0.326823295009,0
9.0825,0.330948720395,0
9.0825,0.33499972491,0
9.0825,0.338973868381,0
9.0825,0.342868756931,0
9.0825,0.346682044427,0
9.0825,0.350411433885,0
9.0825,0.354054678862,0
9.0825,0.357609584802,0
9.0825,0.361074010363,0
9.0825,0.364445868705,0
9.0825,0.367723128747,0
9.0825,0.370903816389,0
9.0825,0.373986015705,0
9.0825,0.376967870092,0
9.0825,0.379847583394,0
9.0825,0.382623420977,0
9.0825,0.385293710783,0
9.0825,0.387856844327,0
9.0825,0.390311277674,0
9.0825,0.392655532366,0
9.0825,0.394888196311,0
9.0825,0.397007924635,0
9.0825,0.399013440494,0
9.0825,0.400903535839,0
9.0825,0.402677072149,0
9.0825,0.404332981111,0
9.0825,0.405870265267,0
9.0825,0.407287998615,0
9.0825,0.408585327165,0
9.0825,0.409761469456,0
9.0825,0.410815717022,0
9.0825,0.411747434826,0
9.0825,0.412556061634,0
9.0825,0.41324111036,0
9.0825,0.413802168357,0
9.0825,0.414238897663,0
9.0825,0.414551035211,0
9.0825,0.414738392979,0
9.0825,0.414800858111,0
9.135,0,0.936116084904
9.135,6.24651316307e-05,0.936116001892
9.135,0.000249822899863,0.936114959625
9.135,0.000561960447384,0.936110916293
9.135,0.000998689754205,0.936100844026
9.135,0.00155974775092,0.936080836255
9.135,0.00224479647718,0.936046179284
9.135,0.00305342328524,0.935991408434
9.135,0.00398514108855,0.935910355927
9.135,0.00503938865514,0.935796193927
9.135,0.0062155309457,0.935641474521
9.135,0.0075128594961,0.935438167743
9.135,0.00893059284412,0.935177698279
9.135,0.0104678770002,0.934850981266
9.135,0.0121237859619,0.934448457464
9.135,0.0138973222715,0.933960127944
9.135,0.0157874176171,0.93337558841
9.135,0.0177929334759,0.932684063198
9.135,0.0199126618001,0.931874438971
9.135,0.0221453257447,0.93093529811
9.135,0.0244895804365,0.929854951782
9.135,0.0269440137839,0.928621472654
9.135,0.0295071473283,0.927222727205
9.135,0.0321774371336,0.925646407606
9.135,0.0349532747173,0.923880063099
9.135,0.0378329880186,0.921911130834
9.135,0.0408148424058,0.919726966116
9.135,0.0438970417214,0.917314871984
9.135,0.0470777293637,0.914662128083
9.135,0.0503549894054,0.911756018776
9.135,0.0537268477477,0.908583860417
9.135,0.0571912733091,0.905133027749
9.135,0.0607461792493,0.901390979359
9.135,0.0643894242258,0.897345282128
9.135,0.0681188136841,0.892983634622
9.135,0.0719321011795,0.888293889355
9.135,0.07582698973,0.883264073862
9.135,0.0798011332006,0.877882410516
9.135,0.0838521377157,0.872137335002
9.135,0.0879775631017,0.866017513391
9.135,0.0921749243567,0.85951185771
9.135,0.0964416931472,0.852609539921
9.135,0.100775299331,0.845300004207
9.135,0.105173132506,0.837572977449
9.135,0.109632543582,0.829418477752
9.135,0.114150846377,0.820826820893
9.135,0.118725319233,0.811788624496
9.135,0.12335320666,0.802294809754
9.135,0.128031720991,0.792336600467
9.135,0.132758044063,0.781905519121
9.135,0.137529328917,0.770993379703
9.135,0.14234270151,0.759592276886
9.135,0.147195262445,0.747694571124
9.135,0.152084088721,0.73529286916
9.135,0.157006235492,0.72237999929
9.135,0.16195873784,0.708948980627
9.135,0.166938612565,0.694992985437
9.135,0.171942859974,0.680505293395
9.135,0.176968465698,0.665479236361
9.135,0.182012402498,0.649908131917
9.135,0.187071632096,0.633785203465
9.135,0.192143107002,0.617103484127
9.135,0.197223772347,0.599855700881
9.135,0.20231056773,0.582034134412
9.135,0.207400429055,0.563630448717
9.135,0.212490290381,0.544635482692
9.135,0.217577085764,0.525038993291
9.135,0.222657751109,0.504829336216
9.135,0.227729226015,0.483993064888
9.135,0.232788455613,0.46251442081
9.135,0.237832392413,0.440374677139
9.135,0.242857998136,0.417551279997
9.135,0.247862245546,0.394016705082
9.135,0.252842120271,0.369736903559
9.135,0.257794622619,0.344669138579
9.135,0.26271676939,0.31875888745
9.135,0.267605595666,0.291935254445
9.135,0.272458156601,0.264103895613
9.135,0.277271529193,0.235135540446
9.135,0.282042814048,0.204846130087
9.135,0.28676913712,0.172959384595
9.135,0.291447651451,0.139027305619
9.135,0.296075538878,0.102227696971
9.135,0.300650011734,0.0606506491974
9.135,0.305168314528,0.00368689540058
9.135,0.309627725605,0
9.135,0.31402555878,0
9.135,0.318359164964,0
9.135,0.322625933754,0
9.135,0.326823295009,0
9.135,0.330948720395,0
9.135,0.33499972491,0
9.135,0.338973868381,0
9.135,0.342868756931,0
9.135,0.346682044427,0
9.135,0.350411433885,0
9.135,0.354054678862,0
9.135,0.357609584802,0
9.135,0.361074010363,0
9.135,0.364445868705,0
9.135,0.367723128747,0
9.135,0.370903816389,0
9.135,0.373986015705,0
9.135,0.376967870092,0
9.135,0.379847583394,0
9.135,0.382623420977,0
9.135,0.385293710783,0
9.135,0.387856844327,0
9.135,0.390311277674,0
9.135,0.392655532366,0
9.135,0.394888196311,0
9.135,0.397007924635,0
9.135,0.399013440494,0
9.135,0.400903535839,0
9.135,0.402677072149,0
9.135,0.404332981111,0
9.135,0.405870265267,0
9.135,0.407287998615,0
9.135,0.408585327165,0
9.135,0.409761469456,0
9.135,0.410815717022,0
9.135,0.411747434826,0
9.135,0.412556061634,0
9.135,0.41324111036,0
9.135,0.413802168357,0
9.135,0.414238897663,0
9.135,0.414551035211,0
9.135,0.414738392979,0
9.135,0.414800858111,0
9.1875,0,0.913518598687
9.1875,6.24651316307e-05,0.913518509206
9.1875,0.000249822899863,0.913517400035
9.1875,0.000561960447384,0.913513131136
9.1875,0.000998689754205,0.913502555478
9.1875,0.00155974775092,0.913481635769
9.1875,0.00224479647718,0.913445521415
9.1875,0.00305342328524,0.913388608342
9.1875,0.00398514108855,0.913304589624
9.1875,0.00503938865514,0.913186500634
9.1875,0.0062155309457,0.913026760747
9.1875,0.0075128594961,0.912817212751
9.1875,0.00893059284412,0.912549160698
9.1875,0.0104678770002,0.912213406662
9.1875,0.0121237859619,0.911800286693
9.1875,0.0138973222715,0.911299706152
9.1875,0.0157874176171,0.910701174555
9.1875,0.0177929334759,0.909993839985
9.1875,0.0199126618001,0.909166523102
9.1875,0.0221453257447,0.908207750762
9.1875,0.0244895804365,0.907105789233
9.1875,0.0269440137839,0.905848676979
9.1875,0.0295071473283,0.904424256988
9.1875,0.0321774371336,0.902820208587
9.1875,0.0349532747173,0.901024078715
9.1875,0.0378329880186,0.899023312599
9.1875,0.0408148424058,0.896805283781
9.1875,0.0438970417214,0.894357323442
9.1875,0.0470777293637,0.891666748976
9.1875,0.0503549894054,0.888720891757
9.1875,0.0537268477477,0.885507124037
9.1875,0.0571912733091,0.882012884927
9.1875,0.0607461792493,0.878225705406
9.1875,0.0643894242258,0.874133232291
9.1875,0.0681188136841,0.869723251109
9.1875,0.0719321011795,0.864983707817
9.1875,0.07582698973,0.85990272929
9.1875,0.0798011332006,0.854468642523
9.1875,0.0838521377157,0.848669992459
9.1875,0.0879775631017,0.842495558363
9.1875,0.0921749243567,0.835934368661
9.1875,0.0964416931472,0.828975714139
9.1875,0.100775299331,0.821609159398
9.1875,0.105173132506,0.813824552428
9.1875,0.109632543582,0.80561203218
9.1875,0.114150846377,0.796962033966
9.1875,0.118725319233,0.787865292501
9.1875,0.12335320666,0.778312842381
9.1875,0.128031720991,0.768296015746
9.1875,0.132758044063,0.757806436831
9.1875,0.137529328917,0.746836013077
9.1875,0.14234270151,0.735376922377
9.1875,0.147195262445,0.723421595988
9.1875,0.152084088721,0.710962696509
9.1875,0.157006235492,0.697993090233
9.1875,0.16195873784,0.68450581302
9.1875,0.166938612565,0.670494028629
9.1875,0.171942859974,0.655950978229
9.1875,0.176968465698,0.640869919497
9.1875,0.182012402498,0.625244053293
9.1875,0.187071632096,0.609066435389
9.1875,0.192143107002,0.592329870066
9.1875,0.197223772347,0.575026781451
9.1875,0.20231056773,0.557149057264
9.1875,0.207400429055,0.538687857978
9.1875,0.212490290381,0.519633382115
9.1875,0.217577085764,0.499974575158
9.1875,0.222657751109,0.479698765032
9.1875,0.227729226015,0.45879120044
9.1875,0.232788455613,0.437234458571
9.1875,0.237832392413,0.415007673825
9.1875,0.242857998136,0.392085516178
9.1875,0.247862245546,0.368436810965
9.1875,0.252842120271,0.344022630974
9.1875,0.257794622619,0.318793587148
9.1875,0.26271676939,0.292685856229
9.1875,0.267605595666,0.265615127085
9.1875,0.272458156601,0.237466925258
9.1875,0.277271529193,0.208080188537
9.1875,0.282042814048,0.177217095439
9.1875,0.28676913712,0.144501280835
9.1875,0.291447651451,0.109269218123
9.1875,0.296075538878,0.0701008930124
9.1875,0.300650011734,0.0219589981645
9.1875,0.305168314528,0
9.1875,0.309627725605,0
9.1875,0.31402555878,0
9.1875,0.318359164964,0
9.1875,0.322625933754,0
9.1875,0.326823295009,0
9.1875,0.330948720395,0
9.1875,0.33499972491,0
9.1875,0.338973868381,0
9.1875,0.342868756931,0
9.1875,0.346682044427,0
9.1875,0.350411433885,0
9.1875,0.354054678862,0
9.1875,0.357609584802,0
9.1875,0.361074010363,0
9.1875,0.364445868705,0
9.1875,0.367723128747,0
9.1875,0.370903816389,0
9.1875,0.373986015705,0
9.1875,0.376967870092,0
9.1875,0.379847583394,0
9.1875,0.382623420977,0
9.1875,0.385293710783,0
9.1875,0.387856844327,0
9.1875,0.390311277674,0
9.1875,0.392655532366,0
9.1875,0.394888196311,0
9.1875,0.397007924635,0
9.1875,0.399013440494,0
9.1875,0.400903535839,0
9.1875,0.402677072149,0
9.1875,0.404332981111,0
9.1875,0.405870265267,0
9.1875,0.407287998615,0
9.1875,0.408585327165,0
9.1875,0.409761469456,0
9.1875,0.410815717022,0
9.1875,0.411747434826,0
9.1875,0.412556061634,0
9.1875,0.41324111036,0
9.1875,0.413802168357,0
9.1875,0.414238897663,0
9.1875,0.414551035211,0
9.1875,0.414738392979,0
9.1875,0.414800858111,0
9.24,0,0.890501703397
9.24,6.24651316307e-05,0.890501606837
9.24,0.000249822899863,0.890500425456
9.24,0.000561960447384,0.890495915264
9.24,0.000998689754205,0.890484804517
9.24,0.00155974775092,0.890462920207
9.24,0.00224479647718,0.890425270555
9.24,0.00305342328524,0.890366108576
9.24,0.00398514108855,0.890278985453
9.24,0.00503938865514,0.890156797827
9.24,0.0062155309457,0.889991831185
9.24,0.0075128594961,0.889775800649
9.24,0.00893059284412,0.889499889952
9.24,0.0104678770002,0.889154789114
9.24,0.0121237859619,0.888730731155
9.24,0.0138973222715,0.888217528041
9.24,0.0157874176171,0.887604606013
9.24,0.0177929334759,0.886881040377
9.24,0.0199126618001,0.886035589793
9.24,0.0221453257447,0.885056730085
9.24,0.0244895804365,0.883932687566
9.24,0.0269440137839,0.882651471863
9.24,0.0295071473283,0.88120090821
9.24,0.0321774371336,0.879568669179
9.24,0.0349532747173,0.8777423058
9.24,0.0378329880186,0.875709278043
9.24,0.0408148424058,0.873456984593
9.24,0.0438970417214,0.870972791885
9.24,0.0470777293637,0.868244062342
9.24,0.0503549894054,0.865258181768
9.24,0.0537268477477,0.862002585837
9.24,0.0571912733091,0.858464785627
9.24,0.0607461792493,0.854632392151
9.24,0.0643894242258,0.850493139804
9.24,0.0681188136841,0.846034908701
9.24,0.0719321011795,0.841245745807
9.24,0.07582698973,0.836113884816
9.24,0.0798011332006,0.830627764701
9.24,0.0838521377157,0.824776046851
9.24,0.0879775631017,0.818547630723
9.24,0.0921749243567,0.811931667902
9.24,0.0964416931472,0.804917574478
9.24,0.100775299331,0.797495041617
9.24,0.105173132506,0.789654044196
9.24,0.109632543582,0.781384847348
9.24,0.114150846377,0.772678010761
9.24,0.118725319233,0.763524390505
9.24,0.12335320666,0.753915138185
9.24,0.128031720991,0.74384169713
9.24,0.132758044063,0.733295795303
9.24,0.137529328917,0.722269434561
9.24,0.14234270151,0.710754875812
9.24,0.147195262445,0.698744619525
9.24,0.152084088721,0.686231380954
9.24,0.157006235492,0.67320805928
9.24,0.16195873784,0.659667699712
9.24,0.166938612565,0.645603447367
9.24,0.171942859974,0.631008491469
9.24,0.176968465698,0.615875998032
9.24,0.182012402498,0.600199028743
9.24,0.187071632096,0.583970443131
9.24,0.192143107002,0.567182780301
9.24,0.197223772347,0.549828115406
9.24,0.20231056773,0.531897884567
9.24,0.207400429055,0.513382669901
9.24,0.212490290381,0.494271933488
9.24,0.217577085764,0.474553685069
9.24,0.222657751109,0.454214062477
9.24,0.227729226015,0.433236795249
9.24,0.232788455613,0.41160250902
9.24,0.237832392413,0.389287808469
9.24,0.242857998136,0.366264045158
9.24,0.247862245546,0.342495625092
9.24,0.252842120271,0.317937623276
9.24,0.257794622619,0.292532317071
9.24,0.26271676939,0.266203959496
9.24,0.267605595666,0.238850535297
9.24,0.272458156601,0.210329999756
9.24,0.277271529193,0.180435554376
9.24,0.282042814048,0.148846561297
9.24,0.28676913712,0.115015907974
9.24,0.291447651451,0.0778430829077
9.24,0.296075538878,0.034120079635
9.24,0.300650011734,0
9.24,0.305168314528,0
9.24,0.309627725605,0
9.24,0.31402555878,0
9.24,0.318359164964,0
9.24,0.322625933754,0
9.24,0.326823295009,0
9.24,0.330948720395,0
9.24,0.33499972491,0
9.24,0.338973868381,0
9.24,0.342868756931,0
9.24,0.346682044427,0
9.24,0.350411433885,0
9.24,0.354054678862,0
9.24,0.357609584802,0
9.24,0.361074010363,0
9.24,0.364445868705,0
9.24,0.367723128747,0
9.24,0.370903816389,0
9.24,0.373986015705,0
9.24,0.376967870092,0
9.24,0.379847583394,0
9.24,0.382623420977,0
9.24,0.385293710783,0
9.24,0.387856844327,0
9.24,0.390311277674,0
9.24,0.392655532366,0
9.24,0.394888196311,0
9.24,0.397007924635,0
9.24,0.399013440494,0
9.24,0.400903535839,0
9.24,0.402677072149,0
9.24,0.404332981111,0
9.24,0.405870265267,0
9.24,0.407287998615,0
9.24,0.408585327165,0
9.24,0.409761469456,0
9.24,0.410815717022,0
9.24,0.411747434826,0
9.24,0.412556061634,0
9.24,0.41324111036,0
9.24,0.413802168357,0
9.24,0.414238897663,0
9.24,0.414551035211,0
9.24,0.414738392979,0
9.24,0.414800858111,0
9.2925,0,0.867048392224
9.2925,6.24651316307e-05,0.867048287909
9.2925,0.000249822899863,0.867047028561
9.2925,0.000561960447384,0.867042260198
9.2925,0.000998689754205,0.867030580639
9.2925,0.00155974775092,0.867007676111
9.2925,0.00224479647718,0.866968409412
9.2925,0.00305342328524,0.866906887255
9.2925,0.00398514108855,0.866816516414
9.2925,0.00503938865514,0.866690053126
9.2925,0.0062155309457,0.866519648159
9.2925,0.0075128594961,0.866296888941
9.2925,0.00893059284412,0.866012839627
9.2925,0.0104678770002,0.865658079672
9.2925,0.0121237859619,0.865222741245
9.2925,0.0138973222715,0.864696545761
9.2925,0.0157874176171,0.86406883965
9.2925,0.0177929334759,0.863328629486
9.2925,0.0199126618001,0.862464616511
9.2925,0.0221453257447,0.861465230603
9.2925,0.0244895804365,0.860318663661
9.2925,0.0269440137839,0.859012902436
9.2925,0.0295071473283,0.857535760749
9.2925,0.0321774371336,0.855874911096
9.2925,0.0349532747173,0.854017915585
9.2925,0.0378329880186,0.851952256175
9.2925,0.0408148424058,0.849665364174
9.2925,0.0438970417214,0.847144648939
9.2925,0.0470777293637,0.844377525749
9.2925,0.0503549894054,0.841351442789
9.2925,0.0537268477477,0.838053907188
9.2925,0.0571912733091,0.834472510083
9.2925,0.0607461792493,0.830594950624
9.2925,0.0643894242258,0.826409058885
9.2925,0.0681188136841,0.821902817609
9.2925,0.0719321011795,0.817064382731
9.2925,0.07582698973,0.811882102606
9.2925,0.0798011332006,0.806344535871
9.2925,0.0838521377157,0.800440467857
9.2925,0.0879775631017,0.794158925467
9.2925,0.0921749243567,0.787489190429
9.2925,0.0964416931472,0.780420810794
9.2925,0.100775299331,0.772943610579
9.2925,0.105173132506,0.765047697396
9.2925,0.109632543582,0.756723467924
9.2925,0.114150846377,0.747961611013
9.2925,0.118725319233,0.738753108238
9.2925,0.12335320666,0.729089231611
9.2925,0.128031720991,0.718961538196
9.2925,0.132758044063,0.708361861241
9.2925,0.137529328917,0.697282297432
9.2925,0.14234270151,0.685715189766
9.2925,0.147195262445,0.673653105438
9.2925,0.152084088721,0.661088808017
9.2925,0.157006235492,0.648015223034
9.2925,0.16195873784,0.634425395885
9.2925,0.166938612565,0.620312440712
9.2925,0.171942859974,0.605669478596
9.2925,0.176968465698,0.59048956296
9.2925,0.182012402498,0.574765589534
9.2925,0.187071632096,0.558490187496
9.2925,0.192143107002,0.541655587422
9.2925,0.197223772347,0.524253460346
9.2925,0.20231056773,0.506274720427
9.2925,0.207400429055,0.487709281178
9.2925,0.212490290381,0.468545751663
9.2925,0.217577085764,0.448771053936
9.2925,0.222657751109,0.428369935516
9.2925,0.227729226015,0.407324339457
9.2925,0.232788455613,0.385612577415
9.2925,0.237832392413,0.363208224002
9.2925,0.242857998136,0.340078606775
9.2925,0.247862245546,0.31618269209
9.2925,0.252842120271,0.291468036899
9.2925,0.257794622619,0.26586623643
9.2925,0.26271676939,0.239285827178
9.2925,0.267605595666,0.211600613048
9.2925,0.272458156601,0.182629090163
9.2925,0.277271529193,0.152094662051
9.2925,0.282042814048,0.119537851154
9.2925,0.28676913712,0.0840779031551
9.2925,0.291447651451,0.0434472178318
9.2925,0.296075538878,0
9.2925,0.300650011734,0
9.2925,0.305168314528,0
9.2925,0.309627725605,0
9.2925,0.31402555878,0
9.2925,0.318359164964,0
9.2925,0.322625933754,0
9.2925,0.326823295009,0
9.2925,0.330948720395,0
9.2925,0.33499972491,0
9.2925,0.338973868381,0
9.2925,0.342868756931,0
9.2925,0.346682044427,0
9.2925,0.350411433885,0
9.2925,0.354054678862,0
9.2925,0.357609584802,0
9.2925,0.361074010363,0
9.2925,0.364445868705,0
9.2925,0.367723128747,0
9.2925,0.370903816389,0
9.2925,0.373986015705,0
9.2925,0.376967870092,0
9.2925,0.379847583394,0
9.2925,0.382623420977,0
9.2925,0.385293710783,0
9.2925,0.387856844327,0
9.2925,0.390311277674,0
9.2925,0.392655532366,0
9.2925,0.394888196311,0
9.2925,0.397007924635,0
9.2925,0.399013440494,0
9.2925,0.400903535839,0
9.2925,0.402677072149,0
9.2925,0.404332981111,0
9.2925,0.405870265267,0
9.2925,0.407287998615,0
9.2925,0.408585327165,0
9.2925,0.409761469456,0
9.2925,0.410815717022,0
9.2925,0.411747434826,0
9.2925,0.412556061634,0
9.2925,0.41324111036,0
9.2925,0.413802168357,0
9.2925,0.414238897663,0
9.2925,0.414551035211,0
9.2925,0.414738392979,0
9.2925,0.414800858111,0
9.345,0,0.843139727057
9.345,6.24651316307e-05,0.84313961424
9.345,0.000249822899863,0.843138270672
9.345,0.000561960447384,0.843133226034
9.345,0.000998689754205,0.843120941814
9.345,0.00155974775092,0.843096958402
9.345,0.00224479647718,0.843055989011
9.345,0.00305342328524,0.842991990845
9.345,0.00398514108855,0.842898224009
9.345,0.00503938865514,0.842767303003
9.345,0.0062155309457,0.842591243437
9.345,0.0075128594961,0.842361505462
9.345,0.00893059284412,0.842069034902
9.345,0.0104678770002,0.841704302652
9.345,0.0121237859619,0.841257342784
9.345,0.0138973222715,0.840717789592
9.345,0.0157874176171,0.840074913772
9.345,0.0177929334759,0.839317657835
9.345,0.0199126618001,0.838434670833
9.345,0.0221453257447,0.837414342424
9.345,0.0244895804365,0.836244836289
9.345,0.0269440137839,0.834914122915
9.345,0.0295071473283,0.833410011702
9.345,0.0321774371336,0.831720182398
9.345,0.0349532747173,0.829832215808
9.345,0.0378329880186,0.827733623759
9.345,0.0408148424058,0.825411878272
9.345,0.0438970417214,0.822854439899
9.345,0.0470777293637,0.820048785183
9.345,0.0503549894054,0.816982433202
9.345,0.0537268477477,0.813642971123
9.345,0.0571912733091,0.810018078749
9.345,0.0607461792493,0.806095551973
9.345,0.0643894242258,0.801863325109
9.345,0.0681188136841,0.797309492016
9.345,0.0719321011795,0.79242232597
9.345,0.07582698973,0.787190298206
9.345,0.0798011332006,0.781602095052
9.345,0.0838521377157,0.775646633575
9.345,0.0879775631017,0.769313075649
9.345,0.0921749243567,0.762590840338
9.345,0.0964416931472,0.755469614479
9.345,0.100775299331,0.747939361334
9.345,0.105173132506,0.739990327159
9.345,0.109632543582,0.731613045514
9.345,0.114150846377,0.72279833912
9.345,0.118725319233,0.713537319012
9.345,0.12335320666,0.703821380739
9.345,0.128031720991,0.693642197246
9.345,0.132758044063,0.682991708096
9.345,0.137529328917,0.671862104526
9.345,0.14234270151,0.660245809819
9.345,0.147195262445,0.648135454294
9.345,0.152084088721,0.635523844108
9.345,0.157006235492,0.622403922873
9.345,0.16195873784,0.608768724844
9.345,0.166938612565,0.594611318154
9.345,0.171942859974,0.579924736172
9.345,0.176968465698,0.564701894555
9.345,0.182012402498,0.548935490925
9.345,0.187071632096,0.532617883162
9.345,0.192143107002,0.515740941188
9.345,0.197223772347,0.498295865396
9.345,0.20231056773,0.480272962714
9.345,0.207400429055,0.461661368035
9.345,0.212490290381,0.442448694263
9.345,0.217577085764,0.422620587566
9.345,0.222657751109,0.402160154601
9.345,0.227729226015,0.381047213416
9.345,0.232788455613,0.359257296264
9.345,0.237832392413,0.336760294581
9.345,0.242857998136,0.313518573047
9.345,0.247862245546,0.289484269368
9.345,0.252842120271,0.26459529523
9.345,0.257794622619,0.238769165206
9.345,0.26271676939,0.21189297481
9.345,0.267605595666,0.183806026445
9.345,0.272458156601,0.154266979085
9.345,0.277271529193,0.12288368472
9.345,0.282042814048,0.0889325421539
9.345,0.28676913712,0.0507055676603
9.345,0.291447651451,0
9.345,0.296075538878,0
9.345,0.300650011734,0
9.345,0.305168314528,0
9.345,0.309627725605,0
9.345,0.31402555878,0
9.345,0.318359164964,0
9.345,0.322625933754,0
9.345,0.326823295009,0
9.345,0.330948720395,0
9.345,0.33499972491,0
9.345,0.338973868381,0
9.345,0.342868756931,0
9.345,0.346682044427,0
9.345,0.350411433885,0
9.345,0.354054678862,0
9.345,0.357609584802,0
9.345,0.361074010363,0
9.345,0.364445868705,0
9.345,0.367723128747,0
9.345,0.370903816389,0
9.345,0.373986015705,0
9.345,0.376967870092,0
9.345,0.379847583394,0
9.345,0.382623420977,0
9.345,0.385293710783,0
9.345,0.387856844327,0
9.345,0.390311277674,0
9.345,0.392655532366,0
9.345,0.394888196311,0
9.345,0.397007924635,0
9.345,0.399013440494,0
9.345,0.400903535839,0
9.345,0.402677072149,0
9.345,0.404332981111,0
9.345,0.405870265267,0
9.345,0.407287998615,0
9.345,0.408585327165,0
9.345,0.409761469456,0
9.345,0.410815717022,0
9.345,0.411747434826,0
9.345,0.412556061634,0
9.345,0.41324111036,0
9.345,0.413802168357,0
9.345,0.414238897663,0
9.345,0.414551035211,0
9.345,0.414738392979,0
9.345,0.414800858111,0
9.3975,0,0.818754537708
9.3975,6.24651316307e-05,0.818754415565
9.3975,0.000249822899863,0.81875298099
9.3975,0.000561960447384,0.818747640665
9.3975,0.000998689754205,0.818734713719
9.3975,0.00155974775092,0.818709589627
9.3975,0.00224479647718,0.818666827986
9.3975,0.00305342328524,0.81860023352
9.3975,0.00398514108855,0.818502917721
9.3975,0.00503938865514,0.818367352416
9.3975,0.0062155309457,0.818185418075
9.3975,0.0075128594961,0.817948448517
9.3975,0.00893059284412,0.817647273027
9.3975,0.0104678770002,0.817272256563
9.3975,0.0121237859619,0.816813338475
9.3975,0.0138973222715,0.816260070032
9.3975,0.0157874176171,0.815601650946
9.3975,0.0177929334759,0.814826965038
9.3975,0.0199126618001,0.813924615094
9.3975,0.0221453257447,0.812882956995
9.3975,0.0244895804365,0.811690133113
9.3975,0.0269440137839,0.810334104997
9.3975,0.0295071473283,0.808802685325
9.3975,0.0321774371336,0.807083569126
9.3975,0.0349532747173,0.805164364216
9.3975,0.0378329880186,0.803032620844
9.3975,0.0408148424058,0.8006758605
9.3975,0.0438970417214,0.798081603844
9.3975,0.0470777293637,0.795237397723
9.3975,0.0503549894054,0.792130841222
9.3975,0.0537268477477,0.788749610707
9.3975,0.0571912733091,0.785081483808
9.3975,0.0607461792493,0.781114362294
9.3975,0.0643894242258,0.776836293775
9.3975,0.0681188136841,0.772235492174
9.3975,0.0719321011795,0.767300356907
9.3975,0.07582698973,0.762019490697
9.3975,0.0798011332006,0.756381715939
9.3975,0.0838521377157,0.750376089539
9.3975,0.0879775631017,0.743991916116
9.3975,0.0921749243567,0.737218759476
9.3975,0.0964416931472,0.730046452215
9.3975,0.100775299331,0.722465103321
9.3975,0.105173132506,0.714465103613
9.3975,0.109632543582,0.706037128814
9.3975,0.114150846377,0.69717214006
9.3975,0.118725319233,0.687861381566
9.3975,0.12335320666,0.678096375162
9.3975,0.128031720991,0.667868911324
9.3975,0.132758044063,0.657171036285
9.3975,0.137529328917,0.645995034698
9.3975,0.14234270151,0.634333407238
9.3975,0.147195262445,0.622178842377
9.3975,0.152084088721,0.609524181421
9.3975,0.157006235492,0.596362375658
9.3975,0.16195873784,0.582686434212
9.3975,0.166938612565,0.56848936084
9.3975,0.171942859974,0.553764077438
9.3975,0.176968465698,0.538503331446
9.3975,0.182012402498,0.522699583502
9.3975,0.187071632096,0.506344870643
9.3975,0.192143107002,0.489430638874
9.3975,0.197223772347,0.471947536886
9.3975,0.20231056773,0.45388515988
9.3975,0.207400429055,0.435231728356
9.3975,0.212490290381,0.415973680897
9.3975,0.217577085764,0.396095151187
9.3975,0.222657751109,0.375577286296
9.3975,0.227729226015,0.354397342658
9.3975,0.232788455613,0.332527463089
9.3975,0.237832392413,0.309932983431
9.3975,0.242857998136,0.286570022816
9.3975,0.247862245546,0.262381940752
9.3975,0.252842120271,0.237293918033
9.3975,0.257794622619,0.211204252332
9.3975,0.26271676939,0.183969479679
9.3975,0.267605595666,0.155376769626
9.3975,0.272458156601,0.125086536668
9.3975,0.277271529193,0.0924908839328
9.3975,0.282042814048,0.0562434794794
9.3975,0.28676913712,0.0107072675576
9.3975,0.291447651451,0
9.3975,0.296075538878,0
9.3975,0.300650011734,0
9.3975,0.305168314528,0
9.3975,0.309627725605,0
9.3975,0.31402555878,0
9.3975,0.318359164964,0
9.3975,0.322625933754,0
9.3975,0.326823295009,0
9.3975,0.330948720395,0
9.3975,0.33499972491,0
9.3975,0.338973868381,0
9.3975,0.342868756931,0
9.3975,0.346682044427,0
9.3975,0.350411433885,0
9.3975,0.354054678862,0
9.3975,0.357609584802,0
9.3975,0.361074010363,0
9.3975,0.364445868705,0
9.3975,0.367723128747,0
9.3975,0.370903816389,0
9.3975,0.373986015705,0
9.3975,0.376967870092,0
9.3975,0.379847583394,0
9.3975,0.382623420977,0
9.3975,0.385293710783,0
9.3975,0.387856844327,0
9.3975,0.390311277674,0
9.3975,0.392655532366,0
9.3975,0.394888196311,0
9.3975,0.397007924635,0
9.3975,0.399013440494,0
9.3975,0.400903535839,0
9.3975,0.402677072149,0
9.3975,0.404332981111,0
9.3975,0.405870265267,0
9.3975,0.407287998615,0
9.3975,0.408585327165,0
9.3975,0.409761469456,0
9.3975,0.410815717022,0
9.3975,0.411747434826,0
9.3975,0.412556061634,0
9.3975,0.41324111036,0
9.3975,0.413802168357,0
9.3975,0.414238897663,0
9.3975,0.414551035211,0
9.3975,0.414738392979,0
9.3975,0.414800858111,0
9.45,0,0.793869058058
9.45,6.24651316307e-05,0.793868925676
9.45,0.000249822899863,0.793867392729
9.45,0.000561960447384,0.793861735922
9.45,0.000998689754205,0.793848125878
9.45,0.00155974775092,0.793821796132
9.45,0.00224479647718,0.793777148818
9.45,0.00305342328524,0.793707833492
9.45,0.00398514108855,0.793606811485
9.45,0.00503938865514,0.793466411482
9.45,0.0062155309457,0.793278379376
9.45,0.0075128594961,0.793033924177
9.45,0.00893059284412,0.792723761079
9.45,0.0104678770002,0.792338152399
9.45,0.0121237859619,0.791866946857
9.45,0.0138973222715,0.791299617526
9.45,0.0157874176171,0.79062529865
9.45,0.0177929334759,0.789832821493
9.45,0.0199126618001,0.788910749287
9.45,0.0221453257447,0.787847411364
9.45,0.0244895804365,0.786630936478
9.45,0.0269440137839,0.785249285348
9.45,0.0295071473283,0.783690282408
9.45,0.0321774371336,0.781941646758
9.45,0.0349532747173,0.77999102229
9.45,0.0378329880186,0.777826006966
9.45,0.0408148424058,0.77543418122
9.45,0.0438970417214,0.772803135434
9.45,0.0470777293637,0.769920496465
9.45,0.0503549894054,0.76677395317
9.45,0.0537268477477,0.763351280892
9.45,0.0571912733091,0.759640364845
9.45,0.0607461792493,0.755629222359
9.45,0.0643894242258,0.751306023921
9.45,0.0681188136841,0.746659112951
9.45,0.0719321011795,0.741677024249
9.45,0.07582698973,0.736348501035
9.45,0.0798011332006,0.730662510507
9.45,0.0838521377157,0.724608257812
9.45,0.0879775631017,0.718175198346
9.45,0.0921749243567,0.711353048248
9.45,0.0964416931472,0.704131792972
9.45,0.100775299331,0.696501693769
9.45,0.105173132506,0.688453291909
9.45,0.109632543582,0.679977410439
9.45,0.114150846377,0.671065153233
9.45,0.118725319233,0.661707901051
9.45,0.12335320666,0.65189730427
9.45,0.128031720991,0.641625271893
9.45,0.132758044063,0.630883956338
9.45,0.137529328917,0.619665733461
9.45,0.14234270151,0.607963177074
9.45,0.147195262445,0.595769027137
9.45,0.152084088721,0.583076150537
9.45,0.157006235492,0.569877493182
9.45,0.16195873784,0.556166021758
9.45,0.166938612565,0.541934653117
9.45,0.171942859974,0.527176168681
9.45,0.176968465698,0.511883110555
9.45,0.182012402498,0.496047655003
9.45,0.187071632096,0.479661457678
9.45,0.192143107002,0.462715463089
9.45,0.197223772347,0.445199668278
9.45,0.20231056773,0.427102826995
9.45,0.207400429055,0.408412075406
9.45,0.212490290381,0.389112452547
9.45,0.217577085764,0.369186277004
9.45,0.222657751109,0.348612323014
9.45,0.227729226015,0.327364710159
9.45,0.232788455613,0.305411372841
9.45,0.237832392413,0.282711893665
9.45,0.242857998136,0.259214337756
9.45,0.247862245546,0.234850447016
9.45,0.252842120271,0.209527992475
9.45,0.257794622619,0.183117856224
9.45,0.26271676939,0.155430438079
9.45,0.267605595666,0.126167681122
9.45,0.272458156601,0.0948087259256
9.45,0.277271529193,0.0602537088809
9.45,0.282042814048,0.0187225110304
9.45,0.28676913712,0
9.45,0.291447651451,0
9.45,0.296075538878,0
9.45,0.300650011734,0
9.45,0.305168314528,0
9.45,0.309627725605,0
9.45,0.31402555878,0
9.45,0.318359164964,0
9.45,0.322625933754,0
9.45,0.326823295009,0
9.45,0.330948720395,0
9.45,0.33499972491,0
9.45,0.338973868381,0
9.45,0.342868756931,0
9.45,0.346682044427,0
9.45,0.350411433885,0
9.45,0.354054678862,0
9.45,0.357609584802,0
9.45,0.361074010363,0
9.45,0.364445868705,0
9.45,0.367723128747,0
9.45,0.370903816389,0
9.45,0.373986015705,0
9.45,0.376967870092,0
9.45,0.379847583394,0
9.45,0.382623420977,0
9.45,0.385293710783,0
9.45,0.387856844327,0
9.45,0.390311277674,0
9.45,0.392655532366,0
9.45,0.394888196311,0
9.45,0.397007924635,0
9.45,0.399013440494,0
9.45,0.400903535839,0
9.45,0.402677072149,0
9.45,0.404332981111,0
9.45,0.405870265267,0
9.45,0.407287998615,0
9.45,0.408585327165,0
9.45,0.409761469456,0
9.45,0.410815717022,0
9.45,0.411747434826,0
9.45,0.412556061634,0
9.45,0.41324111036,0
9.45,0.413802168357,0
9.45,0.414238897663,0
9.45,0.414551035211,0
9.45,0.414738392979,0
9.45,0.414800858111,0
9.5025,0,0.768456482022
9.5025,6.24651316307e-05,0.768456338392
9.5025,0.000249822899863,0.768454699082
9.5025,0.000561960447384,0.768448703539
9.5025,0.000998689754205,0.768434367655
9.5025,0.00155974775092,0.768406764096
9.5025,0.00224479647718,0.768360133931
9.5025,0.00305342328524,0.768287969239
9.5025,0.00398514108855,0.768183080106
9.5025,0.00503938865514,0.768037652163
9.5025,0.0062155309457,0.767843297908
9.5025,0.0075128594961,0.767591103761
9.5025,0.00893059284412,0.767271673999
9.5025,0.0104678770002,0.766875172367
9.5025,0.0121237859619,0.766391361853
9.5025,0.0138973222715,0.765809642994
9.5025,0.0157874176171,0.765119090925
9.5025,0.0177929334759,0.76430849135
9.5025,0.0199126618001,0.763366375523
9.5025,0.0221453257447,0.762281054321
9.5025,0.0244895804365,0.76104065144
9.5025,0.0269440137839,0.759633135741
9.5025,0.0295071473283,0.758046352736
9.5025,0.0321774371336,0.756268055228
9.5025,0.0349532747173,0.75428593307
9.5025,0.0378329880186,0.752087642033
9.5025,0.0408148424058,0.749660831744
9.5025,0.0438970417214,0.746993172674
9.5025,0.0470777293637,0.744072382127
9.5025,0.0503549894054,0.740886249199
9.5025,0.0537268477477,0.737422658651
9.5025,0.0571912733091,0.733669613665
9.5025,0.0607461792493,0.729615257413
9.5025,0.0643894242258,0.725247893393
9.5025,0.0681188136841,0.720556004465
9.5025,0.0719321011795,0.715528270522
9.5025,0.07582698973,0.710153584707
9.5025,0.0798011332006,0.704421068111
9.5025,0.0838521377157,0.698320082834
9.5025,0.0879775631017,0.691840243315
9.5025,0.0921749243567,0.684971425796
9.5025,0.0964416931472,0.677703775779
9.5025,0.100775299331,0.670027713318
9.5025,0.105173132506,0.661933935941
9.5025,0.109632543582,0.65341341898
9.5025,0.114150846377,0.644457413051
9.5025,0.118725319233,0.635057438361
9.5025,0.12335320666,0.625205275468
9.5025,0.128031720991,0.614892952058
9.5025,0.132758044063,0.604112725188
9.5025,0.137529328917,0.592857058344
9.5025,0.14234270151,0.581118592526
9.5025,0.147195262445,0.568890110376
9.5025,0.152084088721,0.556164492142
9.5025,0.157006235492,0.542934661966
9.5025,0.16195873784,0.529193522615
9.5025,0.166938612565,0.514933876248
9.5025,0.171942859974,0.500148328145
9.5025,0.176968465698,0.484829169445
9.5025,0.182012402498,0.468968233698
9.5025,0.187071632096,0.452556720377
9.5025,0.192143107002,0.435584976168
9.5025,0.197223772347,0.418042221544
9.5025,0.20231056773,0.399916205362
9.5025,0.207400429055,0.381192763209
9.5025,0.212490290381,0.36185524466
9.5025,0.217577085764,0.341883758333
9.5025,0.222657751109,0.32125415772
9.5025,0.227729226015,0.299936648424
9.5025,0.232788455613,0.27789382516
9.5025,0.237832392413,0.255077818442
9.5025,0.242857998136,0.231425990041
9.5025,0.247862245546,0.206854135363
9.5025,0.252842120271,0.181245112272
9.5025,0.257794622619,0.154428336582
9.5025,0.26271676939,0.126138822226
9.5025,0.267605595666,0.0959221505043
9.5025,0.272458156601,0.062852388124
9.5025,0.277271529193,0.0240939248462
9.5025,0.282042814048,0
9.5025,0.28676913712,0
9.5025,0.291447651451,0
9.5025,0.296075538878,0
9.5025,0.300650011734,0
9.5025,0.305168314528,0
9.5025,0.309627725605,0
9.5025,0.31402555878,0
9.5025,0.318359164964,0
9.5025,0.322625933754,0
9.5025,0.326823295009,0
9.5025,0.330948720395,0
9.5025,0.33499972491,0
9.5025,0.338973868381,0
9.5025,0.342868756931,0
9.5025,0.346682044427,0
9.5025,0.350411433885,0
9.5025,0.354054678862,0
9.5025,0.357609584802,0
9.5025,0.361074010363,0
9.5025,0.364445868705,0
9.5025,0.367723128747,0
9.5025,0.370903816389,0
9.5025,0.373986015705,0
9.5025,0.376967870092,0
9.5025,0.379847583394,0
9.5025,0.382623420977,0
9.5025,0.385293710783,0
9.5025,0.387856844327,0
9.5025,0.390311277674,0
9.5025,0.392655532366,0
9.5025,0.394888196311,0
9.5025,0.397007924635,0
9.5025,0.399013440494,0
9.5025,0.400903535839,0
9.5025,0.402677072149,0
9.5025,0.404332981111,0
9.5025,0.405870265267,0
9.5025,0.407287998615,0
9.5025,0.408585327165,0
9.5025,0.409761469456,0
9.5025,0.410815717022,0
9.5025,0.411747434826,0
9.5025,0.412556061634,0
9.5025,0.41324111036,0
9.5025,0.413802168357,0
9.5025,0.414238897663,0
9.5025,0.414551035211,0
9.5025,0.414738392979,0
9.5025,0.414800858111,0
9.555,0,0.742486416486
9.555,6.24651316307e-05,0.742486260493
9.555,0.000249822899863,0.742484506158
9.555,0.000561960447384,0.742478148099
9.555,0.000998689754205,0.742463041213
9.555,0.00155974775092,0.742434092546
9.555,0.00224479647718,0.742385378827
9.555,0.00305342328524,0.742310232801
9.555,0.00398514108855,0.742201312799
9.555,0.00503938865514,0.742050662137
9.555,0.0062155309457,0.741849761837
9.555,0.0075128594961,0.741589578733
9.555,0.00893059284412,0.741260610203
9.555,0.0104678770002,0.740852926367
9.555,0.0121237859619,0.740356210293
9.555,0.0138973222715,0.739759796575
9.555,0.0157874176171,0.73905270855
9.555,0.0177929334759,0.738223694321
9.555,0.0199126618001,0.737261261704
9.555,0.0221453257447,0.736153712184
9.555,0.0244895804365,0.73488917392
9.555,0.0269440137839,0.733455633831
9.555,0.0295071473283,0.731840968774
9.555,0.0321774371336,0.730032975805
9.555,0.0349532747173,0.728019401526
9.555,0.0378329880186,0.725787970483
9.555,0.0408148424058,0.723326412604
9.555,0.0438970417214,0.720622489638
9.555,0.0470777293637,0.717664020562
9.555,0.0503549894054,0.714438905924
9.555,0.0537268477477,0.71093515107
9.555,0.0571912733091,0.707140888208
9.555,0.0607461792493,0.703044397268
9.555,0.0643894242258,0.698634125479
9.555,0.0681188136841,0.693898705625
9.555,0.0719321011795,0.68882697288
9.555,0.07582698973,0.683407980164
9.555,0.0798011332006,0.677631011921
9.555,0.0838521377157,0.671485596211
9.555,0.0879775631017,0.664961515007
9.555,0.0921749243567,0.658048812559
9.555,0.0964416931472,0.650737801665
9.555,0.100775299331,0.643019067675
9.555,0.105173132506,0.634883470015
9.555,0.109632543582,0.626322140972
9.555,0.114150846377,0.617326481462
9.555,0.118725319233,0.607888153422
9.555,0.12335320666,0.597999068399
9.555,0.128031720991,0.587651371862
9.555,0.132758044063,0.576837422585
9.555,0.137529328917,0.565549766404
9.555,0.14234270151,0.553781103397
9.555,0.147195262445,0.541524247398
9.555,0.152084088721,0.528772076416
9.555,0.157006235492,0.515517472217
9.555,0.16195873784,0.501753246847
9.555,0.166938612565,0.487472053245
9.555,0.171942859974,0.472666276288
9.555,0.176968465698,0.457327899479
9.555,0.182012402498,0.441448340963
9.555,0.187071632096,0.425018250423
9.555,0.192143107002,0.40802725539
9.555,0.197223772347,0.39046364116
9.555,0.20231056773,0.372313942139
9.555,0.207400429055,0.353562412867
9.555,0.212490290381,0.33419033228
9.555,0.217577085764,0.314175071475
9.555,0.222657751109,0.29348881728
9.555,0.227729226015,0.272096779518
9.555,0.232788455613,0.249954595957
9.555,0.237832392413,0.227004436787
9.555,0.242857998136,0.20316889015
9.555,0.247862245546,0.178340811417
9.555,0.252842120271,0.152365200321
9.555,0.257794622619,0.125003489346
9.555,0.26271676939,0.0958523593195
9.555,0.267605595666,0.0641111235726
9.555,0.272458156601,0.0275018475758
9.555,0.277271529193,0
9.555,0.282042814048,0
9.555,0.28676913712,0
9.555,0.291447651451,0
9.555,0.296075538878,0
9.555,0.300650011734,0
9.555,0.305168314528,0
9.555,0.309627725605,0
9.555,0.31402555878,0
9.555,0.318359164964,0
9.555,0.322625933754,0
9.555,0.326823295009,0
9.555,0.330948720395,0
9.555,0.33499972491,0
9.555,0.338973868381,0
9.555,0.342868756931,0
9.555,0.346682044427,0
9.555,0.350411433885,0
9.555,0.354054678862,0
9.555,0.357609584802,0
9.555,0.361074010363,0
9.555,0.364445868705,0
9.555,0.367723128747,0
9.555,0.370903816389,0
9.555,0.373986015705,0
9.555,0.376967870092,0
9.555,0.379847583394,0
9.555,0.382623420977,0
9.555,0.385293710783,0
9.555,0.387856844327,0
9.555,0.390311277674,0
9.555,0.392655532366,0
9.555,0.394888196311,0
9.555,0.397007924635,0
9.555,0.399013440494,0
9.555,0.400903535839,0
9.555,0.402677072149,0
9.555,0.404332981111,0
9.555,0.405870265267,0
9.555,0.407287998615,0
9.555,0.408585327165,0
9.555,0.409761469456,0
9.555,0.410815717022,0
9.555,0.411747434826,0
9.555,0.412556061634,0
9.555,0.41324111036,0
9.555,0.413802168357,0
9.555,0.414238897663,0
9.555,0.414551035211,0
9.555,0.414738392979,0
9.555,0.414800858111,0
9.6075,0,0.715924200185
9.6075,6.24651316307e-05,0.715924030593
9.6075,0.000249822899863,0.715922151853
9.6075,0.000561960447384,0.71591540591
9.6075,0.000998689754205,0.715899480445
9.6075,0.00155974775092,0.715869112369
9.6075,0.00224479647718,0.715818211227
9.6075,0.00305342328524,0.715739949148
9.6075,0.00398514108855,0.715626832877
9.6075,0.00503938865514,0.715470764934
9.6075,0.0062155309457,0.715263097635
9.6075,0.0075128594961,0.714994682149
9.6075,0.00893059284412,0.714655913941
9.6075,0.0104678770002,0.714236775465
9.6075,0.0121237859619,0.713726876711
9.6075,0.0138973222715,0.713115493986
9.6075,0.0157874176171,0.712391607211
9.6075,0.0177929334759,0.711543935927
9.6075,0.0199126618001,0.710560974137
9.6075,0.0221453257447,0.709431024075
9.6075,0.0244895804365,0.708142228953
9.6075,0.0269440137839,0.706682604726
9.6075,0.0295071473283,0.705040070896
9.6075,0.0321774371336,0.703202480344
9.6075,0.0349532747173,0.701157648201
9.6075,0.0378329880186,0.698893379724
9.6075,0.0408148424058,0.696397497178
9.6075,0.0438970417214,0.693657865678
9.6075,0.0470777293637,0.690662417963
9.6075,0.0503549894054,0.687399178071
9.6075,0.0537268477477,0.683856283869
9.6075,0.0571912733091,0.680022008386
9.6075,0.0607461792493,0.6758847799
9.6075,0.0643894242258,0.671433200722
9.6075,0.0681188136841,0.666656064604
9.6075,0.0719321011795,0.661542372704
9.6075,0.07582698973,0.656081348009
9.6075,0.0798011332006,0.65026244814
9.6075,0.0838521377157,0.644075376409
9.6075,0.0879775631017,0.637510091017
9.6075,0.0921749243567,0.630556812231
9.6075,0.0964416931472,0.623206027385
9.6075,0.100775299331,0.615448493494
9.6075,0.105173132506,0.607275237257
9.6075,0.109632543582,0.598677552167
9.6075,0.114150846377,0.589646992394
9.6075,0.118725319233,0.580175363065
9.6075,0.12335320666,0.570254706457
9.6075,0.128031720991,0.559877283532
9.6075,0.132758044063,0.549035550125
9.6075,0.137529328917,0.537722126935
9.6075,0.14234270151,0.525929762264
9.6075,0.147195262445,0.51365128619
9.6075,0.152084088721,0.500879554565
9.6075,0.157006235492,0.487607380722
9.6075,0.16195873784,0.473827452295
9.6075,0.166938612565,0.459532229705
9.6075,0.171942859974,0.444713821899
9.6075,0.176968465698,0.429363833469
9.6075,0.182012402498,0.413473175343
9.6075,0.187071632096,0.39703182844
9.6075,0.192143107002,0.380028545706
9.6075,0.197223772347,0.362450472104
9.6075,0.20231056773,0.344282653368
9.6075,0.207400429055,0.325507390918
9.6075,0.212490290381,0.306103379131
9.6075,0.217577085764,0.286044526698
9.6075,0.222657751109,0.265298305522
9.6075,0.227729226015,0.243823367999
9.6075,0.232788455613,0.221565983261
9.6075,0.237832392413,0.198454468166
9.6075,0.242857998136,0.174389992936
9.6075,0.247862245546,0.14923028201
9.6075,0.252842120271,0.122757804422
9.6075,0.257794622619,0.0946084764522
9.6075,0.26271676939,0.0640722049498
9.6075,0.267605595666,0.0292195726418
9.6075,0.272458156601,0
9.6075,0.277271529193,0
9.6075,0.282042814048,0
9.6075,0.28676913712,0
9.6075,0.291447651451,0
9.6075,0.296075538878,0
9.6075,0.300650011734,0
9.6075,0.305168314528,0
9.6075,0.309627725605,0
9.6075,0.31402555878,0
9.6075,0.318359164964,0
9.6075,0.322625933754,0
9.6075,0.326823295009,0
9.6075,0.330948720395,0
9.6075,0.33499972491,0
9.6075,0.338973868381,0
9.6075,0.342868756931,0
9.6075,0.346682044427,0
9.6075,0.350411433885,0
9.6075,0.354054678862,0
9.6075,0.357609584802,0
9.6075,0.361074010363,0
9.6075,0.364445868705,0
9.6075,0.367723128747,0
9.6075,0.370903816389,0
9.6075,0.373986015705,0
9.6075,0.376967870092,0
9.6075,0.379847583394,0
9.6075,0.382623420977,0
9.6075,0.385293710783,0
9.6075,0.387856844327,0
9.6075,0.390311277674,0
9.6075,0.392655532366,0
9.6075,0.394888196311,0
9.6075,0.397007924635,0
9.6075,0.399013440494,0
9.6075,0.400903535839,0
9.6075,0.402677072149,0
9.6075,0.404332981111,0
9.6075,0.405870265267,0
9.6075,0.407287998615,0
9.6075,0.408585327165,0
9.6075,0.409761469456,0
9.6075,0.410815717022,0
9.6075,0.411747434826,0
9.6075,0.412556061634,0
9.6075,0.41324111036,0
9.6075,0.413802168357,0
9.6075,0.414238897663,0
9.6075,0.414551035211,0
9.6075,0.414738392979,0
9.6075,0.414800858111,0
9.66,0,0.688730045725
9.66,6.24651316307e-05,0.688729861168
9.66,0.000249822899863,0.688727847876
9.66,0.000561960447384,0.688720687062
9.66,0.000998689754205,0.688703893062
9.66,0.00155974775092,0.688672028513
9.66,0.00224479647718,0.688618833477
9.66,0.00305342328524,0.688537318881
9.66,0.00398514108855,0.688419840877
9.66,0.00503938865514,0.688258163635
9.66,0.0062155309457,0.688043514536
9.66,0.0075128594961,0.687766634077
9.66,0.00893059284412,0.687417821908
9.66,0.0104678770002,0.686986979933
9.66,0.0121237859619,0.686463653097
9.66,0.0138973222715,0.685837068275
9.66,0.0157874176171,0.685096171576
9.66,0.0177929334759,0.684229664241
9.66,0.0199126618001,0.683226037306
9.66,0.0221453257447,0.682073605104
9.66,0.0244895804365,0.68076053769
9.66,0.0269440137839,0.679274892217
9.66,0.0295071473283,0.677604643294
9.66,0.0321774371336,0.675737712331
9.66,0.0349532747173,0.673661995868
9.66,0.0378329880186,0.671365392879
9.66,0.0408148424058,0.668835831037
9.66,0.0438970417214,0.666061291898
9.66,0.0470777293637,0.663029834996
9.66,0.0503549894054,0.659729620798
9.66,0.0537268477477,0.656148932476
9.66,0.0571912733091,0.65227619646
9.66,0.0607461792493,0.648100001706
9.66,0.0643894242258,0.64360911762
9.66,0.0681188136841,0.638792510577
9.66,0.0719321011795,0.633639358941
9.66,0.07582698973,0.628139066507
9.66,0.0798011332006,0.622281274261
9.66,0.0838521377157,0.616055870332
9.66,0.0879775631017,0.609452998
9.66,0.0921749243567,0.602463061611
9.66,0.0964416931472,0.595076730193
9.66,0.100775299331,0.587284938566
9.66,0.105173132506,0.579078885685
9.66,0.109632543582,0.5704500299
9.66,0.114150846377,0.561390080775
9.66,0.118725319233,0.551890987006
9.66,0.12335320666,0.541944919923
9.66,0.128031720991,0.531544251908
9.66,0.132758044063,0.52068152893
9.66,0.137529328917,0.50934943623
9.66,0.14234270151,0.497540755898
9.66,0.147195262445,0.485248314847
9.66,0.152084088721,0.47246492121
9.66,0.157006235492,0.459183286707
9.66,0.16195873784,0.445395931795
9.66,0.166938612565,0.431095069441
9.66,0.171942859974,0.416272462075
9.66,0.176968465698,0.400919244404
9.66,0.182012402498,0.38502570224
9.66,0.187071632096,0.368580993762
9.66,0.192143107002,0.351572794209
9.66,0.197223772347,0.333986836951
9.66,0.20231056773,0.315806311404
9.66,0.207400429055,0.297011058777
9.66,0.212490290381,0.277576474846
9.66,0.217577085764,0.257471975415
9.66,0.222657751109,0.236658786053
9.66,0.227729226015,0.215086643738
9.66,0.232788455613,0.192688656526
9.66,0.237832392413,0.169372844995
9.66,0.242857998136,0.145007210318
9.66,0.247862245546,0.119390755013
9.66,0.252842120271,0.0921890467933
9.66,0.257794622619,0.0627563028327
9.66,0.26271676939,0.0293795031388
9.66,0.267605595666,0
9.66,0.272458156601,0
9.66,0.277271529193,0
9.66,0.282042814048,0
9.66,0.28676913712,0
9.66,0.291447651451,0
9.66,0.296075538878,0
9.66,0.300650011734,0
9.66,0.305168314528,0
9.66,0.309627725605,0
9.66,0.31402555878,0
9.66,0.318359164964,0
9.66,0.322625933754,0
9.66,0.326823295009,0
9.66,0.330948720395,0
9.66,0.33499972491,0
9.66,0.338973868381,0
9.66,0.342868756931,0
9.66,0.346682044427,0
9.66,0.350411433885,0
9.66,0.354054678862,0
9.66,0.357609584802,0
9.66,0.361074010363,0
9.66,0.364445868705,0
9.66,0.367723128747,0
9.66,0.370903816389,0
9.66,0.373986015705,0
9.66,0.376967870092,0
9.66,0.379847583394,0
9.66,0.382623420977,0
9.66,0.385293710783,0
9.66,0.387856844327,0
9.66,0.390311277674,0
9.66,0.392655532366,0
9.66,0.394888196311,0
9.66,0.397007924635,0
9.66,0.399013440494,0
9.66,0.400903535839,0
9.66,0.402677072149,0
9.66,0.404332981111,0
9.66,0.405870265267,0
9.66,0.407287998615,0
9.66,0.408585327165,0
9.66,0.409761469456,0
9.66,0.410815717022,0
9.66,0.411747434826,0
9.66,0.412556061634,0
9.66,0.41324111036,0
9.66,0.413802168357,0
9.66,0.414238897663,0
9.66,0.414551035211,0
9.66,0.414738392979,0
9.66,0.414800858111,0
9.7125,0,0.66085794474
9.7125,6.24651316307e-05,0.660857743708
9.7125,0.000249822899863,0.660855584913
9.7125,0.000561960447384,0.660847980602
9.7125,0.000998689754205,0.66083026587
9.7125,0.00155974775092,0.660796825417
9.7125,0.00224479647718,0.660741228228
9.7125,0.00305342328524,0.660656324312
9.7125,0.00398514108855,0.660534321215
9.7125,0.00503938865514,0.660366848298
9.7125,0.0062155309457,0.660145012965
9.7125,0.0075128594961,0.659859451279
9.7125,0.00893059284412,0.659500374478
9.7125,0.0104678770002,0.659057612367
9.7125,0.0121237859619,0.658520654239
9.7125,0.0138973222715,0.657878687784
9.7125,0.0157874176171,0.657120636287
9.7125,0.0177929334759,0.656235194345
9.7125,0.0199126618001,0.655210862253
9.7125,0.0221453257447,0.654035979174
9.7125,0.0244895804365,0.652698755151
9.7125,0.0269440137839,0.651187302023
9.7125,0.0295071473283,0.649489663275
9.7125,0.0321774371336,0.647593842819
9.7125,0.0349532747173,0.645487832721
9.7125,0.0378329880186,0.643159639872
9.7125,0.0408148424058,0.640597311565
9.7125,0.0438970417214,0.637788959977
9.7125,0.0470777293637,0.634722785517
9.7125,0.0503549894054,0.631387099003
9.7125,0.0537268477477,0.627770342629
9.7125,0.0571912733091,0.623861109671
9.7125,0.0607461792493,0.619648162882
9.7125,0.0643894242258,0.615120451501
9.7125,0.0681188136841,0.610267126812
9.7125,0.0719321011795,0.605077556164
9.7125,0.07582698973,0.599541335359
9.7125,0.0798011332006,0.593648299288
9.7125,0.0838521377157,0.587388530696
9.7125,0.0879775631017,0.580752366919
9.7125,0.0921749243567,0.573730404409
9.7125,0.0964416931472,0.566313500861
9.7125,0.100775299331,0.558492774674
9.7125,0.105173132506,0.550259601459
9.7125,0.109632543582,0.541605607265
9.7125,0.114150846377,0.532522658073
9.7125,0.118725319233,0.523002845077
9.7125,0.12335320666,0.513038465133
9.7125,0.128031720991,0.502621995605
9.7125,0.132758044063,0.491746062704
9.7125,0.137529328917,0.480403402148
9.7125,0.14234270151,0.468586810704
9.7125,0.147195262445,0.456289086786
9.7125,0.152084088721,0.443502957782
9.7125,0.157006235492,0.430220991106
9.7125,0.16195873784,0.416435485085
9.7125,0.166938612565,0.402138334534
9.7125,0.171942859974,0.387320864176
9.7125,0.176968465698,0.371973620616
9.7125,0.182012402498,0.356086110153
9.7125,0.187071632096,0.339646464582
9.7125,0.192143107002,0.322641009592
9.7125,0.197223772347,0.305053698731
9.7125,0.20231056773,0.286865357594
9.7125,0.207400429055,0.268052653214
9.7125,0.212490290381,0.248586653541
9.7125,0.217577085764,0.228430753989
9.7125,0.222657751109,0.207537585575
9.7125,0.227729226015,0.185844200448
9.7125,0.232788455613,0.163264157045
9.7125,0.237832392413,0.139673562954
9.7125,0.242857998136,0.114884021248
9.7125,0.247862245546,0.088582566683
9.7125,0.252842120271,0.0601661498532
9.7125,0.257794622619,0.0280406604379
9.7125,0.26271676939,0
9.7125,0.267605595666,0
9.7125,0.272458156601,0
9.7125,0.277271529193,0
9.7125,0.282042814048,0
9.7125,0.28676913712,0
9.7125,0.291447651451,0
9.7125,0.296075538878,0
9.7125,0.300650011734,0
9.7125,0.305168314528,0
9.7125,0.309627725605,0
9.7125,0.31402555878,0
9.7125,0.318359164964,0
9.7125,0.322625933754,0
9.7125,0.326823295009,0
9.7125,0.330948720395,0
9.7125,0.33499972491,0
9.7125,0.338973868381,0
9.7125,0.342868756931,0
9.7125,0.346682044427,0
9.7125,0.350411433885,0
9.7125,0.354054678862,0
9.7125,0.357609584802,0
9.7125,0.361074010363,0
9.7125,0.364445868705,0
9.7125,0.367723128747,0
9.7125,0.370903816389,0
9.7125,0.373986015705,0
9.7125,0.376967870092,0
9.7125,0.379847583394,0
9.7125,0.382623420977,0
9.7125,0.385293710783,0
9.7125,0.387856844327,0
9.7125,0.390311277674,0
9.7125,0.392655532366,0
9.7125,0.394888196311,0
9.7125,0.397007924635,0
9.7125,0.399013440494,0
9.7125,0.400903535839,0
9.7125,0.402677072149,0
9.7125,0.404332981111,0
9.7125,0.405870265267,0
9.7125,0.407287998615,0
9.7125,0.408585327165,0
9.7125,0.409761469456,0
9.7125,0.410815717022,0
9.7125,0.411747434826,0
9.7125,0.412556061634,0
9.7125,0.41324111036,0
9.7125,0.413802168357,0
9.7125,0.414238897663,0
9.7125,0.414551035211,0
9.7125,0.414738392979,0
9.7125,0.414800858111,0
9.765,0,0.632254250339
9.765,6.24651316307e-05,0.632254031164
9.765,0.000249822899863,0.632251715076
9.765,0.000561960447384,0.632243637045
9.765,0.000998689754205,0.632224947373
9.765,0.00155974775092,0.632189849834
9.765,0.00224479647718,0.632131741632
9.765,0.00305342328524,0.632043313203
9.765,0.00398514108855,0.631916626686
9.765,0.00503938865514,0.631743181494
9.765,0.0062155309457,0.631513971411
9.765,0.0075128594961,0.631219535774
9.765,0.00893059284412,0.630850006333
9.765,0.0104678770002,0.630395150803
9.765,0.0121237859619,0.629844413807
9.765,0.0138973222715,0.629186955684
9.765,0.0157874176171,0.62841168949
9.765,0.0177929334759,0.627507316428
9.765,0.0199126618001,0.626462359872
9.765,0.0221453257447,0.625265198107
9.765,0.0244895804365,0.623904095852
9.765,0.0269440137839,0.622367234642
9.765,0.0295071473283,0.620642742079
9.765,0.0321774371336,0.618718719989
9.765,0.0349532747173,0.616583271479
9.765,0.0378329880186,0.61422452689
9.765,0.0408148424058,0.611630668645
9.765,0.0438970417214,0.60878995495
9.765,0.0470777293637,0.605690742335
9.765,0.0503549894054,0.602321506993
9.765,0.0537268477477,0.598670864881
9.765,0.0571912733091,0.594727590518
9.765,0.0607461792493,0.59048063444
9.765,0.0643894242258,0.58591913923
9.765,0.0681188136841,0.58103245405
9.765,0.0719321011795,0.57581014759
9.765,0.07582698973,0.570242019313
9.765,0.0798011332006,0.564318108894
9.765,0.0838521377157,0.558028703692
9.765,0.0879775631017,0.551364344105
9.765,0.0921749243567,0.544315826596
9.765,0.0964416931472,0.536874204166
9.765,0.100775299331,0.529030783999
9.765,0.105173132506,0.520777121946
9.765,0.109632543582,0.51210501345
9.765,0.114150846377,0.503006480433
9.765,0.118725319233,0.49347375357
9.765,0.12335320666,0.483499249224
9.765,0.128031720991,0.473075540165
9.765,0.132758044063,0.462195318988
9.765,0.137529328917,0.450851352845
9.765,0.14234270151,0.439036427775
9.765,0.147195262445,0.426743280414
9.765,0.152084088721,0.413964514251
9.765,0.157006235492,0.400692496731
9.765,0.16195873784,0.386919232329
9.765,0.166938612565,0.37263620511
9.765,0.171942859974,0.357834181964
9.765,0.176968465698,0.342502964437
9.765,0.182012402498,0.32663107225
9.765,0.187071632096,0.310205334367
9.765,0.192143107002,0.293210352465
9.765,0.197223772347,0.275627784196
9.765,0.20231056773,0.257435365367
9.765,0.207400429055,0.238605542432
9.765,0.212490290381,0.219103502692
9.765,0.217577085764,0.198884234261
9.765,0.222657751109,0.177887942316
9.765,0.227729226015,0.156032500641
9.765,0.232788455613,0.133200108215
9.765,0.237832392413,0.109211331739
9.765,0.242857998136,0.0837671428702
9.765,0.247862245546,0.0562875090983
9.765,0.252842120271,0.0252091413364
9.765,0.257794622619,0
9.765,0.26271676939,0
9.765,0.267605595666,0
9.765,0.272458156601,0
9.765,0.277271529193,0
9.765,0.282042814048,0
9.765,0.28676913712,0
9.765,0.291447651451,0
9.765,0.296075538878,0
9.765,0.300650011734,0
9.765,0.305168314528,0
9.765,0.309627725605,0
9.765,0.31402555878,0
9.765,0.318359164964,0
9.765,0.322625933754,0
9.765,0.326823295009,0
9.765,0.330948720395,0
9.765,0.33499972491,0
9.765,0.338973868381,0
9.765,0.342868756931,0
9.765,0.346682044427,0
9.765,0.350411433885,0
9.765,0.354054678862,0
9.765,0.357609584802,0
9.765,0.361074010363,0
9.765,0.364445868705,0
9.765,0.367723128747,0
9.765,0.370903816389,0
9.765,0.373986015705,0
9.765,0.376967870092,0
9.765,0.379847583394,0
9.765,0.382623420977,0
9.765,0.385293710783,0
9.765,0.387856844327,0
9.765,0.390311277674,0
9.765,0.392655532366,0
9.765,0.394888196311,0
9.765,0.397007924635,0
9.765,0.399013440494,0
9.765,0.400903535839,0
9.765,0.402677072149,0
9.765,0.404332981111,0
9.765,0.405870265267,0
9.765,0.407287998615,0
9.765,0.408585327165,0
9.765,0.409761469456,0
9.765,0.410815717022,0
9.765,0.411747434826,0
9.765,0.412556061634,0
9.765,0.41324111036,0
9.765,0.413802168357,0
9.765,0.414238897663,0
9.765,0.414551035211,0
9.765,0.414738392979,0
9.765,0.414800858111,0
9.8175,0,0.602855811379
9.8175,6.24651316307e-05,0.602855572224
9.8175,0.000249822899863,0.602853086195
9.8175,0.000561960447384,0.602844502717
9.8175,0.000998689754205,0.602824782295
9.8175,0.00155974775092,0.602787945663
9.8175,0.00224479647718,0.602727218669
9.8175,0.00305342328524,0.602635134852
9.8175,0.00398514108855,0.602503615611
9.8175,0.00503938865514,0.602324036858
9.8175,0.0062155309457,0.602087286792
9.8175,0.0075128594961,0.601783817482
9.8175,0.00893059284412,0.601403691908
9.8175,0.0104678770002,0.600936627534
9.8175,0.0121237859619,0.600372037143
9.8175,0.0138973222715,0.599699067424
9.8175,0.0157874176171,0.59890663566
9.8175,0.0177929334759,0.597983464763
9.8175,0.0199126618001,0.596918116837
9.8175,0.0221453257447,0.595699025391
9.8175,0.0244895804365,0.594314526293
9.8175,0.0269440137839,0.592752887512
9.8175,0.0295071473283,0.591002337711
9.8175,0.0321774371336,0.589051093686
9.8175,0.0349532747173,0.586887386681
9.8175,0.0378329880186,0.584499487563
9.8175,0.0408148424058,0.581875730849
9.8175,0.0438970417214,0.579004537575
9.8175,0.0470777293637,0.575874436954
9.8175,0.0503549894054,0.572474086817
9.8175,0.0537268477477,0.568792292771
9.8175,0.0571912733091,0.564818026027
9.8175,0.0607461792493,0.560540439843
9.8175,0.0643894242258,0.555948884501
9.8175,0.0681188136841,0.55103292074
9.8175,0.0719321011795,0.545782331536
9.8175,0.07582698973,0.540187132131
9.8175,0.0798011332006,0.534237578159
9.8175,0.0838521377157,0.527924171722
9.8175,0.0879775631017,0.521237665225
9.8175,0.0921749243567,0.514169062748
9.8175,0.0964416931472,0.506709618701
9.8175,0.100775299331,0.498850833434
9.8175,0.105173132506,0.490584445437
9.8175,0.109632543582,0.481902419666
9.8175,0.114150846377,0.472796931443
9.8175,0.118725319233,0.463260345246
9.8175,0.12335320666,0.453285187556
9.8175,0.128031720991,0.442864112707
9.8175,0.132758044063,0.431989860436
9.8175,0.137529328917,0.420655203493
9.8175,0.14234270151,0.408852883175
9.8175,0.147195262445,0.396575530098
9.8175,0.152084088721,0.383815566651
9.8175,0.157006235492,0.370565086481
9.8175,0.16195873784,0.356815704773
9.8175,0.166938612565,0.342558370907
9.8175,0.171942859974,0.327783131872
9.8175,0.176968465698,0.312478830197
9.8175,0.182012402498,0.296632713184
9.8175,0.187071632096,0.280229919512
9.8175,0.192143107002,0.263252792464
9.8175,0.197223772347,0.245679941427
9.8175,0.20231056773,0.227484926848
9.8175,0.207400429055,0.208634361603
9.8175,0.212490290381,0.189085068975
9.8175,0.217577085764,0.168779635416
9.8175,0.222657751109,0.14763905159
9.8175,0.227729226015,0.125549618644
9.8175,0.232788455613,0.102337237302
9.8175,0.237832392413,0.0777091599951
9.8175,0.242857998136,0.0510875567235
9.8175,0.247862245546,0.0208352070759
9.8175,0.252842120271,0
9.8175,0.257794622619,0
9.8175,0.26271676939,0
9.8175,0.267605595666,0
9.8175,0.272458156601,0
9.8175,0.277271529193,0
9.8175,0.282042814048,0
9.8175,0.28676913712,0
9.8175,0.291447651451,0
9.8175,0.296075538878,0
9.8175,0.300650011734,0
9.8175,0.305168314528,0
9.8175,0.309627725605,0
9.8175,0.31402555878,0
9.8175,0.318359164964,0
9.8175,0.322625933754,0
9.8175,0.326823295009,0
9.8175,0.330948720395,0
9.8175,0.33499972491,0
9.8175,0.338973868381,0
9.8175,0.342868756931,0
9.8175,0.346682044427,0
9.8175,0.350411433885,0
9.8175,0.354054678862,0
9.8175,0.357609584802,0
9.8175,0.361074010363,0
9.8175,0.364445868705,0
9.8175,0.367723128747,0
9.8175,0.370903816389,0
9.8175,0.373986015705,0
9.8175,0.376967870092,0
9.8175,0.379847583394,0
9.8175,0.382623420977,0
9.8175,0.385293710783,0
9.8175,0.387856844327,0
9.8175,0.390311277674,0
9.8175,0.392655532366,0
9.8175,0.394888196311,0
9.8175,0.397007924635,0
9.8175,0.399013440494,0
9.8175,0.400903535839,0
9.8175,0.402677072149,0
9.8175,0.404332981111,0
9.8175,0.405870265267,0
9.8175,0.407287998615,0
9.8175,0.408585327165,0
9.8175,0.409761469456,0
9.8175,0.410815717022,0
9.8175,0.411747434826,0
9.8175,0.412556061634,0
9.8175,0.41324111036,0
9.8175,0.413802168357,0
9.8175,0.414238897663,0
9.8175,0.414551035211,0
9.8175,0.414738392979,0
9.8175,0.414800858111,0
9.87,0,0.57258747066
9.87,6.24651316307e-05,0.572587209501
9.87,0.000249822899863,0.572584540037
9.87,0.000561960447384,0.572575418086
9.87,0.000998689754205,0.572554610139
9.87,0.00155974775092,0.572515952942
9.87,0.00224479647718,0.572452502861
9.87,0.00305342328524,0.572356640858
9.87,0.00398514108855,0.57222015407
9.87,0.00503938865514,0.572034303286
9.87,0.0062155309457,0.571789881182
9.87,0.0075128594961,0.571477264106
9.87,0.00893059284412,0.571086459124
9.87,0.0104678770002,0.570607147468
9.87,0.0121237859619,0.570028725102
9.87,0.0138973222715,0.569340340963
9.87,0.0157874176171,0.568530933203
9.87,0.0177929334759,0.567589263722
9.87,0.0199126618001,0.566503951152
9.87,0.0221453257447,0.565263502449
9.87,0.0244895804365,0.563856343161
9.87,0.0269440137839,0.562270846463
9.87,0.0295071473283,0.560495360985
9.87,0.0321774371336,0.558518237455
9.87,0.0349532747173,0.556327854191
9.87,0.0378329880186,0.553912641416
9.87,0.0408148424058,0.551261104397
9.87,0.0438970417214,0.548361845393
9.87,0.0470777293637,0.545203584369
9.87,0.0503549894054,0.541775178456
9.87,0.0537268477477,0.538065640095
9.87,0.0571912733091,0.534064153819
9.87,0.0607461792493,0.529760091607
9.87,0.0643894242258,0.525143026718
9.87,0.0681188136841,0.520202745937
9.87,0.0719321011795,0.514929260095
9.87,0.07582698973,0.509312812767
9.87,0.0798011332006,0.503343886967
9.87,0.0838521377157,0.497013209687
9.87,0.0879775631017,0.490311754057
9.87,0.0921749243567,0.483230738877
9.87,0.0964416931472,0.475761625224
9.87,0.100775299331,0.467896109766
9.87,0.105173132506,0.459626114354
9.87,0.109632543582,0.450943771353
9.87,0.114150846377,0.44184140406
9.87,0.118725319233,0.432311501403
9.87,0.12335320666,0.422346685916
9.87,0.128031720991,0.411939673738
9.87,0.132758044063,0.40108322503
9.87,0.137529328917,0.389770082799
9.87,0.14234270151,0.377992897487
9.87,0.147195262445,0.36574413392
9.87,0.152084088721,0.353015956099
9.87,0.157006235492,0.3398000838
9.87,0.16195873784,0.326087612795
9.87,0.166938612565,0.311868787398
9.87,0.171942859974,0.297132709486
9.87,0.176968465698,0.281866961294
9.87,0.182012402498,0.266057108721
9.87,0.187071632096,0.249686035149
9.87,0.192143107002,0.232733028395
9.87,0.197223772347,0.215172496796
9.87,0.20231056773,0.196972107628
9.87,0.207400429055,0.178089985931
9.87,0.212490290381,0.15847030212
9.87,0.217577085764,0.138035907741
9.87,0.222657751109,0.116675079487
9.87,0.227729226015,0.0942150558867
9.87,0.232788455613,0.0703605294864
9.87,0.237832392413,0.0445095564496
9.87,0.242857998136,0.0147757140782
9.87,0.247862245546,0
9.87,0.252842120271,0
9.87,0.257794622619,0
9.87,0.26271676939,0
9.87,0.267605595666,0
9.87,0.272458156601,0
9.87,0.277271529193,0
9.87,0.282042814048,0
9.87,0.28676913712,0
9.87,0.291447651451,0
9.87,0.296075538878,0
9.87,0.300650011734,0
9.87,0.305168314528,0
9.87,0.309627725605,0
9.87,0.31402555878,0
9.87,0.318359164964,0
9.87,0.322625933754,0
9.87,0.326823295009,0
9.87,0.330948720395,0
9.87,0.33499972491,0
9.87,0.338973868381,0
9.87,0.342868756931,0
9.87,0.346682044427,0
9.87,0.350411433885,0
9.87,0.354054678862,0
9.87,0.357609584802,0
9.87,0.361074010363,0
9.87,0.364445868705,0
9.87,0.367723128747,0
9.87,0.370903816389,0
9.87,0.373986015705,0
9.87,0.376967870092,0
9.87,0.379847583394,0
9.87,0.382623420977,0
9.87,0.385293710783,0
9.87,0.387856844327,0
9.87,0.390311277674,0
9.87,0.392655532366,0
9.87,0.394888196311,0
9.87,0.397007924635,0
9.87,0.399013440494,0
9.87,0.400903535839,0
9.87,0.402677072149,0
9.87,0.404332981111,0
9.87,0.405870265267,0
9.87,0.407287998615,0
9.87,0.408585327165,0
9.87,0.409761469456,0
9.87,0.410815717022,0
9.87,0.411747434826,0
9.87,0.412556061634,0
9.87,0.41324111036,0
9.87,0.413802168357,0
9.87,0.414238897663,0
9.87,0.414551035211,0
9.87,0.414738392979,0
9.87,0.414800858111,0
9.9225,0,0.541358637588
9.9225,6.24651316307e-05,0.541358352208
9.9225,0.000249822899863,0.541355485013
9.9225,0.000561960447384,0.541345790619
9.9225,0.000998689754205,0.541323838399
9.9225,0.00155974775092,0.541283281712
9.9225,0.00224479647718,0.541217011158
9.9225,0.00305342328524,0.541117261523
9.9225,0.00398514108855,0.540975694403
9.9225,0.00503938865514,0.540783466217
9.9225,0.0062155309457,0.540531286651
9.9225,0.0075128594961,0.540209470415
9.9225,0.00893059284412,0.539807984116
9.9225,0.0104678770002,0.539316489377
9.9225,0.0121237859619,0.538724383001
9.9225,0.0138973222715,0.538020834692
9.9225,0.0157874176171,0.537194822732
9.9225,0.0177929334759,0.536235167871
9.9225,0.0199126618001,0.535130565621
9.9225,0.0221453257447,0.533869617104
9.9225,0.0244895804365,0.532440858543
9.9225,0.0269440137839,0.530832789473
9.9225,0.0295071473283,0.529033899715
9.9225,0.0321774371336,0.527032695135
9.9225,0.0349532747173,0.524817722217
9.9225,0.0378329880186,0.522377591437
9.9225,0.0408148424058,0.519700999427
9.9225,0.0438970417214,0.516776749923
9.9225,0.0470777293637,0.513593773451
9.9225,0.0503549894054,0.510141145722
9.9225,0.0537268477477,0.506408104683
9.9225,0.0571912733091,0.502384066161
9.9225,0.0607461792493,0.498058638034
9.9225,0.0643894242258,0.493421632836
9.9225,0.0681188136841,0.488463078698
9.9225,0.0719321011795,0.483173228501
9.9225,0.07582698973,0.477542567103
9.9225,0.0798011332006,0.471561816465
9.9225,0.0838521377157,0.465221938478
9.9225,0.0879775631017,0.458514135245
9.9225,0.0921749243567,0.451429846536
9.9225,0.0964416931472,0.443960744065
9.9225,0.100775299331,0.436098722162
9.9225,0.105173132506,0.427835884331
9.9225,0.109632543582,0.419164525063
9.9225,0.114150846377,0.410077106114
9.9225,0.118725319233,0.40056622628
9.9225,0.12335320666,0.390624583453
9.9225,0.128031720991,0.380244927398
9.9225,0.132758044063,0.369420001269
9.9225,0.137529328917,0.358142469326
9.9225,0.14234270151,0.346404827472
9.9225,0.147195262445,0.334199292222
9.9225,0.152084088721,0.321517662138
9.9225,0.157006235492,0.308351143682
9.9225,0.16195873784,0.294690130296
9.9225,0.166938612565,0.280523918981
9.9225,0.171942859974,0.265840341753
9.9225,0.176968465698,0.250625278645
9.9225,0.182012402498,0.234862001944
9.9225,0.187071632096,0.218530273228
9.9225,0.192143107002,0.201605066656
9.9225,0.197223772347,0.184054705515
9.9225,0.20231056773,0.16583803524
9.9225,0.207400429055,0.146899924247
9.9225,0.212490290381,0.127163653465
9.9225,0.217577085764,0.106516965902
9.9225,0.222657751109,0.0847834808042
9.9225,0.227729226015,0.0616534658969
9.9225,0.232788455613,0.0364599542148
9.9225,0.237832392413,0.00660027039858
9.9225,0.242857998136,0
9.9225,0.247862245546,0
9.9225,0.252842120271,0
9.9225,0.257794622619,0
9.9225,0.26271676939,0
9.9225,0.267605595666,0
9.9225,0.272458156601,0
9.9225,0.277271529193,0
9.9225,0.282042814048,0
9.9225,0.28676913712,0
9.9225,0.291447651451,0
9.9225,0.296075538878,0
9.9225,0.300650011734,0
9.9225,0.305168314528,0
9.9225,0.309627725605,0
9.9225,0.31402555878,0
9.9225,0.318359164964,0
9.9225,0.322625933754,0
9.9225,0.326823295009,0
9.9225,0.330948720395,0
9.9225,0.33499972491,0
9.9225,0.338973868381,0
9.9225,0.342868756931,0
9.9225,0.346682044427,0
9.9225,0.350411433885,0
9.9225,0.354054678862,0
9.9225,0.357609584802,0
9.9225,0.361074010363,0
9.9225,0.364445868705,0
9.9225,0.367723128747,0
9.9225,0.370903816389,0
9.9225,0.373986015705,0
9.9225,0.376967870092,0
9.9225,0.379847583394,0
9.9225,0.382623420977,0
9.9225,0.385293710783,0
9.9225,0.387856844327,0
9.9225,0.390311277674,0
9.9225,0.392655532366,0
9.9225,0.394888196311,0
9.9225,0.397007924635,0
9.9225,0.399013440494,0
9.9225,0.400903535839,0
9.9225,0.402677072149,0
9.9225,0.404332981111,0
9.9225,0.405870265267,0
9.9225,0.407287998615,0
9.9225,0.408585327165,0
9.9225,0.409761469456,0
9.9225,0.410815717022,0
9.9225,0.411747434826,0
9.9225,0.412556061634,0
9.9225,0.41324111036,0
9.9225,0.413802168357,0
9.9225,0.414238897663,0
9.9225,0.414551035211,0
9.9225,0.414738392979,0
9.9225,0.414800858111,0
9.975,0,0.509058474867
9.975,6.24651316307e-05,0.509058162849
9.975,0.000249822899863,0.509055082945
9.975,0.000561960447384,0.509044781784
9.975,0.000998689754205,0.509021630093
9.975,0.00155974775092,0.508979100496
9.975,0.00224479647718,0.508909923939
9.975,0.00305342328524,0.50880619807
9.975,0.00398514108855,0.50865947049
9.975,0.00503938865514,0.508460806963
9.975,0.0062155309457,0.508200849774
9.975,0.0075128594961,0.507869869219
9.975,0.00893059284412,0.507457810066
9.975,0.0104678770002,0.506954334165
9.975,0.0121237859619,0.506348860009
9.975,0.0138973222715,0.505630599792
9.975,0.0157874176171,0.504788594353
9.975,0.0177929334759,0.50381174629
9.975,0.0199126618001,0.502688851428
9.975,0.0221453257447,0.501408628801
9.975,0.0244895804365,0.49995974925
9.975,0.0269440137839,0.498330862699
9.975,0.0295071473283,0.496510624169
9.975,0.0321774371336,0.494487718552
9.975,0.0349532747173,0.492250884171
9.975,0.0378329880186,0.489788935111
9.975,0.0408148424058,0.487090782321
9.975,0.0438970417214,0.484145453469
9.975,0.0470777293637,0.480942111505
9.975,0.0503549894054,0.4774700719
9.975,0.0537268477477,0.473718818504
9.975,0.0571912733091,0.469678017955
9.975,0.0607461792493,0.465337532556
9.975,0.0643894242258,0.460687431535
9.975,0.0681188136841,0.455718000555
9.975,0.0719321011795,0.450419749355
9.975,0.07582698973,0.444783417349
9.975,0.0798011332006,0.438799976989
9.975,0.0838521377157,0.432460634663
9.975,0.0879775631017,0.425756828843
9.975,0.0921749243567,0.418680225153
9.975,0.0964416931472,0.411222707933
9.975,0.100775299331,0.403376367812
9.975,0.105173132506,0.395133484657
9.975,0.109632543582,0.386486505145
9.975,0.114150846377,0.377428013997
9.975,0.118725319233,0.367950697677
9.975,0.12335320666,0.358047299021
9.975,0.128031720991,0.347710560851
9.975,0.132758044063,0.33693315603
9.975,0.137529328917,0.325707600637
9.975,0.14234270151,0.314026145853
9.975,0.147195262445,0.301880642623
9.975,0.152084088721,0.289262370975
9.975,0.157006235492,0.276161822734
9.975,0.16195873784,0.262568421664
9.975,0.166938612565,0.248470157945
9.975,0.171942859974,0.233853102771
9.975,0.176968465698,0.218700750958
9.975,0.182012402498,0.202993109639
9.975,0.187071632096,0.186705399385
9.975,0.192143107002,0.169806139941
9.975,0.197223772347,0.152254211124
9.975,0.20231056773,0.133994103569
9.975,0.207400429055,0.114947723732
9.975,0.212490290381,0.0949989572722
9.975,0.217577085764,0.0739607554983
9.975,0.222657751109,0.0514901133667
9.975,0.227729226015,0.0267744554703
9.975,0.232788455613,0
9.975,0.237832392413,0
9.975,0.242857998136,0
9.975,0.247862245546,0
9.975,0.252842120271,0
9.975,0.257794622619,0
9.975,0.26271676939,0
9.975,0.267605595666,0
9.975,0.272458156601,0
9.975,0.277271529193,0
9.975,0.282042814048,0
9.975,0.28676913712,0
9.975,0.291447651451,0
9.975,0.296075538878,0
9.975,0.300650011734,0
9.975,0.305168314528,0
9.975,0.309627725605,0
9.975,0.31402555878,0
9.975,0.318359164964,0
9.975,0.322625933754,0
9.975,0.326823295009,0
9.975,0.330948720395,0
9.975,0.33499972491,0
9.975,0.338973868381,0
9.975,0.342868756931,0
9.975,0.346682044427,0
9.975,0.350411433885,0
9.975,0.354054678862,0
9.975,0.357609584802,0
9.975,0.361074010363,0
9.975,0.364445868705,0
9.975,0.367723128747,0
9.975,0.370903816389,0
9.975,0.373986015705,0
9.975,0.376967870092,0
9.975,0.379847583394,0
9.975,0.382623420977,0
9.975,0.385293710783,0
9.975,0.387856844327,0
9.975,0.390311277674,0
9.975,0.392655532366,0
9.975,0.394888196311,0
9.975,0.397007924635,0
9.975,0.399013440494,0
9.975,0.400903535839,0
9.975,0.402677072149,0
9.975,0.404332981111,0
9.975,0.405870265267,0
9.975,0.407287998615,0
9.975,0.408585327165,0
9.975,0.409761469456,0
9.975,0.410815717022,0
9.975,0.411747434826,0
9.975,0.412556061634,0
9.975,0.41324111036,0
9.975,0.413802168357,0
9.975,0.414238897663,0
9.975,0.414551035211,0
9.975,0.414738392979,0
9.975,0.414800858111,0
10.0275,0,0.475548938656
10.0275,6.24651316307e-05,0.475548597386
10.0275,0.000249822899863,0.475545289341
10.0275,0.000561960447384,0.475534347703
10.0275,0.000998689754205,0.475509945234
10.0275,0.00155974775092,0.475465379234
10.0275,0.00224479647718,0.475393230246
10.0275,0.00305342328524,0.475285471227
10.0275,0.00398514108855,0.475133550944
10.0275,0.00503938865514,0.474928461979
10.0275,0.0062155309457,0.474660798671
10.0275,0.0075128594961,0.474320808053
10.0275,0.00893059284412,0.473898435657
10.0275,0.0104678770002,0.47338336738
10.0275,0.0121237859619,0.472765068257
10.0275,0.0138973222715,0.472032818657
10.0275,0.0157874176171,0.471175748336
10.0275,0.0177929334759,0.47018286861
10.0275,0.0199126618001,0.469043102859
10.0275,0.0221453257447,0.467745315507
10.0275,0.0244895804365,0.466278339591
10.0275,0.0269440137839,0.464631002982
10.0275,0.0295071473283,0.462792153328
10.0275,0.0321774371336,0.460750681726
10.0275,0.0349532747173,0.458495545158
10.0275,0.0378329880186,0.456015787677
10.0275,0.0408148424058,0.453300560342
10.0275,0.0438970417214,0.450339139872
10.0275,0.0470777293637,0.447120945978
10.0275,0.0503549894054,0.443635557344
10.0275,0.0537268477477,0.439872726171
10.0275,0.0571912733091,0.435822391228
10.0275,0.0607461792493,0.431474689315
10.0275,0.0643894242258,0.426819965024
10.0275,0.0681188136841,0.421848778665
10.0275,0.0719321011795,0.41655191221
10.0275,0.07582698973,0.410920373055
10.0275,0.0798011332006,0.404945395376
10.0275,0.0838521377157,0.398618438813
10.0275,0.0879775631017,0.391931184132
10.0275,0.0921749243567,0.384875525482
10.0275,0.0964416931472,0.377443558735
10.0275,0.100775299331,0.369627565309
10.0275,0.105173132506,0.361419990704
10.0275,0.109632543582,0.352813416816
10.0275,0.114150846377,0.343800526816
10.0275,0.118725319233,0.334374061082
10.0275,0.12335320666,0.324526762196
10.0275,0.128031720991,0.314251306482
10.0275,0.132758044063,0.303540218693
10.0275,0.137529328917,0.292385765374
10.0275,0.14234270151,0.280779820834
10.0275,0.147195262445,0.268713697386
10.0275,0.152084088721,0.256177928193
10.0275,0.157006235492,0.243161986081
10.0275,0.16195873784,0.229653914065
10.0275,0.166938612565,0.215639831275
10.0275,0.171942859974,0.201103258421
10.0275,0.176968465698,0.186024173783
10.0275,0.182012402498,0.170377652361
10.0275,0.187071632096,0.154131832292
10.0275,0.192143107002,0.137244738295
10.0275,0.197223772347,0.119659034391
10.0275,0.20231056773,0.10129270144
10.0275,0.207400429055,0.0820207489688
10.0275,0.212490290381,0.0616337716048
10.0275,0.217577085764,0.0397191066932
10.0275,0.222657751109,0.015097634874
10.0275,0.227729226015,0
10.0275,0.232788455613,0
10.0275,0.237832392413,0
10.0275,0.242857998136,0
10.0275,0.247862245546,0
10.0275,0.252842120271,0
10.0275,0.257794622619,0
10.0275,0.26271676939,0
10.0275,0.267605595666,0
10.0275,0.272458156601,0
10.0275,0.277271529193,0
10.0275,0.282042814048,0
10.0275,0.28676913712,0
10.0275,0.291447651451,0
10.0275,0.296075538878,0
10.0275,0.300650011734,0
10.0275,0.305168314528,0
10.0275,0.309627725605,0
10.0275,0.31402555878,0
10.0275,0.318359164964,0
10.0275,0.322625933754,0
10.0275,0.326823295009,0
10.0275,0.330948720395,0
10.0275,0.33499972491,0
10.0275,0.338973868381,0
10.0275,0.342868756931,0
10.0275,0.346682044427,0
10.0275,0.350411433885,0
10.0275,0.354054678862,0
10.0275,0.357609584802,0
10.0275,0.361074010363,0
10.0275,0.364445868705,0
10.0275,0.367723128747,0
10.0275,0.370903816389,0
10.0275,0.373986015705,0
10.0275,0.376967870092,0
10.0275,0.379847583394,0
10.0275,0.382623420977,0
10.0275,0.385293710783,0
10.0275,0.387856844327,0
10.0275,0.390311277674,0
10.0275,0.392655532366,0
10.0275,0.394888196311,0
10.0275,0.397007924635,0
10.0275,0.399013440494,0
10.0275,0.400903535839,0
10.0275,0.402677072149,0
10.0275,0.404332981111,0
10.0275,0.405870265267,0
10.0275,0.407287998615,0
10.0275,0.408585327165,0
10.0275,0.409761469456,0
10.0275,0.410815717022,0
10.0275,0.411747434826,0
10.0275,0.412556061634,0
10.0275,0.41324111036,0
10.0275,0.413802168357,0
10.0275,0.414238897663,0
10.0275,0.414551035211,0
10.0275,0.414738392979,0
10.0275,0.414800858111,0
10.08,0,0.440654358817
10.08,6.24651316307e-05,0.440653985507
10.08,0.000249822899863,0.440650433849
10.08,0.000561960447384,0.44063882021
10.08,0.000998689754205,0.440613123196
10.08,0.00155974775092,0.440566473958
10.08,0.00224479647718,0.440491316079
10.08,0.00305342328524,0.440379514772
10.08,0.00398514108855,0.440222439852
10.08,0.00503938865514,0.440011033073
10.08,0.0062155309457,0.439735865278
10.08,0.0075128594961,0.439387186451
10.08,0.00893059284412,0.438954970584
10.08,0.0104678770002,0.438428956563
10.08,0.0121237859619,0.437798685897
10.08,0.0138973222715,0.437053537877
10.08,0.0157874176171,0.436182762532
10.08,0.0177929334759,0.435175511694
10.08,0.0199126618001,0.434020868371
10.08,0.0221453257447,0.432707874572
10.08,0.0244895804365,0.431225557707
10.08,0.0269440137839,0.429562955619
10.08,0.0295071473283,0.427709140315
10.08,0.0321774371336,0.425653240415
10.08,0.0349532747173,0.423384462338
10.08,0.0378329880186,0.420892110227
10.08,0.0408148424058,0.418165604586
10.08,0.0438970417214,0.415194499613
10.08,0.0470777293637,0.411968499184
10.08,0.0503549894054,0.408477471425
10.08,0.0537268477477,0.404711461821
10.08,0.0571912733091,0.400660704754
10.08,0.0607461792493,0.396315633382
10.08,0.0643894242258,0.391666887721
10.08,0.0681188136841,0.386705320779
10.08,0.0719321011795,0.381422002563
10.08,0.07582698973,0.375808221723
10.08,0.0798011332006,0.369855484572
10.08,0.0838521377157,0.363555511146
10.08,0.0879775631017,0.356900227903
10.08,0.0921749243567,0.349881756564
10.08,0.0964416931472,0.34249239849
10.08,0.100775299331,0.33472461381
10.08,0.105173132506,0.326570994366
10.08,0.109632543582,0.318024229236
10.08,0.114150846377,0.309077061281
10.08,0.118725319233,0.299722232713
10.08,0.12335320666,0.289952417032
10.08,0.128031720991,0.27976013385
10.08,0.132758044063,0.269137641933
10.08,0.137529328917,0.258076804057
10.08,0.14234270151,0.246568914885
10.08,0.147195262445,0.234604479357
10.08,0.152084088721,0.222172923678
10.08,0.157006235492,0.209262212388
10.08,0.16195873784,0.19585833137
10.08,0.166938612565,0.181944574046
10.08,0.171942859974,0.167500528991
10.08,0.176968465698,0.152500596828
10.08,0.182012402498,0.136911729721
10.08,0.187071632096,0.12068981147
10.08,0.192143107002,0.103773482207
10.08,0.197223772347,0.0860726800272
10.08,0.20231056773,0.0674447211142
10.08,0.207400429055,0.0476345266481
10.08,0.212490290381,0.0260682747154
10.08,0.217577085764,0
10.08,0.222657751109,0
10.08,0.227729226015,0
10.08,0.232788455613,0
10.08,0.237832392413,0
10.08,0.242857998136,0
10.08,0.247862245546,0
10.08,0.252842120271,0
10.08,0.257794622619,0
10.08,0.26271676939,0
10.08,0.267605595666,0
10.08,0.272458156601,0
10.08,0.277271529193,0
10.08,0.282042814048,0
10.08,0.28676913712,0
10.08,0.291447651451,0
10.08,0.296075538878,0
10.08,0.300650011734,0
10.08,0.305168314528,0
10.08,0.309627725605,0
10.08,0.31402555878,0
10.08,0.318359164964,0
10.08,0.322625933754,0
10.08,0.326823295009,0
10.08,0.330948720395,0
10.08,0.33499972491,0
10.08,0.338973868381,0
10.08,0.342868756931,0
10.08,0.346682044427,0
10.08,0.350411433885,0
10.08,0.354054678862,0
10.08,0.357609584802,0
10.08,0.361074010363,0
10.08,0.364445868705,0
10.08,0.367723128747,0
10.08,0.370903816389,0
10.08,0.373986015705,0
10.08,0.376967870092,0
10.08,0.379847583394,0
10.08,0.382623420977,0
10.08,0.385293710783,0
10.08,0.387856844327,0
10.08,0.390311277674,0
10.08,0.392655532366,0
10.08,0.394888196311,0
10.08,0.397007924635,0
10.08,0.399013440494,0
10.08,0.400903535839,0
10.08,0.402677072149,0
10.08,0.404332981111,0
10.08,0.405870265267,0
10.08,0.407287998615,0
10.08,0.408585327165,0
10.08,0.409761469456,0
10.08,0.410815717022,0
10.08,0.411747434826,0
10.08,0.412556061634,0
10.08,0.41324111036,0
10.08,0.413802168357,0
10.08,0.414238897663,0
10.08,0.414551035211,0
10.08,0.414738392979,0
10.08,0.414800858111,0
10.1325,0,0.404145166729
10.1325,6.24651316307e-05,0.404144758473
10.1325,0.000249822899863,0.404140948429
10.1325,0.000561960447384,0.40412863604
10.1325,0.000998689754205,0.404101614079
10.1325,0.00155974775092,0.404052861967
10.1325,0.00224479647718,0.403974705514
10.1325,0.00305342328524,0.40385892524
10.1325,0.00398514108855,0.403696838241
10.1325,0.00503938865514,0.403479364323
10.1325,0.0062155309457,0.403197081926
10.1325,0.0075128594961,0.40284027692
10.1325,0.00893059284412,0.402398986207
10.1325,0.0104678770002,0.401863037334
10.1325,0.0121237859619,0.401222084949
10.1325,0.0138973222715,0.400465644656
10.1325,0.0157874176171,0.399583124684
10.1325,0.0177929334759,0.398563855639
10.1325,0.0199126618001,0.397397118564
10.1325,0.0221453257447,0.396072171437
10.1325,0.0244895804365,0.394578274235
10.1325,0.0269440137839,0.392904712619
10.1325,0.0295071473283,0.391040820306
10.1325,0.0321774371336,0.388976000147
10.1325,0.0349532747173,0.38669974392
10.1325,0.0378329880186,0.384201650842
10.1325,0.0408148424058,0.38147144477
10.1325,0.0438970417214,0.378498990063
10.1325,0.0470777293637,0.375274306053
10.1325,0.0503549894054,0.37178758006
10.1325,0.0537268477477,0.368029178874
10.1325,0.0571912733091,0.36398965859
10.1325,0.0607461792493,0.359659772686
10.1325,0.0643894242258,0.355030478177
10.1325,0.0681188136841,0.350092939679
10.1325,0.0719321011795,0.344838531133
10.1325,0.07582698973,0.339258834944
10.1325,0.0798011332006,0.33334563818
10.1325,0.0838521377157,0.327090925429
10.1325,0.0879775631017,0.320486867812
10.1325,0.0921749243567,0.313525807519
10.1325,0.0964416931472,0.306200237071
10.1325,0.100775299331,0.298502772335
10.1325,0.105173132506,0.290426117997
10.1325,0.109632543582,0.281963023878
10.1325,0.114150846377,0.273106229965
10.1325,0.118725319233,0.263848397349
10.1325,0.12335320666,0.254182021347
10.1325,0.128031720991,0.24409932174
10.1325,0.132758044063,0.233592103191
10.1325,0.137529328917,0.222651576086
10.1325,0.14234270151,0.211268123902
10.1325,0.147195262445,0.199430996783
10.1325,0.152084088721,0.187127900859
10.1325,0.157006235492,0.174344436302
10.1325,0.16195873784,0.161063309032
10.1325,0.166938612565,0.147263191218
10.1325,0.171942859974,0.132917012812
10.1325,0.176968465698,0.117989281401
10.1325,0.182012402498,0.102431629444
10.1325,0.187071632096,0.0861748393398
10.1325,0.192143107002,0.0691130104626
10.1325,0.197223772347,0.0510669802835
10.1325,0.20231056773,0.0316755450086
10.1325,0.207400429055,0.00981986881003
10.1325,0.212490290381,0
10.1325,0.217577085764,0
10.1325,0.222657751109,0
10.1325,0.227729226015,0
10.1325,0.232788455613,0
10.1325,0.237832392413,0
10.1325,0.242857998136,0
10.1325,0.247862245546,0
10.1325,0.252842120271,0
10.1325,0.257794622619,0
10.1325,0.26271676939,0
10.1325,0.267605595666,0
10.1325,0.272458156601,0
10.1325,0.277271529193,0
10.1325,0.282042814048,0
10.1325,0.28676913712,0
10.1325,0.291447651451,0
10.1325,0.296075538878,0
10.1325,0.300650011734,0
10.1325,0.305168314528,0
10.1325,0.309627725605,0
10.1325,0.31402555878,0
10.1325,0.318359164964,0
10.1325,0.322625933754,0
10.1325,0.326823295009,0
10.1325,0.330948720395,0
10.1325,0.33499972491,0
10.1325,0.338973868381,0
10.1325,0.342868756931,0
10.1325,0.346682044427,0
10.1325,0.350411433885,0
10.1325,0.354054678862,0
10.1325,0.357609584802,0
10.1325,0.361074010363,0
10.1325,0.364445868705,0
10.1325,0.367723128747,0
10.1325,0.370903816389,0
10.1325,0.373986015705,0
10.1325,0.376967870092,0
10.1325,0.379847583394,0
10.1325,0.382623420977,0
10.1325,0.385293710783,0
10.1325,0.387856844327,0
10.1325,0.390311277674,0
10.1325,0.392655532366,0
10.1325,0.394888196311,0
10.1325,0.397007924635,0
10.1325,0.399013440494,0
10.1325,0.400903535839,0
10.1325,0.402677072149,0
10.1325,0.404332981111,0
10.1325,0.405870265267,0
10.1325,0.407287998615,0
10.1325,0.408585327165,0
10.1325,0.409761469456,0
10.1325,0.410815717022,0
10.1325,0.411747434826,0
10.1325,0.412556061634,0
10.1325,0.41324111036,0
10.1325,0.413802168357,0
10.1325,0.414238897663,0
10.1325,0.414551035211,0
10.1325,0.414738392979,0
10.1325,0.414800858111,0
10.185,0,0.365711116705
10.185,6.24651316307e-05,0.365710670596
10.185,0.000249822899863,0.365706589413
10.185,0.000561960447384,0.36569356071
10.185,0.000998689754205,0.365665206404
10.185,0.00155974775092,0.365614376168
10.185,0.00224479647718,0.365533305381
10.185,0.00305342328524,0.365413721495
10.185,0.00398514108855,0.36524692398
10.185,0.00503938865514,0.365023848653
10.185,0.0062155309457,0.364735121841
10.185,0.0075128594961,0.364371107509
10.185,0.00893059284412,0.363921949215
10.185,0.0104678770002,0.363377608129
10.185,0.0121237859619,0.362727897905
10.185,0.0138973222715,0.361962516989
10.185,0.0157874176171,0.361071078737
10.185,0.0177929334759,0.360043139636
10.185,0.0199126618001,0.358868225831
10.185,0.0221453257447,0.3575358581
10.185,0.0244895804365,0.356035575389
10.185,0.0269440137839,0.354356956965
10.185,0.0295071473283,0.352489643252
10.185,0.0321774371336,0.350423355355
10.185,0.0349532747173,0.348147913289
10.185,0.0378329880186,0.345653252901
10.185,0.0408148424058,0.342929441447
10.185,0.0438970417214,0.339966691797
10.185,0.0470777293637,0.336755375192
10.185,0.0503549894054,0.333286032479
10.185,0.0537268477477,0.329549383727
10.185,0.0571912733091,0.325536336095
10.185,0.0607461792493,0.321237989798
10.185,0.0643894242258,0.316645641987
10.185,0.0681188136841,0.311750788313
10.185,0.0719321011795,0.306545121887
10.185,0.07582698973,0.301020529304
10.185,0.0798011332006,0.295169083288
10.185,0.0838521377157,0.288983031445
10.185,0.0879775631017,0.282454780438
10.185,0.0921749243567,0.275576874774
10.185,0.0964416931472,0.268341969114
10.185,0.100775299331,0.260742792753
10.185,0.105173132506,0.252772104499
10.185,0.109632543582,0.2444226356
10.185,0.114150846377,0.235687017648
10.185,0.118725319233,0.226557691261
10.185,0.12335320666,0.217026789822
10.185,0.128031720991,0.207085990285
10.185,0.132758044063,0.196726319701
10.185,0.137529328917,0.185937900961
10.185,0.14234270151,0.174709613169
10.185,0.147195262445,0.163028628961
10.185,0.152084088721,0.150879769034
10.185,0.157006235492,0.138244575493
10.185,0.16195873784,0.125099934208
10.185,0.166938612565,0.111415936368
10.185,0.171942859974,0.0971523730572
10.185,0.176968465698,0.0822525668044
10.185,0.182012402498,0.0666314201382
10.185,0.187071632096,0.0501487963993
10.185,0.192143107002,0.0325352682125
10.185,0.197223772347,0.0130623128356
10.185,0.20231056773,0
10.185,0.207400429055,0
10.185,0.212490290381,0
10.185,0.217577085764,0
10.185,0.222657751109,0
10.185,0.227729226015,0
10.185,0.232788455613,0
10.185,0.237832392413,0
10.185,0.242857998136,0
10.185,0.247862245546,0
10.185,0.252842120271,0
10.185,0.257794622619,0
10.185,0.26271676939,0
10.185,0.267605595666,0
10.185,0.272458156601,0
10.185,0.277271529193,0
10.185,0.282042814048,0
10.185,0.28676913712,0
10.185,0.291447651451,0
10.185,0.296075538878,0
10.185,0.300650011734,0
10.185,0.305168314528,0
10.185,0.309627725605,0
10.185,0.31402555878,0
10.185,0.318359164964,0
10.185,0.322625933754,0
10.185,0.326823295009,0
10.185,0.330948720395,0
10.185,0.33499972491,0
10.185,0.338973868381,0
10.185,0.342868756931,0
10.185,0.346682044427,0
10.185,0.350411433885,0
10.185,0.354054678862,0
10.185,0.357609584802,0
10.185,0.361074010363,0
10.185,0.364445868705,0
10.185,0.367723128747,0
10.185,0.370903816389,0
10.185,0.373986015705,0
10.185,0.376967870092,0
10.185,0.379847583394,0
10.185,0.382623420977,0
10.185,0.385293710783,0
10.185,0.387856844327,0
10.185,0.390311277674,0
10.185,0.392655532366,0
10.185,0.394888196311,0
10.185,0.397007924635,0
10.185,0.399013440494,0
10.185,0.400903535839,0
10.185,0.402677072149,0
10.185,0.404332981111,0
10.185,0.405870265267,0
10.185,0.407287998615,0
10.185,0.408585327165,0
10.185,0.409761469456,0
10.185,0.410815717022,0
10.185,0.411747434826,0
10.185,0.412556061634,0
10.185,0.41324111036,0
10.185,0.413802168357,0
10.185,0.414238897663,0
10.185,0.414551035211,0
10.185,0.414738392979,0
10.185,0.414800858111,0
10.2375,0,0.324914167239
10.2375,6.24651316307e-05,0.324913680615
10.2375,0.000249822899863,0.324909320015
10.2375,0.000561960447384,0.324895574456
10.2375,0.000998689754205,0.324865920245
10.2375,0.00155974775092,0.324813110673
10.2375,0.00224479647718,0.324729330174
10.2375,0.00305342328524,0.324606297404
10.2375,0.00398514108855,0.324435342334
10.2375,0.00503938865514,0.324207468006
10.2375,0.0062155309457,0.323913402357
10.2375,0.0075128594961,0.323543643147
10.2375,0.00893059284412,0.323088497852
10.2375,0.0104678770002,0.322538119683
10.2375,0.0121237859619,0.321882540545
10.2375,0.0138973222715,0.321111701466
10.2375,0.0157874176171,0.320215480886
10.2375,0.0177929334759,0.319183721068
10.2375,0.0199126618001,0.318006252843
10.2375,0.0221453257447,0.316672918816
10.2375,0.0244895804365,0.315173595136
10.2375,0.0269440137839,0.313498211896
10.2375,0.0295071473283,0.311636772204
10.2375,0.0321774371336,0.309579369931
10.2375,0.0349532747173,0.307316206149
10.2375,0.0378329880186,0.30483760423
10.2375,0.0408148424058,0.302134023558
10.2375,0.0438970417214,0.299196071812
10.2375,0.0470777293637,0.29601451573
10.2375,0.0503549894054,0.292580290253
10.2375,0.0537268477477,0.288884505928
10.2375,0.0571912733091,0.284918454401
10.2375,0.0607461792493,0.280673611812
10.2375,0.0643894242258,0.276141639847
10.2375,0.0681188136841,0.271314384141
10.2375,0.0719321011795,0.26618386968
10.2375,0.07582698973,0.260742292711
10.2375,0.0798011332006,0.254982008614
10.2375,0.0838521377157,0.248895514983
10.2375,0.0879775631017,0.242475428998
10.2375,0.0921749243567,0.235714457896
10.2375,0.0964416931472,0.228605360992
10.2375,0.100775299331,0.221140901213
10.2375,0.105173132506,0.213313783452
10.2375,0.109632543582,0.205116576091
10.2375,0.114150846377,0.196541610701
10.2375,0.118725319233,0.187580852945
10.2375,0.12335320666,0.178225734798
10.2375,0.128031720991,0.168466933683
10.2375,0.132758044063,0.158294077066
10.2375,0.137529328917,0.147695339634
10.2375,0.14234270151,0.13665688087
10.2375,0.147195262445,0.125162037038
10.2375,0.152084088721,0.113190119035
10.2375,0.157006235492,0.100714544639
10.2375,0.16195873784,0.0876997730516
10.2375,0.166938612565,0.0740959007745
10.2375,0.171942859974,0.0598281608052
10.2375,0.176968465698,0.0447734194365
10.2375,0.182012402498,0.0286939869043
10.2375,0.187071632096,0.0109354291261
10.2375,0.192143107002,0
10.2375,0.197223772347,0
10.2375,0.20231056773,0
10.2375,0.207400429055,0
10.2375,0.212490290381,0
10.2375,0.217577085764,0
10.2375,0.222657751109,0
10.2375,0.227729226015,0
10.2375,0.232788455613,0
10.2375,0.237832392413,0
10.2375,0.242857998136,0
10.2375,0.247862245546,0
10.2375,0.252842120271,0
10.2375,0.257794622619,0
10.2375,0.26271676939,0
10.2375,0.267605595666,0
10.2375,0.272458156601,0
10.2375,0.277271529193,0
10.2375,0.282042814048,0
10.2375,0.28676913712,0
10.2375,0.291447651451,0
10.2375,0.296075538878,0
10.2375,0.300650011734,0
10.2375,0.305168314528,0
10.2375,0.309627725605,0
10.2375,0.31402555878,0
10.2375,0.318359164964,0
10.2375,0.322625933754,0
10.2375,0.326823295009,0
10.2375,0.330948720395,0
10.2375,0.33499972491,0
10.2375,0.338973868381,0
10.2375,0.342868756931,0
10.2375,0.346682044427,0
10.2375,0.350411433885,0
10.2375,0.354054678862,0
10.2375,0.357609584802,0
10.2375,0.361074010363,0
10.2375,0.364445868705,0
10.2375,0.367723128747,0
10.2375,0.370903816389,0
10.2375,0.373986015705,0
10.2375,0.376967870092,0
10.2375,0.379847583394,0
10.2375,0.382623420977,0
10.2375,0.385293710783,0
10.2375,0.387856844327,0
10.2375,0.390311277674,0
10.2375,0.392655532366,0
10.2375,0.394888196311,0
10.2375,0.397007924635,0
10.2375,0.399013440494,0
10.2375,0.400903535839,0
10.2375,0.402677072149,0
10.2375,0.404332981111,0
10.2375,0.405870265267,0
10.2375,0.407287998615,0
10.2375,0.408585327165,0
10.2375,0.409761469456,0
10.2375,0.410815717022,0
10.2375,0.411747434826,0
10.2375,0.412556061634,0
10.2375,0.41324111036,0
10.2375,0.413802168357,0
10.2375,0.414238897663,0
10.2375,0.414551035211,0
10.2375,0.414738392979,0
10.2375,0.414800858111,0
10.29,0,0.281097869402
10.29,6.24651316307e-05,0.28109734038
10.29,0.000249822899863,0.281092701399
10.29,0.000561960447384,0.28107827049
10.29,0.000998689754205,0.2810474204
10.29,0.00155974775092,0.280992859733
10.29,0.00224479647718,0.280906780788
10.29,0.00305342328524,0.28078095774
10.29,0.00398514108855,0.280606819699
10.29,0.00503938865514,0.280375508998
10.29,0.0062155309457,0.280077929939
10.29,0.0075128594961,0.279704790918
10.29,0.00893059284412,0.279246641703
10.29,0.0104678770002,0.278693907004
10.29,0.0121237859619,0.278036917077
10.29,0.0138973222715,0.277265935895
10.29,0.0157874176171,0.276371187241
10.29,0.0177929334759,0.275342878974
10.29,0.0199126618001,0.274171225668
10.29,0.0221453257447,0.272846469738
10.29,0.0244895804365,0.271358901143
10.29,0.0269440137839,0.269698875734
10.29,0.0295071473283,0.267856832252
10.29,0.0321774371336,0.265823308009
10.29,0.0349532747173,0.263588953206
10.29,0.0378329880186,0.261144543878
10.29,0.0408148424058,0.258480993387
10.29,0.0438970417214,0.255589362391
10.29,0.0470777293637,0.252460867177
10.29,0.0503549894054,0.249086886229
10.29,0.0537268477477,0.245458964839
10.29,0.0571912733091,0.241568817573
10.29,0.0607461792493,0.23740832829
10.29,0.0643894242258,0.232969547415
10.29,0.0681188136841,0.22824468601
10.29,0.0719321011795,0.223226106143
10.29,0.07582698973,0.217906306873
10.29,0.0798011332006,0.212277904997
10.29,0.0838521377157,0.206333609459
10.29,0.0879775631017,0.200066187992
10.29,0.0921749243567,0.193468424084
10.29,0.0964416931472,0.186533061763
10.29,0.100775299331,0.179252734752
10.29,0.105173132506,0.171619875287
10.29,0.109632543582,0.163626595974
10.29,0.114150846377,0.155264535199
10.29,0.118725319233,0.146524652206
10.29,0.12335320666,0.137396950951
10.29,0.128031720991,0.127870100351
10.29,0.132758044063,0.117930898927
10.29,0.137529328917,0.107563496833
10.29,0.14234270151,0.0967482221833
10.29,0.147195262445,0.0854597255637
10.29,0.152084088721,0.0736638654138
10.29,0.157006235492,0.0613120482658
10.29,0.16195873784,0.0483297450291
10.29,0.166938612565,0.0345889921053
10.29,0.171942859974,0.0198206271443
10.29,0.176968465698,0.00300247319741
10.29,0.182012402498,0
10.29,0.187071632096,0
10.29,0.192143107002,0
10.29,0.197223772347,0
10.29,0.20231056773,0
10.29,0.207400429055,0
10.29,0.212490290381,0
10.29,0.217577085764,0
10.29,0.222657751109,0
10.29,0.227729226015,0
10.29,0.232788455613,0
10.29,0.237832392413,0
10.29,0.242857998136,0
10.29,0.247862245546,0
10.29,0.252842120271,0
10.29,0.257794622619,0
10.29,0.26271676939,0
10.29,0.267605595666,0
10.29,0.272458156601,0
10.29,0.277271529193,0
10.29,0.282042814048,0
10.29,0.28676913712,0
10.29,0.291447651451,0
10.29,0.296075538878,0
10.29,0.300650011734,0
10.29,0.305168314528,0
10.29,0.309627725605,0
10.29,0.31402555878,0
10.29,0.318359164964,0
10.29,0.322625933754,0
10.29,0.326823295009,0
10.29,0.330948720395,0
10.29,0.33499972491,0
10.29,0.338973868381,0
10.29,0.342868756931,0
10.29,0.346682044427,0
10.29,0.350411433885,0
10.29,0.354054678862,0
10.29,0.357609584802,0
10.29,0.361074010363,0
10.29,0.364445868705,0
10.29,0.367723128747,0
10.29,0.370903816389,0
10.29,0.373986015705,0
10.29,0.376967870092,0
10.29,0.379847583394,0
10.29,0.382623420977,0
10.29,0.385293710783,0
10.29,0.387856844327,0
10.29,0.390311277674,0
10.29,0.392655532366,0
10.29,0.394888196311,0
10.29,0.397007924635,0
10.29,0.399013440494,0
10.29,0.400903535839,0
10.29,0.402677072149,0
10.29,0.404332981111,0
10.29,0.405870265267,0
10.29,0.407287998615,0
10.29,0.408585327165,0
10.29,0.409761469456,0
10.29,0.410815717022,0
10.29,0.411747434826,0
10.29,0.412556061634,0
10.29,0.41324111036,0
10.29,0.413802168357,0
10.29,0.414238897663,0
10.29,0.414551035211,0
10.29,0.414738392979,0
10.29,0.414800858111,0
10.3425,0,0.233189994915
10.3425,6.24651316307e-05,0.233189423616
10.3425,0.000249822899863,0.23318452722
10.3425,0.000561960447384,0.23316950672
10.3425,0.000998689754205,0.233137703638
10.3425,0.00155974775092,0.233081866134
10.3425,0.00224479647718,0.23299428726
10.3425,0.00305342328524,0.232866896159
10.3425,0.00398514108855,0.232691325591
10.3425,0.00503938865514,0.232458965613
10.3425,0.0062155309457,0.232161008305
10.3425,0.0075128594961,0.231788486299
10.3425,0.00893059284412,0.231332306766
10.3425,0.0104678770002,0.230783281905
10.3425,0.0121237859619,0.230132156653
10.3425,0.0138973222715,0.229369634071
10.3425,0.0157874176171,0.228486398759
10.3425,0.0177929334759,0.227473138516
10.3425,0.0199126618001,0.226320564425
10.3425,0.0221453257447,0.225019429461
10.3425,0.0244895804365,0.223560545694
10.3425,0.0269440137839,0.221934800136
10.3425,0.0295071473283,0.220133169231
10.3425,0.0321774371336,0.218146731973
10.3425,0.0349532747173,0.215966681618
10.3425,0.0378329880186,0.213584335924
10.3425,0.0408148424058,0.210991145821
10.3425,0.0438970417214,0.208178702384
10.3425,0.0470777293637,0.205138741967
10.3425,0.0503549894054,0.201863149269
10.3425,0.0537268477477,0.198343958095
10.3425,0.0571912733091,0.194573349474
10.3425,0.0607461792493,0.190543646732
10.3425,0.0643894242258,0.186247306994
10.3425,0.0681188136841,0.181676908449
10.3425,0.0719321011795,0.176825132522
10.3425,0.07582698973,0.171684739835
10.3425,0.0798011332006,0.166248538483
10.3425,0.0838521377157,0.160509342676
10.3425,0.0879775631017,0.154459919081
10.3425,0.0921749243567,0.14809291725
10.3425,0.0964416931472,0.141400779029
10.3425,0.100775299331,0.13437561971
10.3425,0.105173132506,0.127009070345
10.3425,0.109632543582,0.119292065399
10.3425,0.114150846377,0.11121455134
10.3425,0.118725319233,0.102765077246
10.3425,0.12335320666,0.0939302027619
10.3425,0.128031720991,0.0846936106655
10.3425,0.132758044063,0.0750347155168
10.3425,0.137529328917,0.0649263532367
10.3425,0.14234270151,0.0543306425377
10.3425,0.147195262445,0.0431907544712
10.3425,0.152084088721,0.0314117984696
10.3425,0.157006235492,0.0188031529991
10.3425,0.16195873784,0.00475298675735
10.3425,0.166938612565,0
10.3425,0.171942859974,0
10.3425,0.176968465698,0
10.3425,0.182012402498,0
10.3425,0.187071632096,0
10.3425,0.192143107002,0
10.3425,0.197223772347,0
10.3425,0.20231056773,0
10.3425,0.207400429055,0
10.3425,0.212490290381,0
10.3425,0.217577085764,0
10.3425,0.222657751109,0
10.3425,0.227729226015,0
10.3425,0.232788455613,0
10.3425,0.237832392413,0
10.3425,0.242857998136,0
10.3425,0.247862245546,0
10.3425,0.252842120271,0
10.3425,0.257794622619,0
10.3425,0.26271676939,0
10.3425,0.267605595666,0
10.3425,0.272458156601,0
10.3425,0.277271529193,0
10.3425,0.282042814048,0
10.3425,0.28676913712,0
10.3425,0.291447651451,0
10.3425,0.296075538878,0
10.3425,0.300650011734,0
10.3425,0.305168314528,0
10.3425,0.309627725605,0
10.3425,0.31402555878,0
10.3425,0.318359164964,0
10.3425,0.322625933754,0
10.3425,0.326823295009,0
10.3425,0.330948720395,0
10.3425,0.33499972491,0
10.3425,0.338973868381,0
10.3425,0.342868756931,0
10.3425,0.346682044427,0
10.3425,0.350411433885,0
10.3425,0.354054678862,0
10.3425,0.357609584802,0
10.3425,0.361074010363,0
10.3425,0.364445868705,0
10.3425,0.367723128747,0
10.3425,0.370903816389,0
10.3425,0.373986015705,0
10.3425,0.376967870092,0
10.3425,0.379847583394,0
10.3425,0.382623420977,0
10.3425,0.385293710783,0
10.3425,0.387856844327,0
10.3425,0.390311277674,0
10.3425,0.392655532366,0
10.3425,0.394888196311,0
10.3425,0.397007924635,0
10.3425,0.399013440494,0
10.3425,0.400903535839,0
10.3425,0.402677072149,0
10.3425,0.404332981111,0
10.3425,0.405870265267,0
10.3425,0.407287998615,0
10.3425,0.408585327165,0
10.3425,0.409761469456,0
10.3425,0.410815717022,0
10.3425,0.411747434826,0
10.3425,0.412556061634,0
10.3425,0.41324111036,0
10.3425,0.413802168357,0
10.3425,0.414238897663,0
10.3425,0.414551035211,0
10.3425,0.414738392979,0
10.3425,0.414800858111,0
10.395,0,0.179182363605
10.395,6.24651316307e-05,0.179181755506
10.395,0.000249822899863,0.179176670445
10.395,0.000561960447384,0.179161303489
10.395,0.000998689754205,0.179129101268
10.395,0.00155974775092,0.179073003813
10.395,0.00224479647718,0.178985568662
10.395,0.00305342328524,0.178859052164
10.395,0.00398514108855,0.17868546941
10.395,0.00503938865514,0.178456641674
10.395,0.0062155309457,0.178164235809
10.395,0.0075128594961,0.177799798044
10.395,0.00893059284412,0.177354783681
10.395,0.0104678770002,0.176820583615
10.395,0.0121237859619,0.176188548292
10.395,0.0138973222715,0.175450009545
10.395,0.0157874176171,0.174596300566
10.395,0.0177929334759,0.173618774229
10.395,0.0199126618001,0.172508819892
10.395,0.0221453257447,0.17125787875
10.395,0.0244895804365,0.169857457794
10.395,0.0269440137839,0.168299142371
10.395,0.0295071473283,0.166574607325
10.395,0.0321774371336,0.164675626661
10.395,0.0349532747173,0.162594081652
10.395,0.0378329880186,0.160321967249
10.395,0.0408148424058,0.157851396637
10.395,0.0438970417214,0.155174603719
10.395,0.0470777293637,0.152283943245
10.395,0.0503549894054,0.14917188822
10.395,0.0537268477477,0.145831024136
10.395,0.0571912733091,0.142254039424
10.395,0.0607461792493,0.138433711346
10.395,0.0643894242258,0.134362886309
10.395,0.0681188136841,0.130034453229
10.395,0.0719321011795,0.125441308135
10.395,0.07582698973,0.120576307493
10.395,0.0798011332006,0.115432206795
10.395,0.0838521377157,0.11000157948
10.395,0.0879775631017,0.104276709094
10.395,0.0921749243567,0.0982494441041
10.395,0.0964416931472,0.0919109992992
10.395,0.100775299331,0.0852516783611
10.395,0.105173132506,0.0782604760221
10.395,0.109632543582,0.0709244884537
10.395,0.114150846377,0.0632280025118
10.395,0.118725319233,0.0551510125634
10.395,0.12335320666,0.0466666319817
10.395,0.128031720991,0.0377361288005
10.395,0.132758044063,0.028298010936
10.395,0.137529328917,0.0182381197189
10.395,0.14234270151,0.0072610442032
10.395,0.147195262445,0
10.395,0.152084088721,0
10.395,0.157006235492,0
10.395,0.16195873784,0
10.395,0.166938612565,0
10.395,0.171942859974,0
10.395,0.176968465698,0
10.395,0.182012402498,0
10.395,0.187071632096,0
10.395,0.192143107002,0
10.395,0.197223772347,0
10.395,0.20231056773,0
10.395,0.207400429055,0
10.395,0.212490290381,0
10.395,0.217577085764,0
10.395,0.222657751109,0
10.395,0.227729226015,0
10.395,0.232788455613,0
10.395,0.237832392413,0
10.395,0.242857998136,0
10.395,0.247862245546,0
10.395,0.252842120271,0
10.395,0.257794622619,0
10.395,0.26271676939,0
10.395,0.267605595666,0
10.395,0.272458156601,0
10.395,0.277271529193,0
10.395,0.282042814048,0
10.395,0.28676913712,0
10.395,0.291447651451,0
10.395,0.296075538878,0
10.395,0.300650011734,0
10.395,0.305168314528,0
10.395,0.309627725605,0
10.395,0.31402555878,0
10.395,0.318359164964,0
10.395,0.322625933754,0
10.395,0.326823295009,0
10.395,0.330948720395,0
10.395,0.33499972491,0
10.395,0.338973868381,0
10.395,0.342868756931,0
10.395,0.346682044427,0
10.395,0.350411433885,0
10.395,0.354054678862,0
10.395,0.357609584802,0
10.395,0.361074010363,0
10.395,0.364445868705,0
10.395,0.367723128747,0
10.395,0.370903816389,0
10.395,0.373986015705,0
10.395,0.376967870092,0
10.395,0.379847583394,0
10.395,0.382623420977,0
10.395,0.385293710783,0
10.395,0.387856844327,0
10.395,0.390311277674,0
10.395,0.392655532366,0
10.395,0.394888196311,0
10.395,0.397007924635,0
10.395,0.399013440494,0
10.395,0.400903535839,0
10.395,0.402677072149,0
10.395,0.404332981111,0
10.395,0.405870265267,0
10.395,0.407287998615,0
10.395,0.408585327165,0
10.395,0.409761469456,0
10.395,0.410815717022,0
10.395,0.411747434826,0
10.395,0.412556061634,0
10.395,0.41324111036,0
10.395,0.413802168357,0
10.395,0.414238897663,0
10.395,0.414551035211,0
10.395,0.414738392979,0
10.395,0.414800858111,0
10.4475,0,0.114196439265
10.4475,6.24651316307e-05,0.114195818098
10.4475,0.000249822899863,0.114190765191
10.4475,0.000561960447384,0.114175749781
10.4475,0.000998689754205,0.114144645813
10.4475,0.00155974775092,0.114090933725
10.4475,0.00224479647718,0.114007802637
10.4475,0.00305342328524,0.113888216824
10.4475,0.00398514108855,0.113724964436
10.4475,0.00503938865514,0.113510695873
10.4475,0.0062155309457,0.113237955456
10.4475,0.0075128594961,0.112899208416
10.4475,0.00893059284412,0.112486864409
10.4475,0.0104678770002,0.111993298307
10.4475,0.0121237859619,0.111410868748
10.4475,0.0138973222715,0.110731934772
10.4475,0.0157874176171,0.109948870748
10.4475,0.0177929334759,0.109054079718
10.4475,0.0199126618001,0.108040005228
10.4475,0.0221453257447,0.106899141653
10.4475,0.0244895804365,0.105624042993
10.4475,0.0269440137839,0.104207330058
10.4475,0.0295071473283,0.102641695911
10.4475,0.0321774371336,0.100919909395
10.4475,0.0349532747173,0.0990348164905
10.4475,0.0378329880186,0.0969793391703
10.4475,0.0408148424058,0.0947464713028
10.4475,0.0438970417214,0.0923292710291
10.4475,0.0470777293637,0.0897208488208
10.4475,0.0503549894054,0.086914350174
10.4475,0.0537268477477,0.0839029315064
10.4475,0.0571912733091,0.080679727284
10.4475,0.0607461792493,0.0772378056038
10.4475,0.0643894242258,0.073570108255
10.4475,0.0681188136841,0.0696693694277
10.4475,0.0719321011795,0.0655280042817
10.4475,0.07582698973,0.0611379537285
10.4475,0.0798011332006,0.0564904634441
10.4475,0.0838521377157,0.0515757601706
10.4475,0.0879775631017,0.0463825599429
10.4475,0.0921749243567,0.0408972850593
10.4475,0.0964416931472,0.0351027384029
10.4475,0.100775299331,0.0289756656929
10.4475,0.105173132506,0.0224817166614
10.4475,0.109632543582,0.0155629772593
10.4475,0.114150846377,0.00809521243693
10.4475,0.118725319233,0
10.4475,0.12335320666,0
10.4475,0.128031720991,0
10.4475,0.132758044063,0
10.4475,0.137529328917,0
10.4475,0.14234270151,0
10.4475,0.147195262445,0
10.4475,0.152084088721,0
10.4475,0.157006235492,0
10.4475,0.16195873784,0
10.4475,0.166938612565,0
10.4475,0.171942859974,0
10.4475,0.176968465698,0
10.4475,0.182012402498,0
10.4475,0.187071632096,0
10.4475,0.192143107002,0
10.4475,0.197223772347,0
10.4475,0.20231056773,0
10.4475,0.207400429055,0
10.4475,0.212490290381,0
10.4475,0.217577085764,0
10.4475,0.222657751109,0
10.4475,0.227729226015,0
10.4475,0.232788455613,0
10.4475,0.237832392413,0
10.4475,0.242857998136,0
10.4475,0.247862245546,0
10.4475,0.252842120271,0
10.4475,0.257794622619,0
10.4475,0.26271676939,0
10.4475,0.267605595666,0
10.4475,0.272458156601,0
10.4475,0.277271529193,0
10.4475,0.282042814048,0
10.4475,0.28676913712,0
10.4475,0.291447651451,0
10.4475,0.296075538878,0
10.4475,0.300650011734,0
10.4475,0.305168314528,0
10.4475,0.309627725605,0
10.4475,0.31402555878,0
10.4475,0.318359164964,0
10.4475,0.322625933754,0
10.4475,0.326823295009,0
10.4475,0.330948720395,0
10.4475,0.33499972491,0
10.4475,0.338973868381,0
10.4475,0.342868756931,0
10.4475,0.346682044427,0
10.4475,0.350411433885,0
10.4475,0.354054678862,0
10.4475,0.357609584802,0
10.4475,0.361074010363,0
10.4475,0.364445868705,0
10.4475,0.367723128747,0
10.4475,0.370903816389,0
10.4475,0.373986015705,0
10.4475,0.376967870092,0
10.4475,0.379847583394,0
10.4475,0.382623420977,0
10.4475,0.385293710783,0
10.4475,0.387856844327,0
10.4475,0.390311277674,0
10.4475,0.392655532366,0
10.4475,0.394888196311,0
10.4475,0.397007924635,0
10.4475,0.399013440494,0
10.4475,0.400903535839,0
10.4475,0.402677072149,0
10.4475,0.404332981111,0
10.4475,0.405870265267,0
10.4475,0.407287998615,0
10.4475,0.408585327165,0
10.4475,0.409761469456,0
10.4475,0.410815717022,0
10.4475,0.411747434826,0
10.4475,0.412556061634,0
10.4475,0.41324111036,0
10.4475,0.413802168357,0
10.4475,0.414238897663,0
10.4475,0.414551035211,0
10.4475,0.414738392979,0
10.4475,0.414800858111,0
10.5,0,0
10.5,6.24651316307e-05,0
10.5,0.000249822899863,0
10.5,0.000561960447384,0
10.5,0.000998689754205,0
10.5,0.00155974775092,0
10.5,0.00224479647718,0
10.5,0.00305342328524,0
10.5,0.00398514108855,0
10.5,0.00503938865514,0
10.5,0.0062155309457,0
10.5,0.0075128594961,0
10.5,0.00893059284412,0
10.5,0.0104678770002,0
10.5,0.0121237859619,0
10.5,0.0138973222715,0
10.5,0.0157874176171,0
10.5,0.0177929334759,0
10.5,0.0199126618001,0
10.5,0.0221453257447,0
10.5,0.0244895804365,0
10.5,0.0269440137839,0
10.5,0.0295071473283,0
10.5,0.0321774371336,0
10.5,0.0349532747173,0
10.5,0.0378329880186,0
10.5,0.0408148424058,0
10.5,0.0438970417214,0
10.5,0.0470777293637,0
10.5,0.0503549894054,0
10.5,0.0537268477477,0
10.5,0.0571912733091,0
10.5,0.0607461792493,0
10.5,0.0643894242258,0
10.5,0.0681188136841,0
10.5,0.0719321011795,0
10.5,0.07582698973,0
10.5,0.0798011332006,0
10.5,0.0838521377157,0
10.5,0.0879775631017,0
10.5,0.0921749243567,0
10.5,0.0964416931472,0
10.5,0.100775299331,0
10.5,0.105173132506,0
10.5,0.109632543582,0
10.5,0.114150846377,0
10.5,0.118725319233,0
10.5,0.12335320666,0
10.5,0.128031720991,0
10.5,0.132758044063,0
10.5,0.137529328917,0
10.5,0.14234270151,0
10.5,0.147195262445,0
10.5,0.152084088721,0
10.5,0.157006235492,0
10.5,0.16195873784,0
10.5,0.166938612565,0
10.5,0.171942859974,0
10.5,0.176968465698,0
10.5,0.182012402498,0
10.5,0.187071632096,0
10.5,0.192143107002,0
10.5,0.197223772347,0
10.5,0.20231056773,0
10.5,0.207400429055,0
10.5,0.212490290381,0
10.5,0.217577085764,0
10.5,0.222657751109,0
10.5,0.227729226015,0
10.5,0.232788455613,0
10.5,0.237832392413,0
10.5,0.242857998136,0
10.5,0.247862245546,0
10.5,0.252842120271,0
10.5,0.257794622619,0
10.5,0.26271676939,0
10.5,0.267605595666,0
10.5,0.272458156601,0
10.5,0.277271529193,0
10.5,0.282042814048,0
10.5,0.28676913712,0
10.5,0.291447651451,0
10.5,0.296075538878,0
10.5,0.300650011734,0
10.5,0.305168314528,0
10.5,0.309627725605,0
10.5,0.31402555878,0
10.5,0.318359164964,0
10.5,0.322625933754,0
10.5,0.326823295009,0
10.5,0.330948720395,0
10.5,0.33499972491,0
10.5,0.338973868381,0
10.5,0.342868756931,0
10.5,0.346682044427,0
10.5,0.350411433885,0
10.5,0.354054678862,0
10.5,0.357609584802,0
10.5,0.361074010363,0
10.5,0.364445868705,0
10.5,0.367723128747,0
10.5,0.370903816389,0
10.5,0.373986015705,0
10.5,0.376967870092,0
10.5,0.379847583394,0
10.5,0.382623420977,0
10.5,0.385293710783,0
10.5,0.387856844327,0
10.5,0.390311277674,0
10.5,0.392655532366,0
10.5,0.394888196311,0
10.5,0.397007924635,0
10.5,0.399013440494,0
10.5,0.400903535839,0
10.5,0.402677072149,0
10.5,0.404332981111,0
10.5,0.405870265267,0
10.5,0.407287998615,0
10.5,0.408585327165,0
10.5,0.409761469456,0
10.5,0.410815717022,0
10.5,0.411747434826,0
10.5,0.412556061634,0
10.5,0.41324111036,0
10.5,0.413802168357,0
10.5,0.414238897663,0
10.5,0.414551035211,0
10.5,0.414738392979,0
10.5,0.414800858111,0
