station_index,point_index,x_m,z_m,half_breadth_m
0,0,-0.5,-0.0,0.0
0,1,-0.5,-0.0,0.0
0,2,-0.5,-0.0,0.0
0,3,-0.5,-0.0,0.0
0,4,-0.5,-0.0,0.0
0,5,-0.5,-0.0,0.0
0,6,-0.5,-0.0,0.0
0,7,-0.5,-0.0,0.0
0,8,-0.5,-0.0,0.0
0,9,-0.5,-0.0,0.0
0,10,-0.5,-0.0,0.0
0,11,-0.5,-0.0,0.0
0,12,-0.5,-0.0,0.0
0,13,-0.5,-0.0,0.0
0,14,-0.5,-0.0,0.0
0,15,-0.5,-0.0,0.0
0,16,-0.5,-0.0,0.0
0,17,-0.5,-0.0,0.0
0,18,-0.5,-0.0,0.0
0,19,-0.5,-0.0,0.0
0,20,-0.5,-0.0,0.0
0,21,-0.5,-0.0,0.0
0,22,-0.5,-0.0,0.0
0,23,-0.5,-0.0,0.0
0,24,-0.5,-0.0,0.0
0,25,-0.5,-0.0,0.0
0,26,-0.5,-0.0,0.0
0,27,-0.5,-0.0,0.0
0,28,-0.5,-0.0,0.0
0,29,-0.5,-0.0,0.0
0,30,-0.5,-0.0,0.0
0,31,-0.5,-0.0,0.0
0,32,-0.5,-0.0,0.0
0,33,-0.5,-0.0,0.0
0,34,-0.5,-0.0,0.0
0,35,-0.5,-0.0,0.0
0,36,-0.5,-0.0,0.0
0,37,-0.5,-0.0,0.0
0,38,-0.5,-0.0,0.0
0,39,-0.5,-0.0,0.0
0,40,-0.5,-0.0,0.0
1,0,-0.49961451812036145,-0.0,3.297248679527958e-05
1,1,-0.49961451812036145,-6.022213643638959e-08,3.297135678366717e-05
1,2,-0.49961451812036145,-2.4051725624853364e-07,3.296281938528095e-05
1,3,-0.49961451812036145,-5.397737800685833e-07,3.293863832114045e-05
1,4,-0.49961451812036145,-9.56146691914291e-07,3.289035043572515e-05
1,5,-0.49961451812036145,-1.487068914326086e-06,3.280955669509488e-05
1,6,-0.49961451812036145,-2.129267135253245e-06,3.2688118107975836e-05
1,7,-0.49961451812036145,-2.8787819891111744e-06,3.251831253444795e-05
1,8,-0.49961451812036145,-3.7309924675868602e-06,3.229296678595317e-05
1,9,-0.49961451812036145,-4.680644409691758e-06,3.200556958836332e-05
1,10,-0.49961451812036145,-5.721882895411472e-06,3.165036809046339e-05
1,11,-0.49961451812036145,-6.848288343234613e-06,3.122244945130823e-05
1,12,-0.49961451812036145,-8.052916089007527e-06,3.0717808524136e-05
1,13,-0.49961451812036145,-9.328339202098151e-06,3.0133402402706308e-05
1,14,-0.49961451812036145,-1.0666694274893057e-05,2.9467192466915707e-05
1,15,-0.49961451812036145,-1.2059729903320243e-05,2.871817449958945e-05
1,16,-0.49961451812036145,-1.3498857559499104e-05,2.788639741970181e-05
1,17,-0.49961451812036145,-1.4975204542870781e-05,2.6972971177304905e-05
1,18,-0.49961451812036145,-1.6479668683347608e-05,2.5980064376906284e-05
1,19,-0.49961451812036145,-1.8002974459218447e-05,2.4910892236836216e-05
1,20,-0.49961451812036145,-1.953573018382448e-05,2.3769695552069685e-05
1,21,-0.49961451812036145,-2.106848590843052e-05,2.2561711408358407e-05
1,22,-0.49961451812036145,-2.2591791684301355e-05,2.1293136499542664e-05
1,23,-0.49961451812036145,-2.4096255824778185e-05,1.9971084033243775e-05
1,24,-0.49961451812036145,-2.5572602808149868e-05,1.860353538231812e-05
1,25,-0.49961451812036145,-2.7011730464328723e-05,1.7199287866041235e-05
1,26,-0.49961451812036145,-2.840476609275591e-05,1.5767900351290993e-05
1,27,-0.49961451812036145,-2.9743121165550818e-05,1.4319638791533812e-05
1,28,-0.49961451812036145,-3.101854427864144e-05,1.286542443955169e-05
1,29,-0.49961451812036145,-3.222317202441435e-05,1.1416788397469874e-05
1,30,-0.49961451812036145,-3.33495774722375e-05,9.985837615269945e-06
1,31,-0.49961451812036145,-3.439081595795721e-05,8.585239804479596e-06
1,32,-0.49961451812036145,-3.534046790006211e-05,7.228238746768701e-06
1,33,-0.49961451812036145,-3.6192678378537794e-05,5.928718682328199e-06
1,34,-0.49961451812036145,-3.694219323239572e-05,4.701350229237983e-06
1,35,-0.49961451812036145,-3.7584391453322886e-05,3.5618786810943648e-06
1,36,-0.49961451812036145,-3.811531367573468e-05,2.527680156324755e-06
1,37,-0.49961451812036145,-3.853168658758038e-05,1.6188790682448996e-06
1,38,-0.49961451812036145,-3.883094311140044e-05,8.608505220926716e-07
1,39,-0.49961451812036145,-3.9011238231212585e-05,2.912467308229403e-07
1,40,-0.49961451812036145,-3.907146036764897e-05,0.0
2,0,-0.498458666866564,-0.0,0.00017883771655191567
2,1,-0.498458666866564,-2.6902871385051776e-07,0.00017883162035812515
2,2,-0.498458666866564,-1.074456203920049e-06,0.00017878552188728354
2,3,-0.498458666866564,-2.4113167419005148e-06,0.00017865488390080873
2,4,-0.498458666866564,-4.271368138024005e-06,0.00017839391287129383
2,5,-0.498458666866564,-6.64314255690357e-06,0.00017795714245514953
2,6,-0.498458666866564,-9.512017220551789e-06,0.00017730049816265276
2,7,-0.498458666866564,-1.286030456266964e-05,0.0001763821487837006
2,8,-0.498458666866564,-1.6667361278374446e-05,0.0001751632232766475
2,9,-0.498458666866564,-2.090971559703906e-05,0.00017360842359578763
2,10,-0.498458666866564,-2.5561211993562937e-05,0.00017168654814823925
2,11,-0.498458666866564,-3.059317244588201e-05,0.00016937093429124134
2,12,-0.498458666866564,-3.597457324451108e-05,0.00016663982545879694
2,13,-0.498458666866564,-4.167223626402924e-05,0.0001634766671258359
2,14,-0.498458666866564,-4.765103351725594e-05,0.00015987033510755214
2,15,-0.498458666866564,-5.387410373097322e-05,0.00015581529933049684
2,16,-0.498458666866564,-6.0303079607932654e-05,0.00015131172605977955
2,17,-0.498458666866564,-6.689832437400137e-05,0.0001463655215598965
2,18,-0.498458666866564,-7.361917615205514e-05,0.00014098832027674695
2,19,-0.498458666866564,-8.042419865597223e-05,0.00013519742084397839
2,20,-0.498458666866564,-8.72714366591164e-05,0.00012901567353681745
2,21,-0.498458666866564,-9.411867466226057e-05,0.00012247132322839986
2,22,-0.498458666866564,-0.00010092369716617768,0.00011559781246460003
2,23,-0.498458666866564,-0.00010764454894423144,0.00010843354999460129
2,24,-0.498458666866564,-0.00011423979371030018,0.00010102165102799709
2,25,-0.498458666866564,-0.00012066876958725959,9.340965672001538e-05
2,26,-0.498458666866564,-0.00012689183980097688,8.564924205264295e-05
2,27,-0.498458666866564,-0.00013287063705420357,7.779592360763187e-05
2,28,-0.498458666866564,-0.00013856830007372172,6.990878209624106e-05
2,29,-0.498458666866564,-0.00014394970087235078,6.205021956914931e-05
2,30,-0.498458666866564,-0.00014898166132466987,5.428577912769551e-05
2,31,-0.498458666866564,-0.00015363315772119377,4.668406781266894e-05
2,32,-0.498458666866564,-0.00015787551203985838,3.9316845253933904e-05
2,33,-0.498458666866564,-0.00016168256875556317,3.22593800070914e-05
2,34,-0.498458666866564,-0.00016503085609768104,2.5591250693061636e-05
2,35,-0.498458666866564,-0.00016789973076132927,1.939792419761241e-05
2,36,-0.498458666866564,-0.00017027150518020883,1.3773796392673806e-05
2,37,-0.498458666866564,-0.0001721315565763323,8.828299378772917e-06
2,38,-0.498458666866564,-0.0001734684171143128,4.6995793780464464e-06
2,39,-0.498458666866564,-0.00017427384460438233,1.592925905849988e-06
2,40,-0.498458666866564,-0.00017454287331823283,0.0
3,0,-0.49653422847746315,-0.0,0.0004805900993502734
3,1,-0.49653422847746315,-6.454282187285558e-07,0.0004805739175394186
3,2,-0.49653422847746315,-2.5777335953190798e-06,0.00048045128570520934
3,3,-0.49653422847746315,-5.7850028245681945e-06,0.0004801033010623579
3,4,-0.49653422847746315,-1.0247462025152285e-05,0.0004794075135351268
3,5,-0.49653422847746315,-1.59375986521815e-05,0.0004782422189102775
3,6,-0.49653422847746315,-2.2820331121187766e-05,0.000476489336593849
3,7,-0.49653422847746315,-3.085322509775887e-05,0.00047403670683440665
3,8,-0.49653422847746315,-3.9986755119320954e-05,0.00047078002284147786
3,9,-0.49653422847746315,-5.016460993608414e-05,0.0004666244813590576
3,10,-0.49653422847746315,-6.13240396886229e-05,0.0004614861920594789
3,11,-0.49653422847746315,-7.33962427816259e-05,0.00045529336891990803
3,12,-0.49653422847746315,-8.630679006860986e-05,0.0004479873189978922
3,13,-0.49653422847746315,-9.99760837323579e-05,0.00043952324021788637
3,14,-0.49653422847746315,-0.00011431984803193162,0.0004298708378074811
3,15,-0.49653422847746315,-0.00012924964889063852,0.0004190147680022297
3,16,-0.49653422847746315,-0.00014467343912152208,0.00040695491718696815
3,17,-0.49653422847746315,-0.00016049612592887815,0.000393706524586069
3,18,-0.49653422847746315,-0.00017662015718696218,0.00037930015687751657
3,19,-0.49653422847746315,-0.00019294612288128354,0.0003637815436554529
3,20,-0.49653422847746315,-0.00020937336800440224,0.00034721128350017596
3,21,-0.49653422847746315,-0.00022580061312752094,0.00032966443155395817
3,22,-0.49653422847746315,-0.0002421265788218423,0.0003112299809927531
3,23,-0.49653422847746315,-0.0002582506100799263,0.0002920102527127287
3,24,-0.49653422847746315,-0.00027407329688728245,0.0002721202100583391
3,25,-0.49653422847746315,-0.000289497087118166,0.0002516867187364152
3,26,-0.49653422847746315,-0.00030442688797687286,0.00023084777656426144
3,27,-0.49653422847746315,-0.0003187706522764466,0.0002097517440054508
3,28,-0.49653422847746315,-0.00033243994594019463,0.000188556615584991
3,29,-0.49653422847746315,-0.0003453504932271786,0.00016742938601184646
3,30,-0.49653422847746315,-0.0003574226963201816,0.00014654558629993825
3,31,-0.49653422847746315,-0.00036858212607272035,0.00012608910013594385
3,32,-0.49653422847746315,-0.00037875998088948357,0.00010625243034625823
3,33,-0.49653422847746315,-0.0003878935109110456,8.723769241166513e-05
3,34,-0.49653422847746315,-0.00039592640488761676,6.925881675918541e-05
3,35,-0.49653422847746315,-0.00040280913735662305,5.254586433275676e-05
3,36,-0.49653422847746315,-0.0004084992739836523,3.735332309519152e-05
3,37,-0.49653422847746315,-0.00041296173318423635,2.397675987418734e-05
3,38,-0.49653422847746315,-0.00041616900241348546,1.2790124739320213e-05
3,39,-0.49653422847746315,-0.000418101307790076,4.350686054426989e-06
3,40,-0.49653422847746315,-0.0004187467360088045,0.0
4,0,-0.4938441702975689,-0.0,0.0009685704087790707
4,1,-0.4938441702975689,-1.2002630312146432e-06,0.0009685384903729854
4,2,-0.4938441702975689,-4.793652104143139e-06,0.0009682956376689134
4,3,-0.4938441702975689,-1.0758012780227844e-05,0.0009676048507443216
4,4,-0.4938441702975689,-1.9056572792549416e-05,0.0009662213579610899
4,5,-0.4938441702975689,-2.963816875908069e-05,0.0009639014114970893
4,6,-0.4938441702975689,-4.2437561621950274e-05,0.0009604081534407348
4,7,-0.4938441702975689,-5.737583886792857e-05,0.0009555162847477496
4,8,-0.4938441702975689,-7.436090105031287e-05,0.0009490159853511586
4,9,-0.4938441702975689,-9.328802961264242e-05,0.0009407162597340694
4,10,-0.4938441702975689,-0.00011404053251342153,0.0009304477923942101
4,11,-0.4938441702975689,-0.00013649046367135943,0.0009180653617727293
4,12,-0.4938441702975689,-0.00016049941179550778,0.0009034498450313312
4,13,-0.4938441702975689,-0.00018591935373689575,0.0008865098380683592
4,14,-0.4938441702975689,-0.00021259356710046627,0.0008671829109736059
4,15,-0.4938441702975689,-0.00024035759649075684,0.0008454365169052728
4,16,-0.4938441702975689,-0.0002690402674340997,0.0008212685713302436
4,17,-0.4938441702975689,-0.00029846474172617323,0.0007947077183407533
4,18,-0.4938441702975689,-0.0003284496076983361,0.0007658133011861296
4,19,-0.4938441702975689,-0.00035880999868089024,0.0007346750551748954
4,20,-0.4938441702975689,-0.0003893587327675737,0.0007014125427052928
4,21,-0.4938441702975689,-0.00041990746685425715,0.0006661743524139951
4,22,-0.4938441702975689,-0.0004502678578368113,0.0006291370873911514
4,23,-0.4938441702975689,-0.0004802527238089742,0.0005905041712696876
4,24,-0.4938441702975689,-0.0005096771981010478,0.000550504506049146
4,25,-0.4938441702975689,-0.0005383598690443906,0.0005093910222338082
4,26,-0.4938441702975689,-0.0005661238984346812,0.0004674391710225551
4,27,-0.4938441702975689,-0.0005927981117982517,0.0004249454211492118
4,28,-0.4938441702975689,-0.0006182180537396396,0.00038222584165175565
4,29,-0.4938441702975689,-0.000642227001863788,0.0003396148799737571
4,30,-0.4938441702975689,-0.000664676933021726,0.00029746448879977187
4,31,-0.4938441702975689,-0.000685429435922505,0.0002561438267540794
4,32,-0.4938441702975689,-0.0007043565644848346,0.00021603988048998407
4,33,-0.4938441702975689,-0.0007213416266672189,0.00017755957578818743
4,34,-0.4938441702975689,-0.0007362799039131972,0.00014113436645807383
4,35,-0.4938441702975689,-0.0007490792967760668,0.00010722916012349572
4,36,-0.4938441702975689,-0.0007596608927425982,7.635942467816857e-05
4,37,-0.4938441702975689,-0.0007679594527549196,4.912549111197383e-05
4,38,-0.4938441702975689,-0.0007739238134310043,2.6289440361337234e-05
4,39,-0.4938441702975689,-0.0007775172025039329,8.991788993750072e-06
4,40,-0.4938441702975689,-0.0007787174655351475,0.0
5,0,-0.4903926402016152,-0.0,0.0016670245969546988
5,1,-0.4903926402016152,-1.9409899879807912e-06,0.0016669714309749011
5,2,-0.4903926402016152,-7.751993103202537e-06,0.0016665643937235984
5,3,-0.4903926402016152,-1.7397182579105405e-05,0.00166540222611056
5,4,-0.4903926402016152,-3.081709261521934e-05,0.0016630686517007467
5,5,-0.4903926402016152,-4.792898500359881e-05,0.0016591478957382168
5,6,-0.4903926402016152,-6.862735923738782e-05,0.0016532349642534815
5,7,-0.4903926402016152,-9.27846029565272e-05,0.0016449437924678978
5,8,-0.4903926402016152,-0.00012025177872038979,0.0016339140703767647
5,9,-0.4903926402016152,-0.00015085954225662853,0.0016198170605836557
5,10,-0.4903926402016152,-0.00018441918652492824,0.0016023605614390694
5,11,-0.4903926402016152,-0.00022072380515866086,0.001581293103764638
5,12,-0.4903926402016152,-0.0002595495681114385,0.0015564074401097899
5,13,-0.4903926402016152,-0.0003006571016437811,0.0015275433709155955
5,14,-0.4903926402016152,-0.0003437929641418196,0.0014945899442248185
5,15,-0.4903926402016152,-0.00038869120866912385,0.0014574870613770496
5,16,-0.4903926402016152,-0.00043507502261800165,0.0014162265190186775
5,17,-0.4903926402016152,-0.0004826584343512747,0.0013708525170916064
5,18,-0.4903926402016152,-0.0005311480763125176,0.0013214616629549528
5,19,-0.4903926402016152,-0.0005802449937345968,0.0012682025033299018
5,20,-0.4903926402016152,-0.0006296464877952236,0.0012112746183323673
5,21,-0.4903926402016152,-0.0006790479818558504,0.0011509273155483073
5,22,-0.4903926402016152,-0.0007281448992779297,0.0010874579670864964
5,23,-0.4903926402016152,-0.0007766345412391725,0.0010212100391225132
5,24,-0.4903926402016152,-0.0008242179529724458,0.0009525708721398534
5,25,-0.4903926402016152,-0.0008706017669213234,0.0008819692817163455
5,26,-0.4903926402016152,-0.0009155000114486277,0.0008098730656561661
5,27,-0.4903926402016152,-0.0009586358739466662,0.0007367865257609868
5,28,-0.4903926402016152,-0.0009997434074790086,0.0006632481452986074
5,29,-0.4903926402016152,-0.0010385691704317863,0.0005898286126652739
5,30,-0.4903926402016152,-0.0010748737890655191,0.0005171294592008425
5,31,-0.4903926402016152,-0.0011084334333338187,0.0004457827055574609
5,32,-0.4903926402016152,-0.0011390411968700575,0.0003764521270198454
5,33,-0.4903926402016152,-0.0011665083726339202,0.00030983713697914535
5,34,-0.4903926402016152,-0.0011906656163530596,0.0002466810326059125
5,35,-0.4903926402016152,-0.0012113639905868485,0.00018778688773385085
5,36,-0.4903926402016152,-0.001228475882975228,0.00013404789712876398
5,37,-0.4903926402016152,-0.001241895793011342,8.650816251312307e-05
5,38,-0.4903926402016152,-0.0012515409824872448,4.6499053272259986e-05
5,39,-0.4903926402016152,-0.0012573519856024667,1.602452494480077e-05
5,40,-0.4903926402016152,-0.0012592929755904474,0.0
6,0,-0.4861849601988383,-0.0,0.0025961427796823314
6,1,-0.4861849601988383,-2.8729365298827243e-06,0.00259606368945721
6,2,-0.4861849601988383,-1.1474033510475742e-05,0.002595452782614453
6,3,-0.4861849601988383,-2.5750262318738914e-05,0.0025936991363230554
6,4,-0.4861849601988383,-4.561360525674126e-05,0.0025901649110676977
6,5,-0.4861849601988383,-7.094159821003827e-05,0.0025842103269910367
6,6,-0.4861849601988383,-0.00010157808567966053,0.0025752100728593315
6,7,-0.4861849601988383,-0.00013733418353269197,0.0025625662508921843
6,8,-0.4861849601988383,-0.00017798944353575964,0.002545719190395274
6,9,-0.4861849601988383,-0.00022329321249169872,0.0025241566517617484
6,10,-0.4861849601988383,-0.0002729661775998638,0.0024974216749173465
6,11,-0.4861849601988383,-0.00032670208851242623,0.002465119219103768
6,12,-0.4861849601988383,-0.00038416964546960627,0.0024269216922100556
6,13,-0.4861849601988383,-0.000445014541872861,0.0023825734435363424
6,14,-0.4861849601988383,-0.0005088616487028833,0.0023318942807987334
6,15,-0.4861849601988383,-0.0005753173273147484,0.002274782064893464
6,16,-0.4861849601988383,-0.0006439718563510588,0.002211214432043232
6,17,-0.4861849601988383,-0.0007144019578103576,0.002141249691381282
6,18,-0.4861849601988383,-0.0007861734066967634,0.002065026946320408
6,19,-0.4861849601988383,-0.0008588437081614626,0.001982765490027539
6,20,-0.4861849601988383,-0.000931964825630598,0.0018947635289718668
6,21,-0.4861849601988383,-0.0010050859430997335,0.001801396293963628
6,22,-0.4861849601988383,-0.0010777562445644328,0.0017031136056341286
6,23,-0.4861849601988383,-0.0011495276934508384,0.0016004369714241202
6,24,-0.4861849601988383,-0.0012199577949101375,0.0014939563046732266
6,25,-0.4861849601988383,-0.0012886123239464478,0.0013843263746806732
6,26,-0.4861849601988383,-0.001355068002558313,0.0012722631218178748
6,27,-0.4861849601988383,-0.0014189151093883352,0.0011585400074958837
6,28,-0.4861849601988383,-0.0014797600057915898,0.0010439846210123825
6,29,-0.4861849601988383,-0.0015372275627487698,0.0009294758443049401
6,30,-0.4861849601988383,-0.0015909634736613323,0.0008159419996667052
6,31,-0.4861849601988383,-0.0016406364387694975,0.0007043606082495887
6,32,-0.4861849601988383,-0.0016859402077254366,0.0005957607340424866
6,33,-0.4861849601988383,-0.0017265954677285042,0.0004912295132109725
6,34,-0.4861849601988383,-0.0017623515655815357,0.00039192566807892275
6,35,-0.4861849601988383,-0.001792988053051158,0.00029910529027835184
6,36,-0.4861849601988383,-0.0018183160460044552,0.00021417086356605814
6,37,-0.4861849601988383,-0.0018381793889424573,0.00013876937167215934
6,38,-0.4861849601988383,-0.0018524556177507206,7.501265783924624e-05
6,39,-0.4861849601988383,-0.0018610567147313137,2.610228219085148e-05
6,40,-0.4861849601988383,-0.0018639296512611963,0.0
7,0,-0.48122761822682364,-0.0,0.003772977802183524
7,1,-0.48122761822682364,-3.999813789239187e-06,0.0037728696170159907
7,2,-0.48122761822682364,-1.597459497487291e-05,0.0037720239667681844
7,3,-0.48122761822682364,-3.58505150488732e-05,0.003769578900250049
7,4,-0.48122761822682364,-6.35050323545694e-05,0.00376462677824739
7,5,-0.48122761822682364,-9.876764759671184e-05,0.003756252021476476
7,6,-0.48122761822682364,-0.0001414209550263232,0.0037435557033023226
7,7,-0.48122761822682364,-0.00019120198281943597,0.0037256748517568877
7,8,-0.48122761822682364,-0.00024780381438583416,0.0037017985280685837
7,9,-0.48122761822682364,-0.0003108774806118918,0.003671181493311737
7,10,-0.48122761822682364,-0.0003800341113712028,0.0036331558595089413
7,11,-0.48122761822682364,-0.0004548473330382229,0.0035871409547783436
7,12,-0.48122761822682364,-0.0005348558972234539,0.0035326515562162774
7,13,-0.48122761822682364,-0.0006195665245231467,0.0034693046061093783
7,14,-0.48122761822682364,-0.0007084569457508566,0.003396824506366451
7,15,-0.48122761822682364,-0.0008009791219006501,0.003315047074231755
7,16,-0.48122761822682364,-0.0008965626229898182,0.003223922235669294
7,17,-0.48122761822682364,-0.0009946181449494065,0.003123515529640621
7,18,-0.48122761822682364,-0.0010945411428797645,0.003014008496120304
7,19,-0.48122761822682364,-0.0011957155582708828,0.0028956980228411486
7,20,-0.48122761822682364,-0.0012975176172079679,0.0027689947304323586
7,21,-0.48122761822682364,-0.0013993196761450531,0.002634420483009425
7,22,-0.48122761822682364,-0.0015004940915361714,0.0024926051218270326
7,23,-0.48122761822682364,-0.0016004170894665295,0.0023442825340702876
7,24,-0.48122761822682364,-0.001698472611426118,0.002190286188479618
7,25,-0.48122761822682364,-0.0017940561125152858,0.002031544296300021
7,26,-0.48122761822682364,-0.0018865782886650796,0.001869074793293635
7,27,-0.48122761822682364,-0.0019754687098927893,0.001703980391636903
7,28,-0.48122761822682364,-0.002060179337192482,0.0015374440284463841
7,29,-0.48122761822682364,-0.002140187901377713,0.0013707251559196697
7,30,-0.48122761822682364,-0.002215001123044733,0.0012051575041411775
7,31,-0.48122761822682364,-0.002284157753804044,0.0010421492523553621
7,32,-0.48122761822682364,-0.0023472314200301022,0.0008831870666946147
7,33,-0.48122761822682364,-0.0024038332515965,0.0007298464050855151
7,34,-0.48122761822682364,-0.002453614279389613,0.0005838123017307673
7,35,-0.48122761822682364,-0.0024962675868192242,0.0004469186047134136
7,36,-0.48122761822682364,-0.002531530202061367,0.0003212222645608682
7,37,-0.48122761822682364,-0.002559184719367063,0.00020915189397333658
7,38,-0.48122761822682364,-0.0025790606394410632,0.0001138420335626282
7,39,-0.48122761822682364,-0.0025910354206266973,4.008517941324558e-05
7,40,-0.48122761822682364,-0.002595035234415936,0.0
8,0,-0.47552825814757677,-0.0,0.005211904389961443
8,1,-0.47552825814757677,-5.323948511923497e-06,0.005211766004589784
8,2,-0.47552825814757677,-2.1262970134725284e-05,0.0052106676208348674
8,3,-0.47552825814757677,-4.771879549983862e-05,0.005207462233210145
8,4,-0.47552825814757677,-8.452831564643252e-05,0.005200928775800224
8,5,-0.47552825814757677,-0.0001314645876423958,0.005189826532908353
8,6,-0.47552825814757677,-0.00018823823376297908,0.005172930328419803
8,7,-0.47552825814757677,-0.0002544992256006959,0.005149058016440037
8,8,-0.47552825814757677,-0.00032983904210685117,0.00511709332425736
8,9,-0.47552825814757677,-0.00041379318825965307,0.005076005249321167
8,10,-0.47552825814757677,-0.0005058440588304828,0.005024864598131799
8,11,-0.47552825814757677,-0.000605424129592251,0.00496285800813208
8,12,-0.47552825814757677,-0.0007119194562949773,0.004889299681274988
8,13,-0.47552825814757677,-0.0008246734598362496,0.004803641001394388
8,14,-0.47552825814757677,-0.0009429909742897253,0.004705478176523272
8,15,-0.47552825814757677,-0.0010661425328342324,0.004594558029234442
8,16,-0.47552825814757677,-0.0011933688651592955,0.004470782047413006
8,17,-0.47552825814757677,-0.0013238855786190814,0.004334208802183728
8,18,-0.47552825814757677,-0.0014568879942738998,0.0041850548379780885
8,19,-0.47552825814757677,-0.001591556108003447,0.004023694141576693
8,20,-0.47552825814757677,-0.0017270596461048883,0.003850656302419777
8,21,-0.47552825814757677,-0.0018625631842063297,0.003666623485851204
8,22,-0.47552825814757677,-0.001997231297935877,0.00347242635488482
8,23,-0.47552825814757677,-0.0021302337135906953,0.0032690390956481973
8,24,-0.47552825814757677,-0.0022607504270504815,0.003057573728656256
8,25,-0.47552825814757677,-0.002387976759375544,0.0028392739253905604
8,26,-0.47552825814757677,-0.0025111283179200515,0.002615508602004341
8,27,-0.47552825814757677,-0.002629445832373527,0.0023877656370489423
8,28,-0.47552825814757677,-0.0027421998359147995,0.002157646170839271
8,29,-0.47552825814757677,-0.002848695162617526,0.0019268601126638146
8,30,-0.47552825814757677,-0.002948275233379294,0.0016972237480246991
8,31,-0.47552825814757677,-0.003040326103950124,0.0014706607746766708
8,32,-0.47552825814757677,-0.003124280250102926,0.001249208845753929
8,33,-0.47552825814757677,-0.003199620066609081,0.001035035054021123
8,34,-0.47552825814757677,-0.0032658810584467977,0.0008304664019425638
8,35,-0.47552825814757677,-0.0033226547045673814,0.0006380467344682694
8,36,-0.47552825814757677,-0.003369590976563345,0.0004606441003041292
8,37,-0.47552825814757677,-0.0034064004967099383,0.0003016653711121786
8,38,-0.47552825814757677,-0.0034328563220750517,0.00016554027907317873
8,39,-0.47552825814757677,-0.0034487953436978538,5.910737998628503e-05
8,40,-0.47552825814757677,-0.003454119292209777,0.0
9,0,-0.4690956679612421,-0.0,0.006924842877150884
9,1,-0.4690956679612421,-6.846379323652073e-06,0.006924675599062272
9,2,-0.4690956679612421,-2.7343307089425617e-05,0.006923322439728692
9,3,-0.4690956679612421,-6.136441292172499e-05,0.006919327778476863
9,4,-0.4690956679612421,-0.00010869994538992782,0.006911120932979152
9,5,-0.4690956679612421,-0.000169058065195706,0.006897091567546878
9,6,-0.4690956679612421,-0.00024206664445934527,0.0068756382214578814
9,7,-0.4690956679612421,-0.00032727556101186926,0.006845206092171142
9,8,-0.4690956679612421,-0.0004241594735478916,0.006804318381063364
9,9,-0.4690956679612421,-0.0005321210605294575,0.006751602902908343
9,10,-0.4690956679612421,-0.0006504947028719547,0.006685814792159719
9,11,-0.4690956679612421,-0.0007785505877071115,0.006605855789891472
9,12,-0.4690956679612421,-0.0009154992079220161,0.006510790436471447
9,13,-0.4690956679612421,-0.0010604962297330062,0.0063998594152738664
9,14,-0.4690956679612421,-0.0012126476982842148,0.0062724902488536525
9,15,-0.4690956679612421,-0.0013710155491765258,0.006128305522999385
9,16,-0.4690956679612421,-0.001534623391946534,0.0059671287981495355
9,17,-0.4690956679612421,-0.0017024625298384334,0.00578898835840905
9,18,-0.4690956679612421,-0.0018734981787549441,0.005594118944443981
9,19,-0.4690956679612421,-0.002046675847045371,0.005382961617414049
9,20,-0.4690956679612421,-0.0022209278367972844,0.005156161906902372
9,21,-0.4690956679612421,-0.0023951798265491983,0.004914566406988321
9,22,-0.4690956679612421,-0.002568357494839625,0.004659218002092928
9,23,-0.4690956679612421,-0.0027393931437561356,0.0043913499295342
9,24,-0.4690956679612421,-0.0029072322816480357,0.0041123789213409504
9,25,-0.4690956679612421,-0.003070840124418043,0.0038238977177843603
9,26,-0.4690956679612421,-0.0032292079753103546,0.003527667315771617
9,27,-0.4690956679612421,-0.003381359443861563,0.003225609417341538
9,28,-0.4690956679612421,-0.003526356465672553,0.002919799694838773
9,29,-0.4690956679612421,-0.0036633050858874577,0.0026124627206357
9,30,-0.4690956679612421,-0.003791360970722615,0.0023059697752342502
9,31,-0.4690956679612421,-0.0039097346130651115,0.002002841349721979
9,32,-0.4690956679612421,-0.004017696200046678,0.0017057571945739954
9,33,-0.4690956679612421,-0.0041145801125827,0.001417578644860731
9,34,-0.4690956679612421,-0.004199789029135224,0.001141391576813805
9,35,-0.4690956679612421,-0.0042727976083988635,0.0008805859130141553
9,36,-0.4690956679612421,-0.004333155728204642,0.0006390050322745268
9,37,-0.4690956679612421,-0.004380491260672845,0.0004212444970517301
9,38,-0.4690956679612421,-0.004414512366505144,0.00023332781295026933
9,39,-0.4690956679612421,-0.004435009294270918,8.465354925052331e-05
9,40,-0.4690956679612421,-0.00444185567359457,0.0
10,0,-0.46193976625564337,-0.0,0.00892134457237329
10,1,-0.46193976625564337,-8.566877484574391e-06,0.008921152175487205
10,2,-0.46193976625564337,-3.4214692289829055e-05,0.008919559684769672
10,3,-0.46193976625564337,-7.678531710872631e-05,0.008914792464732693
10,4,-0.46193976625564337,-0.00013601628988308773,0.008904904214415121
10,5,-0.46193976625564337,-0.00021154243196946245,0.008887877841002933
10,6,-0.46193976625564337,-0.00030289809958689717,0.008861690288872457
10,7,-0.46193976625564337,-0.0004095200546656883,0.008824362949528103
10,8,-0.46193976625564337,-0.0005307509373973772,0.008774003477623013
10,9,-0.46193976625564337,-0.0006658433190765638,0.008708841317880764
10,10,-0.46193976625564337,-0.0008139643102474199,0.008627258071127814
10,11,-0.46193976625564337,-0.00097420069574415,0.008527813355000023
10,12,-0.46193976625564337,-0.0011455645649661613,0.008409266601085204
10,13,-0.46193976625564337,-0.001326999402675431,0.008270595123518477
10,14,-0.46193976625564337,-0.0015173866027642757,0.008111008735417648
10,15,-0.46193976625564337,-0.0017155523648339792,0.007929961154431729
10,16,-0.46193976625564337,-0.001920274931064579,0.00772715841649709
10,17,-0.46193976625564337,-0.0021302921187581017,0.007502564503150741
10,18,-0.46193976625564337,-0.0023443091021146155,0.00725640438067281
10,19,-0.46193976625564337,-0.0025610063952638583,0.00698916464844148
10,20,-0.46193976625564337,-0.002779047987334403,0.006701591999393148
10,21,-0.46193976625564337,-0.0029970895794049477,0.006394689708105311
10,22,-0.46193976625564337,-0.0032137868725541905,0.006069712383039843
10,23,-0.46193976625564337,-0.0034278038559107044,0.005728159250984132
10,24,-0.46193976625564337,-0.0036378210436042277,0.005371766287042398
10,25,-0.46193976625564337,-0.0038425436098348266,0.005002497568006655
10,26,-0.46193976625564337,-0.004040709371904531,0.00462253631922575
10,27,-0.46193976625564337,-0.004231096571993376,0.0042342762594003314
10,28,-0.46193976625564337,-0.004412531409702644,0.0038403140479041768
10,29,-0.46193976625564337,-0.004583895278924656,0.00344344394639425
10,30,-0.46193976625564337,-0.004744131664421386,0.0030466562940032306
10,31,-0.46193976625564337,-0.0048922526555922425,0.0026531421996917885
10,32,-0.46193976625564337,-0.005027345037271429,0.002266308242521775
10,33,-0.46193976625564337,-0.005148575920003118,0.0018898074914192474
10,34,-0.46193976625564337,-0.005255197875081909,0.0015275980341990369
10,35,-0.46193976625564337,-0.005346553542699344,0.001184050412488214
10,36,-0.46193976625564337,-0.005422079684785719,0.000864148976553861
10,37,-0.46193976625564337,-0.00548131065756008,0.0005738948044595976
10,38,-0.46193976625564337,-0.005523881282378977,0.0003212205498899216
10,39,-0.46193976625564337,-0.005549529097184232,0.00011864558241550737
10,40,-0.46193976625564337,-0.0055580959746688065,0.0
11,0,-0.4540715869125406,-0.0,0.011208588435573827
11,1,-0.4540715869125406,-1.0483922008027124e-05,0.011208376882965953
11,2,-0.4540715869125406,-4.1871051166670855e-05,0.011206577646165403
11,3,-0.4540715869125406,-9.396787538738932e-05,0.011201101807817962
11,4,-0.4540715869125406,-0.00016645320042490893,0.011189614129842184
11,5,-0.4540715869125406,-0.0002588801301465572,0.01116966347924092
11,6,-0.4540715869125406,-0.00037067882179552696,0.011138766925196133
11,7,-0.4540715869125406,-0.0005011599992609651,0.011094475235101441
11,8,-0.4540715869125406,-0.000649519202694403,0.011034427307895429
11,9,-0.4540715869125406,-0.0008148417482722317,0.010956396528461369
11,10,-0.4540715869125406,-0.0009961083675256385,0.010858330500079035
11,11,-0.4540715869125406,-0.0011922014914696594,0.010738385000936029
11,12,-0.4540715869125406,-0.0014019121407875983,0.010594952737116931
11,13,-0.4540715869125406,-0.0016239473795905425,0.010426687329749667
11,14,-0.4540715869125406,-0.0018569382867970631,0.010232522900723623
11,15,-0.4540715869125406,-0.002099448395986893,0.010011689577356922
11,16,-0.4540715869125406,-0.0023499825516940824,0.009763725207866272
11,17,-0.4540715869125406,-0.0026069961275376353,0.009488483560822875
11,18,-0.4540715869125406,-0.0028689045493567903,0.009186139270913357
11,19,-0.4540715869125406,-0.0031340930646376434,0.0088571897898873
11,20,-0.4540715869125406,-0.0034009266979993587,0.008502454606046313
11,21,-0.4540715869125406,-0.003667760331361074,0.008123072009113183
11,22,-0.4540715869125406,-0.003932948846641927,0.007720493701598991
11,23,-0.4540715869125406,-0.004194857268461082,0.007296477595649642
11,24,-0.4540715869125406,-0.004451870844304636,0.006853079190179177
11,25,-0.4540715869125406,-0.0047024050000118245,0.006392642003847549
11,26,-0.4540715869125406,-0.004944915109201655,0.005917787656346773
11,27,-0.4540715869125406,-0.0051779060164081755,0.005431406361966969
11,28,-0.4540715869125406,-0.005399941255211119,0.004936648856503496
11,29,-0.4540715869125406,-0.005609651904529058,0.0044369211747554834
11,30,-0.4540715869125406,-0.005805745028473079,0.003935884326812541
11,31,-0.4540715869125406,-0.005987011647726487,0.003437461965173374
11,32,-0.4540715869125406,-0.006152334193304315,0.0029458609398955323
11,33,-0.4540715869125406,-0.0063006933967377525,0.002465612928136125
11,34,-0.4540715869125406,-0.006431174574203191,0.0020016517079002208
11,35,-0.4540715869125406,-0.006542973265852161,0.001559454045368411
11,36,-0.4540715869125406,-0.006635400195573809,0.0011453032862992745
11,37,-0.4540715869125406,-0.006707885520611329,0.000766817643909456
11,38,-0.4540715869125406,-0.006759982344832048,0.00043415504891753553
11,39,-0.4540715869125406,-0.0067913694739906915,0.00016353853166643347
11,40,-0.4540715869125406,-0.006801853395998718,0.0
12,0,-0.44550326209418395,-0.0,0.013791318250176666
12,1,-0.44550326209418395,-1.2594646411289774e-05,0.013791095109355871
12,2,-0.44550326209418395,-5.0300935461888185e-05,0.013789136533069958
12,3,-0.44550326209418395,-0.00011288639534118571,0.013783060142130411
12,4,-0.44550326209418395,-0.0001999651658772482,0.013770143141733972
12,5,-0.44550326209418395,-0.0003110003774930915,0.013747485306914869
12,6,-0.44550326209418395,-0.0004453074611861493,0.013712114992566275
12,7,-0.44550326209418395,-0.0006020583691238167,0.013661072118761258
12,8,-0.44550326209418395,-0.000780286679833692,0.013591477445250166
12,9,-0.44550326209418395,-0.0009788935565133209,0.013500591813690878
12,10,-0.44550326209418395,-0.0011966545217244847,0.013385867143285128
12,11,-0.44550326209418395,-0.0014322270067037887,0.013244990213687469
12,12,-0.44550326209418395,-0.001684158628745534,0.013075919938333581
12,13,-0.44550326209418395,-0.0019508961456240683,0.012876918672613506
12,14,-0.44550326209418395,-0.00223079503184861,0.012646578017100231
12,15,-0.44550326209418395,-0.00252212961770976,0.012383839525806663
12,16,-0.44550326209418395,-0.0028231037286071048,0.012088010696220569
12,17,-0.44550326209418395,-0.003131861759062913,0.01175877659497311
12,18,-0.44550326209418395,-0.0034465001131469613,0.011396207458331642
12,19,-0.44550326209418395,-0.003765078940778452,0.01100076260024399
12,20,-0.44550326209418395,-0.004085634097546825,0.010573290963393643
12,21,-0.44550326209418395,-0.0044061892543152,0.010115028662343983
12,22,-0.44550326209418395,-0.00472476808194669,0.009627593894834014
12,23,-0.44550326209418395,-0.005039406436030738,0.00911297964131324
12,24,-0.44550326209418395,-0.005348164466486547,0.008573544639493495
12,25,-0.44550326209418395,-0.00564913857738389,0.0080120032188918
12,26,-0.44550326209418395,-0.0059404731632450416,0.00743141472424493
12,27,-0.44550326209418395,-0.006220372049469583,0.0068351734696015755
12,28,-0.44550326209418395,-0.006487109566348117,0.006227000486022662
12,29,-0.44550326209418395,-0.006739041188389862,0.005610938822929657
12,30,-0.44550326209418395,-0.006974613673369167,0.004991354957627075
12,31,-0.44550326209418395,-0.007192374638580331,0.00437295018594389
12,32,-0.44550326209418395,-0.00739098151525996,0.003760788153438023
12,33,-0.44550326209418395,-0.0075692098259698345,0.0031603488649078163
12,34,-0.44550326209418395,-0.007725960733907502,0.0025776276443212616
12,35,-0.44550326209418395,-0.00786026781760056,0.0020193146519369826
12,36,-0.44550326209418395,-0.007971303029216404,0.0014931305230075616
12,37,-0.44550326209418395,-0.008058381799752466,0.0010085006530132867
12,38,-0.44550326209418395,-0.008120967259631764,0.0005781010071296719
12,39,-0.44550326209418395,-0.008158673548682363,0.00022242204233673455
12,40,-0.44550326209418395,-0.008171268195093652,0.0
13,0,-0.4362480035363986,-0.0,0.016671739768178706
13,1,-0.4362480035363986,-1.4894768534164409e-05,0.01667151340494231
13,2,-0.4362480035363986,-5.9487242935630917e-05,0.01666945365183874
13,3,-0.4362480035363986,-0.00013350249577121303,0.016662921274717735
13,4,-0.4362480035363986,-0.00023648419839460914,0.01664882327808357
13,5,-0.4362480035363986,-0.0003677974343642552,0.016623809565512123
13,6,-0.4362480035363986,-0.0005266326139143163,0.016584402753593897
13,7,-0.4362480035363986,-0.0007120104653448095,0.016527100731492668
13,8,-0.4362480035363986,-0.0009227880725572752,0.016448462912748433
13,9,-0.4362480035363986,-0.0011576659215125813,0.016345184474522812
13,10,-0.4362480035363986,-0.0014151959121671072,0.01621416064442308
13,11,-0.4362480035363986,-0.001693790286491057,0.016052542219007836
13,12,-0.4362480035363986,-0.0019917314175246924,0.01585778312420323
13,13,-0.4362480035363986,-0.002307182399119711,0.015627680656831552
13,14,-0.4362480035363986,-0.002638198371076484,0.015360408960495233
13,15,-0.4362480035363986,-0.0029827385098539173,0.01505454623937392
13,16,-0.4362480035363986,-0.003338678610925226,0.014709096180104287
13,17,-0.4362480035363986,-0.00370382418520521,0.01432350402748337
13,18,-0.4362480035363986,-0.00407592398880521,0.013897667742535778
13,19,-0.4362480035363986,-0.004452683902700289,0.013431944662245498
13,20,-0.4362480035363986,-0.004831781076735901,0.012927154080845289
13,21,-0.4362480035363986,-0.005210878250771513,0.012384576185572758
13,22,-0.4362480035363986,-0.005587638164666593,0.011805947808676864
13,23,-0.4362480035363986,-0.0059597379682665924,0.011193455506979234
13,24,-0.4362480035363986,-0.006324883542546578,0.010549726557549061
13,25,-0.4362480035363986,-0.006680823643617885,0.009877818574005348
13,26,-0.4362480035363986,-0.007025363782395319,0.009181208620123282
13,27,-0.4362480035363986,-0.007356379754352092,0.008463782954476648
13,28,-0.4362480035363986,-0.00767183073594711,0.007729828930037009
13,29,-0.4362480035363986,-0.007969771866980745,0.006984031179562652
13,30,-0.4362480035363986,-0.008248366241304695,0.006231475191240075
13,31,-0.4362480035363986,-0.008505896231959222,0.00547766299996618
13,32,-0.4362480035363986,-0.008740774080914528,0.004728548539334829
13,33,-0.4362480035363986,-0.008951551688126993,0.00399060536793037
13,34,-0.4362480035363986,-0.009136929539557487,0.0032709495791910224
13,35,-0.4362480035363986,-0.009295764719107548,0.0025775620494962724
13,36,-0.4362480035363986,-0.009427077955077195,0.0019197041713727762
13,37,-0.4362480035363986,-0.00953005965770059,0.0013087557364135601
13,38,-0.4362480035363986,-0.009604074910536173,0.0007601471624370384
13,39,-0.4362480035363986,-0.00964866738493764,0.00029912045037324623
13,40,-0.4362480035363986,-0.009663562153471804,0.0
14,0,-0.42632008217704614,-0.0,0.019849392448388865
14,1,-0.42632008217704614,-1.737851196161004e-05,0.01984917113211516
14,2,-0.42632008217704614,-6.940690354125465e-05,0.01984707384362033
14,3,-0.42632008217704614,-0.00015576440240365068,0.019840255206323563
14,4,-0.42632008217704614,-0.0002759185858515277,0.01982528564311996
14,5,-0.42632008217704614,-0.0004291286633886095,0.01979838013387669
14,6,-0.42632008217704614,-0.0006144500439393592,0.019755552473861376
14,7,-0.42632008217704614,-0.0008307401595670691,0.019692738841988775
14,8,-0.42632008217704614,-0.0010766655097851328,0.019605902851099474
14,9,-0.42632008217704614,-0.001350709883030978,0.0194911267884457
14,10,-0.42632008217704614,-0.0016511837046145421,0.01934469125233568
14,11,-0.42632008217704614,-0.0019762344535080786,0.0191631444319046
14,12,-0.42632008217704614,-0.002323858083754316,0.01894336188867553
14,13,-0.42632008217704614,-0.002691911380076198,0.018682597537086763
14,14,-0.42632008217704614,-0.0030781251715117602,0.018378526450201937
14,15,-0.42632008217704614,-0.0034801183216076853,0.018029280080134335
14,16,-0.42632008217704614,-0.003895412408917343,0.01763347445795135
14,17,-0.42632008217704614,-0.004321447007293172,0.01719023191762523
14,18,-0.42632008217704614,-0.004755595471765307,0.016699196872232713
14,19,-0.42632008217704614,-0.00519518113268126,0.01616054616016996
14,20,-0.42632008217704614,-0.00563749379826442,0.01557499447791029
14,21,-0.42632008217704614,-0.006079806463847581,0.01494379542772576
14,22,-0.42632008217704614,-0.006519392124763534,0.014268738738561344
14,23,-0.42632008217704614,-0.006953540589235668,0.013552144272074657
14,24,-0.42632008217704614,-0.007379575187611499,0.012796853512513542
14,25,-0.42632008217704614,-0.0077948692749211556,0.012006219371894843
14,26,-0.42632008217704614,-0.008196862425017081,0.011184095341901658
14,27,-0.42632008217704614,-0.008583076216452644,0.010334825325390543
14,28,-0.42632008217704614,-0.008951129512774525,0.009463235941182674
14,29,-0.42632008217704614,-0.009298753143020762,0.008574633816175993
14,30,-0.42632008217704614,-0.0096238038919143,0.007674811539059394
14,31,-0.42632008217704614,-0.009924277713497864,0.006770067888109126
14,32,-0.42632008217704614,-0.010198322086743709,0.005867251327938934
14,33,-0.42632008217704614,-0.010444247436961773,0.004973841990264099
14,34,-0.42632008217704614,-0.010660537552589482,0.0040980995461251425
14,35,-0.42632008217704614,-0.010845858933140233,0.0032493302567175282
14,36,-0.42632008217704614,-0.010999069010677315,0.002438387377465051
14,37,-0.42632008217704614,-0.011119223194125191,0.0016786838197540145
14,38,-0.42632008217704614,-0.011205580692987587,0.0009885428934409011
14,39,-0.42632008217704614,-0.011257609084567233,0.000398281138375738
14,40,-0.42632008217704614,-0.011274987596528842,0.0
15,0,-0.4157348061512726,-0.0,0.023321007904240125
15,1,-0.4157348061512726,-2.0038526059974658e-05,0.023320798974617248
15,2,-0.4157348061512726,-8.00305600632522e-05,0.023318727528952303
15,3,-0.4157348061512726,-0.0001796062311708281,0.02331180384218716
15,4,-0.4157348061512726,-0.0003181516222580519,0.023296310741889793
15,5,-0.4157348061512726,-0.0004948125549178537,0.023268059567930755
15,6,-0.4157348061512726,-0.0007084998557546644,0.023222567770965583
15,7,-0.4157348061512726,-0.0009578960715005873,0.023155203899844264
15,8,-0.4157348061512726,-0.0012414635915528915,0.023061312677209206
15,9,-0.4157348061512726,-0.0015574541278546852,0.02293632493566974
15,10,-0.4157348061512726,-0.001903919493672151,0.02277585454787671
15,11,-0.4157348061512726,-0.0022787236148136,0.022575783510228983
15,12,-0.4157348061512726,-0.002679555699237177,0.02233233598246292
15,13,-0.4157348061512726,-0.0031039444838522165,0.022042141967102427
15,14,-0.4157348061512726,-0.0035492734706779757,0.02170229128270019
15,15,-0.4157348061512726,-0.004012797058423759,0.021310378480830276
15,16,-0.4157348061512726,-0.004491657470033879,0.02086453935512635
15,17,-0.4157348061512726,-0.004982902371833513,0.020363479684764905
15,18,-0.4157348061512726,-0.005483503075647561,0.019806496845761017
15,19,-0.4157348061512726,-0.005990373211670383,0.019193494915499282
15,20,-0.4157348061512726,-0.006500387756961974,0.01852499389442948
15,21,-0.4157348061512726,-0.007010402302253565,0.017802133679678946
15,22,-0.4157348061512726,-0.007517272438276387,0.017026673454986686
15,23,-0.4157348061512726,-0.008017873142090435,0.016200987217768845
15,24,-0.4157348061512726,-0.00850911804389007,0.01532805625798719
15,25,-0.4157348061512726,-0.008987978455500189,0.014411459550572166
15,26,-0.4157348061512726,-0.009451502043245973,0.013455363248052672
15,27,-0.4157348061512726,-0.009896831030071732,0.012464510802764481
15,28,-0.4157348061512726,-0.01032121981468677,0.011444215775777969
15,29,-0.4157348061512726,-0.010722051899110348,0.01040036021929754
15,30,-0.4157348061512726,-0.011096856020251797,0.009339402861173804
15,31,-0.4157348061512726,-0.011443321386069263,0.00826840356988543
15,32,-0.4157348061512726,-0.011759311922371058,0.007195074517551101
15,33,-0.4157348061512726,-0.012042879442423361,0.006127875727280226
15,34,-0.4157348061512726,-0.012292275658169285,0.0050761869907813804
15,35,-0.4157348061512726,-0.012505962959006096,0.004050618618449143
15,36,-0.4157348061512726,-0.012682623891665898,0.003063595524673705
15,37,-0.4157348061512726,-0.012821169282753122,0.002130545160977268
15,38,-0.4157348061512726,-0.012920744953860697,0.0012726752755459127
15,39,-0.4157348061512726,-0.012980736987863976,0.000525437184353566
15,40,-0.4157348061512726,-0.01300077551392395,0.0
16,0,-0.4045084971874737,-0.0,0.027080365860948117
16,1,-0.4045084971874737,-2.2865810777389117e-05,0.02708017508812547
16,2,-0.4045084971874737,-9.13222677824595e-05,0.027078187210281147
16,3,-0.4045084971874737,-0.00020494731419369453,0.027071336894012053
16,4,-0.4045084971874737,-0.00036304041381580505,0.02705568156443367
16,5,-0.4045084971874737,-0.000564626870118331,0.02702667608188687
16,6,-0.4045084971874737,-0.0008084638355638682,0.0269793704283475
16,7,-0.4045084971874737,-0.0010930479741764261,0.026908575133829115
16,8,-0.4045084971874737,-0.0014166247301076297,0.02680900670298358
16,9,-0.4045084971874737,-0.0017771991450569724,0.026675417386639155
16,10,-0.4045084971874737,-0.0021725481578531306,0.026502711046035608
16,11,-0.4045084971874737,-0.00260023431036533,0.026286045961822678
16,12,-0.4045084971874737,-0.003057620775243254,0.02602092517383647
16,13,-0.4045084971874737,-0.003541887612834497,0.02570327490803015
16,14,-0.4045084971874737,-0.004050049157050245,0.02532951169353293
16,15,-0.4045084971874737,-0.004578972422989546,0.02489659882961175
16,16,-0.4045084971874737,-0.0051253964228330515,0.02440209290515633
16,17,-0.4045084971874737,-0.005685952270917306,0.023844181097351983
16,18,-0.4045084971874737,-0.006257183954035137,0.02322170998523885
16,19,-0.4045084971874737,-0.006835569638906312,0.022534206615129223
16,20,-0.4045084971874737,-0.007417543385450843,0.021781892556667227
16,21,-0.4045084971874737,-0.007999517131995374,0.020965691699188712
16,22,-0.4045084971874737,-0.008577902816866548,0.020087232566847427
16,23,-0.4045084971874737,-0.00914913449998438,0.01914884598779242
16,24,-0.4045084971874737,-0.009709690348068635,0.018153559050378926
16,25,-0.4045084971874737,-0.010256114347912139,0.017105086436236122
16,26,-0.4045084971874737,-0.010785037613851441,0.016007820463983125
16,27,-0.4045084971874737,-0.01129319915806719,0.014866821553629792
16,28,-0.4045084971874737,-0.011777465995658432,0.013687811405964482
16,29,-0.4045084971874737,-0.012234852460536355,0.012477172115199995
16,30,-0.4045084971874737,-0.012662538613048556,0.011241955934536259
16,31,-0.4045084971874737,-0.013057887625844714,0.009989912941045004
16,32,-0.4045084971874737,-0.013418462040794056,0.008729548286085005
16,33,-0.4045084971874737,-0.01374203879672526,0.007470228938721267
16,34,-0.4045084971874737,-0.014026622935337818,0.0062223760638016575
16,35,-0.4045084971874737,-0.014270459900783357,0.004997813920766195
16,36,-0.4045084971874737,-0.014472046357085882,0.0038104286970396008
16,37,-0.4045084971874737,-0.014630139456707993,0.002677516541353406
16,38,-0.4045084971874737,-0.014743764503119228,0.001622960913130686
16,39,-0.4045084971874737,-0.014812220960124299,0.0006870273894234563
16,40,-0.4045084971874737,-0.014835086770901687,0.0
17,0,-0.3926584654403725,-0.0,0.031118157695478744
17,1,-0.3926584654403725,-2.5849651818487636e-05,0.031117988917882006
17,2,-0.3926584654403725,-0.00010323923557460728,0.031116132363967985
17,3,-0.3926584654403725,-0.00023169161874985622,0.03110951795047078
17,4,-0.3926584654403725,-0.0004104148496872051,0.031094049750978053
17,5,-0.3926584654403725,-0.0006383070402364207,0.03106488752785271
17,6,-0.3926584654403725,-0.0009139631592609236,0.031016658893604943
17,7,-0.3926584654403725,-0.001235683695121967,0.030943642508334725
17,8,-0.3926584654403725,-0.0016014851337330335,0.03083993298607026
17,9,-0.3926584654403725,-0.002009112187583763,0.03069959082339269
17,10,-0.3926584654403725,-0.0024560517003374156,0.030516778316598388
17,11,-0.3926584654403725,-0.002939548141275396,0.030285881722843015
17,12,-0.3926584654403725,-0.003456620594060439,0.03000161981677859
17,13,-0.3926584654403725,-0.004004081135077086,0.0296591391076565
17,14,-0.3926584654403725,-0.004578554488040868,0.029254096149641078
17,15,-0.3926584654403725,-0.005176498833698986,0.02878272753210742
17,16,-0.3926584654403725,-0.005794227646323786,0.028241908253111448
17,17,-0.3926584654403725,-0.006427932422369762,0.02762919925540088
17,18,-0.3926584654403725,-0.00707370616116437,0.026942884947491374
17,19,-0.3926584654403725,-0.007727567452866379,0.02618200155359113
17,20,-0.3926584654403725,-0.008385485025181504,0.025346357147657917
17,21,-0.3926584654403725,-0.009043402597496631,0.024436544240631398
17,22,-0.3926584654403725,-0.009697263889198641,0.02345394581782192
17,23,-0.3926584654403725,-0.010343037627993249,0.022400735778270887
17,24,-0.3926584654403725,-0.010976742404039225,0.021279874824886566
17,25,-0.3926584654403725,-0.011594471216664024,0.020095103013988973
17,26,-0.3926584654403725,-0.012192415562322144,0.01885093042644339
17,27,-0.3926584654403725,-0.012766888915285924,0.01755262781905087
17,28,-0.3926584654403725,-0.013314349456302572,0.016206219736566337
17,29,-0.3926584654403725,-0.013831421909087614,0.01481848355465281
17,30,-0.3926584654403725,-0.014314918350025596,0.013396959540875254
17,31,-0.3926584654403725,-0.014761857862779247,0.011949979753012452
17,32,-0.3926584654403725,-0.015169484916629979,0.010486728412411026
17,33,-0.3926584654403725,-0.015535286355241044,0.009017355344859672
17,34,-0.3926584654403725,-0.015857006891102088,0.007553181831888565
17,35,-0.3926584654403725,-0.016132663010126592,0.0061070763670189035
17,36,-0.3926584654403725,-0.016360555200675808,0.004694168878881412
17,37,-0.3926584654403725,-0.016539278431613156,0.0033333226791819157
17,38,-0.3926584654403725,-0.016667730814788406,0.002050634295616382
17,39,-0.3926584654403725,-0.016745120398544526,0.0008903552281293634
17,40,-0.3926584654403725,-0.016770970050363012,0.0
18,0,-0.38020298280001547,-0.0,0.03542186716553384
18,1,-0.38020298280001547,-2.8977571394758932e-05,0.035421722226563125
18,2,-0.38020298280001547,-0.00011573162921536585,0.0354200320325919
18,3,-0.38020298280001547,-0.0002597273058467071,0.03541378975867386
18,4,-0.38020298280001547,-0.00046007682005892665,0.035398823754291577
18,5,-0.38020298280001547,-0.0007155449504739329,0.03537007144646185
18,6,-0.38020298280001547,-0.0010245566511159433,0.03532179806205071
18,7,-0.38020298280001547,-0.0013852067620936826,0.03524779308031564
18,8,-0.38020298280001547,-0.0017952717555446416,0.03514155231471132
18,9,-0.38020298280001547,-0.002252223444423747,0.03499644725361853
18,10,-0.38020298280001547,-0.0027532445696172025,0.034805881396995565
18,11,-0.38020298280001547,-0.0032952461692817617,0.03456343290490649
18,12,-0.38020298280001547,-0.0038748866233216696,0.03426298300300092
18,13,-0.38020298280001547,-0.00448859225558776,0.03389882990416668
18,14,-0.38020298280001547,-0.005132579366779281,0.03346578834454819
18,15,-0.38020298280001547,-0.0058028775622082935,0.03295927512676925
18,16,-0.38020298280001547,-0.006495354230603207,0.03237538128961044
18,17,-0.38020298280001547,-0.007205740023031507,0.03171093168093649
18,18,-0.38020298280001547,-0.007929655174855627,0.030963532810147503
18,19,-0.38020298280001547,-0.008662636508438357,0.030131609913424475
18,20,-0.38020298280001547,-0.009400164950117128,0.029214434196325755
18,21,-0.38020298280001547,-0.010137693391795901,0.028212141240233406
18,22,-0.38020298280001547,-0.01087067472537863,0.0271257415874628
18,23,-0.38020298280001547,-0.011594589877202752,0.025957124570425056
18,24,-0.38020298280001547,-0.012304975669631053,0.024709056540928205
18,25,-0.38020298280001547,-0.012997452338025964,0.023385174809398817
18,26,-0.38020298280001547,-0.013667750533454977,0.02198997885342318
18,27,-0.38020298280001547,-0.014311737644646499,0.020528820752086133
18,28,-0.38020298280001547,-0.014925443276912588,0.019007897432658346
18,29,-0.38020298280001547,-0.015505083730952496,0.017434248327741254
18,30,-0.38020298280001547,-0.016047085330617057,0.015815763702856166
18,31,-0.38020298280001547,-0.01654810645581051,0.014161211735644106
18,32,-0.38020298280001547,-0.017005058144689618,0.012480297422756704
18,33,-0.38020298280001547,-0.017415123138140576,0.010783775708022046
18,34,-0.38020298280001547,-0.017775773249118314,0.009083659767060333
18,35,-0.38020298280001547,-0.018084784949760326,0.007393605407397015
18,36,-0.38020298280001547,-0.018340253080175332,0.005729648553729964
18,37,-0.38020298280001547,-0.018540602594387553,0.004111738665629951
18,38,-0.38020298280001547,-0.018684598271018895,0.0025674201997149615
18,39,-0.38020298280001547,-0.018771352328839502,0.0011434689435495195
18,40,-0.38020298280001547,-0.01880032990023426,0.0
19,0,-0.3671612547178428,-0.0,0.03997567752765011
19,1,-0.3671612547178428,-3.223529936735295e-05,0.039975556472323766
19,2,-0.3671612547178428,-0.00012874245612948628,0.03997405394792439
19,3,-0.3671612547178428,-0.0002889264715730775,0.03996828702951513
19,4,-0.3671612547178428,-0.000511799757976324,0.03995408674675728
19,5,-0.3671612547178428,-0.0007959882274156623,0.0399262484890379
19,6,-0.3671612547178428,-0.0011397397634747427,0.03987874745109913
19,7,-0.3671612547178428,-0.0015409350236247766,0.03980494201105409
19,8,-0.3671612547178428,-0.001997100505675977,0.039697769125167794
19,9,-0.3671612547178428,-0.0025054237977410825,0.039549931074466846
19,10,-0.3671612547178428,-0.003062770917689863,0.03935407162213151
19,11,-0.3671612547178428,-0.003665705635191112,0.03910293959039744
19,12,-0.3671612547178428,-0.004310510657215293,0.03878953828523343
19,13,-0.3671612547178428,-0.0049932105463821996,0.03840725976343699
19,14,-0.3671612547178428,-0.005709596230854368,0.03795000349661309
19,15,-0.3671612547178428,-0.006455250954664613,0.03741227946865439
19,16,-0.3671612547178428,-0.007225577508485289,0.036789296121910973
19,17,-0.3671612547178428,-0.008015826572952514,0.036077033841964624
19,18,-0.3671612547178428,-0.008821125999799373,0.03527230485538146
19,19,-0.3671612547178428,-0.009636510850270119,0.034372800528970945
19,20,-0.3671612547178428,-0.010456954005618621,0.03337712712479033
19,21,-0.3671612547178428,-0.011277397160967125,0.03228483110381499
19,22,-0.3671612547178428,-0.01209278201143787,0.031096415103082267
19,23,-0.3671612547178428,-0.012898081438284728,0.029813345755797575
19,24,-0.3671612547178428,-0.013688330502751957,0.028438054601991714
19,25,-0.3671612547178428,-0.01445865705657263,0.026973933473511593
19,26,-0.3671612547178428,-0.015204311780382876,0.025425325965148668
19,27,-0.3671612547178428,-0.015920697464855044,0.02379751697487703
19,28,-0.3671612547178428,-0.01660339735402195,0.02209672289457874
19,29,-0.3671612547178428,-0.017248202376046132,0.020330086003721996
19,30,-0.3671612547178428,-0.01785113709354738,0.018505678225613355
19,31,-0.3671612547178428,-0.01840848421349616,0.01663252214874204
19,32,-0.3671612547178428,-0.018916807505561267,0.01472064209300235
19,33,-0.3671612547178428,-0.019372972987612466,0.012781167134370301
19,34,-0.3671612547178428,-0.019774168247762503,0.010826526249866632
19,35,-0.3671612547178428,-0.020117919783821582,0.008870815305863877
19,36,-0.3671612547178428,-0.02040210825326092,0.006930510984258265
19,37,-0.3671612547178428,-0.020624981539664168,0.005025972417462708
19,38,-0.3671612547178428,-0.02078516555510776,0.003185086744073425
19,39,-0.3671612547178428,-0.020881672711869893,0.001454948547152213
19,40,-0.3671612547178428,-0.020913908011237246,0.0
20,0,-0.3535533905932738,-0.0,0.04476041377404679
20,1,-0.3535533905932738,-3.5606769174630046e-05,0.04476031522468377
20,2,-0.3535533905932738,-0.00014220754912610525,0.04475900856288813
20,3,-0.3535533905932738,-0.0003191451105976708,0.04475378450004919
20,4,-0.3535533905932738,-0.0005653285746851418,0.04474055112625914
20,5,-0.3535533905932738,-0.0008792401384681111,0.044714045111126394
20,6,-0.3535533905932738,-0.0012589444327696687,0.04466803279373245
20,7,-0.3535533905932738,-0.0017021004543509557,0.04459551260351593
20,8,-0.3535533905932738,-0.002205975998974593,0.044488918375734786
20,9,-0.3535533905932738,-0.002767464506352353,0.0443403201367771
20,10,-0.3535533905932738,-0.0033831042131223757,0.04414161835558996
20,11,-0.3535533905932738,-0.0040490994957714495,0.04388472801230045
20,12,-0.3535533905932738,-0.004761344271916137,0.04356174957295237
20,13,-0.3535533905932738,-0.005515447315666082,0.043165124811836236
20,14,-0.3535533905932738,-0.006306759330991861,0.04268777624461241
20,15,-0.3535533905932738,-0.007130401616181042,0.04212322964998808
20,16,-0.3535533905932738,-0.00798129614265658,0.04146571973302864
20,17,-0.3535533905932738,-0.00885419686271161,0.04071027941585801
20,18,-0.3535533905932738,-0.009743722053138053,0.03985281354554861
20,19,-0.3535533905932738,-0.010644387495339781,0.03889015800761718
20,20,-0.3535533905932738,-0.011550640287363974,0.03782012535344139
20,21,-0.3535533905932738,-0.012456893079388166,0.03664153811788234
20,22,-0.3535533905932738,-0.013357558521589897,0.035354251044728384
20,23,-0.3535533905932738,-0.014247083712016337,0.03395916347600042
20,24,-0.3535533905932738,-0.015119984432071371,0.03245822322014364
20,25,-0.3535533905932738,-0.015970878958546906,0.030854423319562906
20,26,-0.3535533905932738,-0.01679452124373609,0.029151793322743223
20,27,-0.3535533905932738,-0.017585833259061868,0.027355386978082995
20,28,-0.3535533905932738,-0.01833993630281181,0.02547126878198814
20,29,-0.3535533905932738,-0.0190521810789565,0.023506502663773857
20,30,-0.3535533905932738,-0.019718176361605572,0.021469147511408288
20,31,-0.3535533905932738,-0.020333816068375598,0.01936826668516852
20,32,-0.3535533905932738,-0.020895304575753358,0.01721396303265907
20,33,-0.3535533905932738,-0.021399180120376993,0.015017459130773873
20,34,-0.3535533905932738,-0.021842336141958282,0.012791258954422263
20,35,-0.3535533905932738,-0.02222204043625984,0.010549463042401485
20,36,-0.3535533905932738,-0.02253595200004281,0.008308396131126302
20,37,-0.3535533905932738,-0.02278213546413028,0.006087949728913327
20,38,-0.3535533905932738,-0.022959073025601847,0.003914887410390773
20,39,-0.3535533905932738,-0.023065673805553324,0.0018335921213742598
20,40,-0.3535533905932738,-0.02310128057472795,0.0
21,0,-0.3394003727664709,-0.0,0.04975352810076655
21,1,-0.3394003727664709,-3.907414243282511e-05,0.04975344971469916
21,2,-0.3394003727664709,-0.00015605566464973,0.049752335849427995
21,3,-0.3394003727664709,-0.0003502233366659466,0.0497476874796831
21,4,-0.3394003727664709,-0.000620380050216189,0.049735555841295645
21,5,-0.3394003727664709,-0.0009648601993251974,0.049710700490225496
21,6,-0.3394003727664709,-0.001381539949322441,0.049666764626983856
21,7,-0.3394003727664709,-0.00186785033098911,0.04959646760571315
21,8,-0.3394003727664709,-0.002420793079107618,0.049491809453430964
21,9,-0.3394003727664709,-0.0030369591177636913,0.04934428099401692
21,10,-0.3394003727664709,-0.003712549578433014,0.04914507325979124
21,11,-0.3394003727664709,-0.004443399221268937,0.04888528060155731
21,12,-0.3394003727664709,-0.0052250021151912076,0.04855609294761129
21,13,-0.3394003727664709,-0.006052539418449457,0.04814897380510121
21,14,-0.3394003727664709,-0.006920909088385023,0.04765582170348365
21,15,-0.3394003727664709,-0.007824757337220533,0.04706911376246604
21,16,-0.3394003727664709,-0.008758511639941876,0.04638203088095595
21,17,-0.3394003727664709,-0.009716415090767956,0.045588564676839465
21,18,-0.3394003727664709,-0.010692561896389216,0.044683606770058976
21,19,-0.3394003727664709,-0.011680933787147244,0.04366302131722218
21,20,-0.3394003727664709,-0.012675437121668513,0.0425237019051096
21,21,-0.3394003727664709,-0.013669940456189782,0.04126361402476945
21,22,-0.3394003727664709,-0.01465831234694781,0.03988182440788582
21,23,-0.3394003727664709,-0.015634459152569072,0.03837851854089312
21,24,-0.3394003727664709,-0.016592362603395156,0.03675500770611716
21,25,-0.3394003727664709,-0.017526116906116496,0.035013726959352294
21,26,-0.3394003727664709,-0.018429965154952006,0.03315822556976649
21,27,-0.3394003727664709,-0.019298334824887572,0.031193151660903067
21,28,-0.3394003727664709,-0.02012587212814582,0.029124233161869812
21,29,-0.3394003727664709,-0.02090747502206809,0.026958257808021927
21,30,-0.3394003727664709,-0.021638324664904014,0.024703056004523362
21,31,-0.3394003727664709,-0.022313915125573337,0.022367492233466974
21,32,-0.3394003727664709,-0.022930081164229413,0.019961474047234574
21,33,-0.3394003727664709,-0.023483023912347918,0.017495994047440625
21,34,-0.3394003727664709,-0.02396933429401459,0.01498323305813067
21,35,-0.3394003727664709,-0.024386014044011833,0.012436780716596214
21,36,-0.3394003727664709,-0.02473049419312084,0.00987209790599884
21,37,-0.3394003727664709,-0.025000650906671085,0.007307537664569643
21,38,-0.3394003727664709,-0.0251948185786873,0.00476691335669377
21,39,-0.3394003727664709,-0.025311800100904207,0.0022880032347118956
21,40,-0.3394003727664709,-0.02535087424333703,0.0
22,0,-0.32472402416509183,-0.0,0.05492913590257461
22,1,-0.32472402416509183,-4.2617865492121604e-05,0.05492907482337449
22,2,-0.32472402416509183,-0.00017020870865584782,0.05492814203887171
22,3,-0.32472402416509183,-0.00038198588951481646,0.05492407156615767
22,4,-0.32472402416509183,-0.0006766437313259698,0.054913112286091366
22,5,-0.32472402416509183,-0.001052365570510868,0.05489012208121502
22,6,-0.32472402416509183,-0.0015068349569907454,0.054848706663280296
22,7,-0.32472402416509183,-0.0020372499358715483,0.054781392796208764
22,8,-0.32472402416509183,-0.0026403403224275986,0.05467982635443332
22,9,-0.32472402416509183,-0.0033123878638778724,0.05453498592553587
22,10,-0.32472402416509183,-0.0040492491636508424,0.05433740327093745
22,11,-0.32472402416509183,-0.004846381226802164,0.05407738295174963
22,12,-0.32472402416509183,-0.0056988694690891985,0.05374521469695058
22,13,-0.32472402416509183,-0.006601458017017139,0.05333137348817869
22,14,-0.32472402416509183,-0.007548582112046861,0.052826703721252956
22,15,-0.32472402416509183,-0.008534402419181786,0.05222258507355672
22,16,-0.32472402416509183,-0.00955284102840991,0.05151107879264571
22,17,-0.32472402416509183,-0.010597618927040132,0.05068505399560245
22,18,-0.32472402416509183,-0.011662294711903498,0.049738294230638996
22,19,-0.32472402416509183,-0.012740304302745696,0.04866558502203743
22,20,-0.32472402416509183,-0.013825001411964619,0.04746278342777328
22,21,-0.32472402416509183,-0.014909698521183542,0.046126870821564164
22,22,-0.32472402416509183,-0.01598770811202574,0.04465599020282739
22,23,-0.32472402416509183,-0.017052383896889105,0.043049469371460876
22,24,-0.32472402416509183,-0.01809716179551933,0.041307831308156524
22,25,-0.32472402416509183,-0.01911560040474745,0.039432793100790266
22,26,-0.32472402416509183,-0.020101420711882378,0.037427254778036656
22,27,-0.32472402416509183,-0.0210485448069121,0.035295279480206
22,28,-0.32472402416509183,-0.02195113335484004,0.03304206655095607
22,29,-0.32472402416509183,-0.022803621597127073,0.030673919429014013
22,30,-0.32472402416509183,-0.023600753660278397,0.028198210755783167
22,31,-0.32472402416509183,-0.024337614960051365,0.025623348079978837
22,32,-0.32472402416509183,-0.02500966250150164,0.02295874531028957
22,33,-0.32472402416509183,-0.025612752888057692,0.020214808447805006
22,34,-0.32472402416509183,-0.026143167866938495,0.017402950987112684
22,35,-0.32472402416509183,-0.026597637253418373,0.014535669449359074
22,36,-0.32472402416509183,-0.02697335909260327,0.01162674639387112
22,37,-0.32472402416509183,-0.027268016934414423,0.008691752797519783
22,38,-0.32472402416509183,-0.027479794115273393,0.005749389893686478
22,39,-0.32472402416509183,-0.02760738495843712,0.002826092518860719
22,40,-0.32472402416509183,-0.02765000282392924,0.0
23,0,-0.309546974654917,-0.0,0.06025810854164808
23,1,-0.309546974654917,-4.621676051167154e-05,0.060258061780406304
23,2,-0.309546974654917,-0.0001845821003494979,0.06025729256836713
23,3,-0.309546974654917,-0.00041424295118223757,0.06025377751953804
23,4,-0.309546974654917,-0.0007337833774945206,0.06024400405131547
23,5,-0.309546974654917,-0.0011412333063001584,0.060222993923040036
23,6,-0.309546974654917,-0.001634080673297214,0.06018439646653904
23,7,-0.309546974654917,-0.002209286910579771,0.06012063346807398
23,8,-0.309546974654917,-0.002863305680419499,0.06002308266552036
23,9,-0.309546974654917,-0.0035921047396170252,0.059882288121865114
23,10,-0.309546974654917,-0.0043911907996221165,0.05968818659834206
23,11,-0.309546974654917,-0.005255637229151763,0.05943034012807678
23,12,-0.309546974654917,-0.006180114428510307,0.05909816636275845
23,13,-0.309546974654917,-0.007158922688343837,0.058681159833907204
23,14,-0.309546974654917,-0.008186027330243704,0.05816909889482118
23,15,-0.309546974654917,-0.009255095912545646,0.057552234657935
23,16,-0.309546974654917,-0.010359537271938392,0.056821459618346615
23,17,-0.309546974654917,-0.011492542160177264,0.05596845480175776
23,18,-0.309546974654917,-0.012647125225363914,0.05498581517507984
23,19,-0.309546974654917,-0.013816168078963633,0.05386715371972034
23,20,-0.309546974654917,-0.014992463183037786,0.05260718501846176
23,21,-0.309546974654917,-0.016168758287111937,0.05120178948333249
23,22,-0.309546974654917,-0.017337801140711658,0.04964805949246813
23,23,-0.309546974654917,-0.01849238420589831,0.04794432874452204
23,24,-0.309546974654917,-0.01962538909413718,0.04609018611013655
23,25,-0.309546974654917,-0.020729830453529923,0.044086475185066976
23,26,-0.309546974654917,-0.02179889903583187,0.041935280645406796
23,27,-0.309546974654917,-0.022826003677731736,0.03963990238144776
23,28,-0.309546974654917,-0.023804811937565264,0.0372048182448398
23,29,-0.309546974654917,-0.024729289136923807,0.034635636076426356
23,30,-0.309546974654917,-0.025593735566453456,0.03193903546830146
23,31,-0.309546974654917,-0.02639282162645855,0.029122699408096336
23,32,-0.309546974654917,-0.027121620685656076,0.02619523546255455
23,33,-0.309546974654917,-0.027775639455495802,0.023166085278944162
23,34,-0.309546974654917,-0.02835084569277836,0.02004541944854475
23,35,-0.309546974654917,-0.028843693059775417,0.01684401099437088
23,36,-0.309546974654917,-0.029251142988581055,0.013573071487027783
23,37,-0.309546974654917,-0.02957068341489334,0.010244007438054054
23,38,-0.309546974654917,-0.029800344265726076,0.006867961178547062
23,39,-0.309546974654917,-0.029938709605563905,0.0034545180653121075
23,40,-0.309546974654917,-0.029984926366075575,0.0
24,0,-0.29389262614623657,-0.0,0.06570822784464755
24,1,-0.29389262614623657,-4.98481527852248e-05,0.06570819255886516
24,2,-0.29389262614623657,-0.0001990852807027839,0.0657075663050853
24,3,-0.29389262614623657,-0.0004467912872326881,0.0657045663200449
24,4,-0.29389262614623657,-0.000791438982474071,0.06569594517623363
24,5,-0.29389262614623657,-0.001230903498778782,0.06567694150999857
24,6,-0.29389262614623657,-0.0017624753912670215,0.06564132093585909
24,7,-0.29389262614623657,-0.0023828773424560087,0.0655814845729716
24,8,-0.29389262614623657,-0.0030882843680120806,0.06548863003031395
24,9,-0.29389262614623657,-0.0038743473990510437,0.06535295141790816
24,10,-0.29389262614623657,-0.004736220095594059,0.06516386573733601
24,11,-0.29389262614623657,-0.005668588725865186,0.0649102539288435
24,12,-0.29389262614623657,-0.00666570492721477,0.06458070614618722
24,13,-0.29389262614623657,-0.007721421146686708,0.06416376244319838
24,14,-0.29389262614623657,-0.008829228542726688,0.06364814183927876
24,15,-0.29389262614623657,-0.009982297114354784,0.063022954521732
24,16,-0.29389262614623657,-0.011173517810392698,0.06227789360460024
24,17,-0.29389262614623657,-0.012395546359128276,0.06140340430358962
24,18,-0.29389262614623657,-0.01364084854819284,0.060390829556906944
24,19,-0.29389262614623657,-0.014901746675485805,0.059232532012627494
24,20,-0.29389262614623657,-0.01617046688476123,0.05792199293194524
24,21,-0.29389262614623657,-0.017439187094036662,0.056453888957549186
24,22,-0.29389262614623657,-0.018700085221329623,0.054824147906715914
24,23,-0.29389262614623657,-0.01994538741039419,0.053029984807359785
24,24,-0.29389262614623657,-0.02116741595912977,0.05106991933324387
24,25,-0.29389262614623657,-0.02235863665516768,0.048943775631973614
24,26,-0.29389262614623657,-0.023511705226795777,0.046652665281759466
24,27,-0.29389262614623657,-0.02461951262283576,0.04419895374578148
24,28,-0.29389262614623657,-0.025675228842307694,0.04158621017231811
24,29,-0.29389262614623657,-0.02667234504365728,0.038819139621966155
24,30,-0.29389262614623657,-0.02760471367392841,0.03590349560930227
24,31,-0.29389262614623657,-0.028466586370471423,0.03284596887033218
24,32,-0.29389262614623657,-0.02925264940151039,0.02965404478617486
24,33,-0.29389262614623657,-0.02995805642706646,0.026335815347164365
24,34,-0.29389262614623657,-0.030578458378255447,0.022899718298659315
24,35,-0.29389262614623657,-0.031110030270743688,0.019354146880871295
24,36,-0.29389262614623657,-0.0315494947870484,0.01570680151208439
24,37,-0.29389262614623657,-0.03189414248228978,0.011963448397660698
24,38,-0.29389262614623657,-0.03214184848881969,0.008125013365434796
24,39,-0.29389262614623657,-0.03229108561673725,0.004178099555350657
24,40,-0.29389262614623657,-0.03234093376952247,0.0
25,0,-0.27778511650980114,-0.0,0.07124440575080258
25,1,-0.27778511650980114,-5.34880351125022e-05,0.07124437941624688
25,2,-0.27778511650980114,-0.00021362236892696204,0.07124387463747191
25,3,-0.27778511650980114,-0.00047941572002534747,0.07124133814274583
25,4,-0.27778511650980114,-0.0008492293840128747,0.0712338005857893
25,5,-0.27778511650980114,-0.0013207833366755395,0.07121675650097645
25,6,-0.27778511650980114,-0.0018911702910875752,0.07118414900448287
25,7,-0.27778511650980114,-0.002556873622002123,0.07112843559175791
25,8,-0.27778511650980114,-0.0033137890470152738,0.07104071938975809
25,9,-0.27778511650980114,-0.0041572499308319,0.07091093173093765
25,10,-0.27778511650980114,-0.005082056056624067,0.07072805226606899
25,11,-0.27778511650980114,-0.006082505687097024,0.07048035333722258
25,12,-0.27778511650980114,-0.007152430717595641,0.0701556563345775
25,13,-0.27778511650980114,-0.008285234704520719,0.06974158925114557
25,14,-0.27778511650980114,-0.009473933534597315,0.06922583647392763
25,15,-0.27778511650980114,-0.010711198484255533,0.06859637381206177
25,16,-0.27778511650980114,-0.011989401403648384,0.06784168367982876
25,17,-0.27778511650980114,-0.01330066174673221,0.06695094708547282
25,18,-0.27778511650980114,-0.014636895157453585,0.06591421053840511
25,19,-0.27778511650980114,-0.015989863312492716,0.06472252713887393
25,20,-0.27778511650980114,-0.01735122471326622,0.06336807195499608
25,21,-0.27778511650980114,-0.018712586114039722,0.06184423234633269
25,22,-0.27778511650980114,-0.020065554269078856,0.06014567419717464
25,23,-0.27778511650980114,-0.021401787679800232,0.058268385113777584
25,24,-0.27778511650980114,-0.02271304802288406,0.056209695547730414
25,25,-0.27778511650980114,-0.023991250942276908,0.053968278546981836
25,26,-0.27778511650980114,-0.02522851589193513,0.05154412839779172
25,27,-0.27778511650980114,-0.026417214722011723,0.04893851776049282
25,28,-0.27778511650980114,-0.0275500187089368,0.04615393191814039
25,29,-0.27778511650980114,-0.028619943739435418,0.043193977250502676
25,30,-0.27778511650980114,-0.029620393369908377,0.040063258634372434
25,31,-0.27778511650980114,-0.03054519949570054,0.036767216408813766
25,32,-0.27778511650980114,-0.03138866037951717,0.03331190630969274
25,33,-0.27778511650980114,-0.03214557580453032,0.029703692079852524
25,34,-0.27778511650980114,-0.03281127913544487,0.025948792615480845
25,35,-0.27778511650980114,-0.033381666089856904,0.022052563789400494
25,36,-0.27778511650980114,-0.033853220042519575,0.018018242259838745
25,37,-0.27778511650980114,-0.034223033706507096,0.013844438697495529
25,38,-0.27778511650980114,-0.03448882705760548,0.009519087598207085
25,39,-0.27778511650980114,-0.034648961391419944,0.004999248306036464
25,40,-0.27778511650980114,-0.034702449426532445,0.0
26,0,-0.26124928235797445,-0.0,0.07682897078289383
26,1,-0.26124928235797445,-5.711126898677714e-05,0.0768289512729878
26,2,-0.26124928235797445,-0.00022809296598237923,0.07682854727278743
26,3,-0.26124928235797445,-0.0005118909319676485,0.07682641734895723
26,4,-0.26124928235797445,-0.0009067554581098813,0.07681987103207447
26,5,-0.26124928235797445,-0.0014102520732996325,0.07680468358552639
26,6,-0.26124928235797445,-0.002019276553474643,0.07677502350978908
26,7,-0.26124928235797445,-0.002730074060193444,0.07672347127988502
26,8,-0.26124928235797445,-0.0035382622904629583,0.07664111487298692
26,9,-0.26124928235797445,-0.0044388584950937155,0.07651770837294487
26,10,-0.26124928235797445,-0.005426310199005538,0.07634187952006151
26,11,-0.26124928235797445,-0.0064945294340828,0.07610137189805295
26,12,-0.26124928235797445,-0.007636930273522306,0.07578330793585304
26,13,-0.26124928235797445,-0.008846469436262083,0.0753744600801316
26,14,-0.26124928235797445,-0.010115689711151255,0.07486151921239811
26,15,-0.26124928235797445,-0.011436765933136559,0.07423135141625327
26,16,-0.26124928235797445,-0.012801553228007037,0.07347123631539018
26,17,-0.26124928235797445,-0.01420163722825198,0.07256908220828147
26,18,-0.26124928235797445,-0.015628385950434705,0.07151361498456671
26,19,-0.26124928235797445,-0.01707300301424086,0.07029453924318844
26,20,-0.26124928235797445,-0.018526581875088155,0.0689026711154984
26,21,-0.26124928235797445,-0.019980160735935455,0.06733004303576087
26,22,-0.26124928235797445,-0.02142477779974161,0.0655699811246821
26,23,-0.26124928235797445,-0.022851526521924334,0.06361715599224728
26,24,-0.26124928235797445,-0.02425161052216928,0.061467607650276104
26,25,-0.26124928235797445,-0.025616397817039754,0.059118744859174635
26,26,-0.26124928235797445,-0.02693747403902506,0.05656931859036528
26,27,-0.26124928235797445,-0.028206694313914232,0.05381936828504851
26,28,-0.26124928235797445,-0.029416233476654008,0.05087013806122078
26,29,-0.26124928235797445,-0.030558634316093514,0.047723957636538965
26,30,-0.26124928235797445,-0.03162685355117078,0.04438407887015805
26,31,-0.26124928235797445,-0.0326143052550826,0.04085445226247936
26,32,-0.26124928235797445,-0.03351490145971336,0.0371394159967741
26,33,-0.26124928235797445,-0.03432308968998287,0.033243247755966425
26,34,-0.26124928235797445,-0.035033887196701675,0.0291694839481891
26,35,-0.26124928235797445,-0.035642911676876686,0.02491980953748605
26,36,-0.26124928235797445,-0.03614640829206644,0.02049206948670098
26,37,-0.26124928235797445,-0.03654127281820867,0.015876223525160344
26,38,-0.26124928235797445,-0.03682507078419394,0.011044430095474457
26,39,-0.26124928235797445,-0.03699605248118954,0.005917458479798533
26,40,-0.26124928235797445,-0.03705316375017632,0.0
27,0,-0.24431062074847748,-0.0,0.08242202107957855
27,1,-0.24431062074847748,-6.0691821280108495e-05,0.08242200667626544
27,2,-0.24431062074847748,-0.0002423930998601617,0.08242168461326628
27,3,-0.24431062074847748,-0.0005439835869359114,0.08241990366455548
27,4,-0.24431062074847748,-0.0009636038768655169,0.08241424309723147
27,5,-0.24431062074847748,-0.0014986668710236578,0.08240077038507912
27,6,-0.24431062074847748,-0.002145873728124848,0.08237391320932419
27,7,-0.24431062074847748,-0.0029012342026769403,0.08232642901022828
27,8,-0.24431062074847748,-0.0037600912461714757,0.08224946038555396
27,9,-0.24431062074847748,-0.00471714971933636,0.0821326641622573
27,10,-0.24431062074847748,-0.005766509038430293,0.08196440052068124
27,11,-0.24431062074847748,-0.006901699554303681,0.08173196747119127
27,12,-0.24431062074847748,-0.00811572243993701,0.08142186574134151
27,13,-0.24431062074847748,-0.009401092840536774,0.08102007980313962
27,14,-0.24431062074847748,-0.010749886020154245,0.08051236221621128
27,15,-0.24431062074847748,-0.012153786220317835,0.0798845104379564
27,16,-0.24431062074847748,-0.013604137929449348,0.07912262748129853
27,17,-0.24431062074847748,-0.015091999246971098,0.07821336003465018
27,18,-0.24431062074847748,-0.016608197013096477,0.07714410970374576
27,19,-0.24431062074847748,-0.018143383364410397,0.07590321476429471
27,20,-0.24431062074847748,-0.01968809336655574,0.0744801011632585
27,21,-0.24431062074847748,-0.02123280336870109,0.07286540245827616
27,22,-0.24431062074847748,-0.02276798972001501,0.0710510489527288
27,23,-0.24431062074847748,-0.024284187486140387,0.06903032649314153
27,24,-0.24431062074847748,-0.025772048803662143,0.06679790526508386
27,25,-0.24431062074847748,-0.02722240051279365,0.06434983844895337
27,26,-0.24431062074847748,-0.028626300712957242,0.0616835297293678
27,27,-0.24431062074847748,-0.029975093892574713,0.05879766726831275
27,28,-0.24431062074847748,-0.03126046429317447,0.05569211960288582
27,29,-0.24431062074847748,-0.032474487178807805,0.052367785536751095
27,30,-0.24431062074847748,-0.03360967769468119,0.04882638455331299
27,31,-0.24431062074847748,-0.034659037013775124,0.04507016481514475
27,32,-0.24431062074847748,-0.035616095486940016,0.041101488799649095
27,33,-0.24431062074847748,-0.03647495253043455,0.03692222416286357
27,34,-0.24431062074847748,-0.03723031300498664,0.032532800994836686
27,35,-0.24431062074847748,-0.03787751986208783,0.027930648369089837
27,36,-0.24431062074847748,-0.03841258285624597,0.023107353105505643
27,37,-0.24431062074847748,-0.038832203146175574,0.018042808935789884
27,38,-0.24431062074847748,-0.039133793633251326,0.01269071773061649
27,39,-0.24431062074847748,-0.03931549491183138,0.0069289030128547886
27,40,-0.24431062074847748,-0.03937618673311149,0.0
28,0,-0.22699524986977343,-0.0,0.0879818416616732
28,1,-0.22699524986977343,-6.420303398442253e-05,0.0879818310229595
28,2,-0.22699524986977343,-0.0002564163028834989,0.08798157446870696
28,3,-0.22699524986977343,-0.0005754547479770728,0.08798008757290081
28,4,-0.22699524986977343,-0.0010193513911600888,0.08797520272998559
28,5,-0.22699524986977343,-0.0015853694620167125,0.08796327937652539
28,6,-0.22699524986977343,-0.002270019270920004,0.08793902437157544
28,7,-0.22699524986977343,-0.0030690797241289115,0.0878954123689322
28,8,-0.22699524986977343,-0.003977624348234839,0.08782369845187288
28,9,-0.22699524986977343,-0.004990051663508426,0.08771351339760883
28,10,-0.22699524986977343,-0.0061001197188847636,0.08755302930536091
28,11,-0.22699524986977343,-0.007300984575667374,0.08732918118182166
28,12,-0.22699524986977343,-0.008585242502686103,0.08702792893492643
28,13,-0.22699524986977343,-0.009944975622761781,0.0866345442123385
28,14,-0.22699524986977343,-0.011371800729052002,0.08613390752801096
28,15,-0.22699524986977343,-0.012856920970308989,0.0855108028991658
28,16,-0.22699524986977343,-0.014391180086392797,0.08475019945705178
28,17,-0.22699524986977343,-0.01596511885965984,0.08383751189337345
28,18,-0.22699524986977343,-0.017569033434185182,0.08275883390553333
28,19,-0.22699524986977343,-0.019193035143261147,0.08150114082407878
28,20,-0.22699524986977343,-0.020827111476315913,0.08005245923408526
28,21,-0.22699524986977343,-0.022461187809370682,0.0784020025886742
28,22,-0.22699524986977343,-0.024085189518446647,0.07654027254910865
28,23,-0.22699524986977343,-0.025689104092971985,0.07445912608309838
28,24,-0.22699524986977343,-0.027263042866239037,0.07215180821913852
28,25,-0.22699524986977343,-0.02879730198232284,0.06961294977117487
28,26,-0.22699524986977343,-0.030282422223579828,0.06683852824065371
28,27,-0.22699524986977343,-0.03170924732987005,0.0638257883011364
28,28,-0.22699524986977343,-0.033068980449945724,0.06057311543453592
28,29,-0.22699524986977343,-0.034353238376964454,0.057079851773079095
28,30,-0.22699524986977343,-0.03555410323374707,0.05334603578124714
28,31,-0.22699524986977343,-0.0366641712891234,0.04937203468699709
28,32,-0.22699524986977343,-0.037676598604396996,0.04515801561927192
28,33,-0.22699524986977343,-0.03858514322850292,0.04070315749877032
28,34,-0.22699524986977343,-0.039384203681711825,0.03600441560824217
28,35,-0.22699524986977343,-0.04006885349061512,0.03105444901271528
28,36,-0.22699524986977343,-0.04063487156147175,0.02583781575646782
28,37,-0.22699524986977343,-0.04107876820465476,0.020323066964642953
28,38,-0.22699524986977343,-0.041397806649748334,0.014442985171895894
28,39,-0.22699524986977343,-0.041590019918647414,0.008026171560084594
28,40,-0.22699524986977343,-0.04165422295263183,0.0
29,0,-0.20932986876871407,-0.0,0.09346538146948562
29,1,-0.20932986876871407,-6.761792344448172e-05,0.0934653735750516
29,2,-0.20932986876871407,-0.00027005480679464833,0.09346516868018394
29,3,-0.20932986876871407,-0.000606062559347556,0.0934639256994945
29,4,-0.20932986876871407,-0.001073569581574795,0.09345970850442105
29,5,-0.20932986876871407,-0.0016696935372224751,0.09344915860407743
29,6,-0.20932986876871407,-0.002390759123872698,0.09342726934493242
29,7,-0.20932986876871407,-0.003232320732405126,0.0933872589748057
29,8,-0.20932986876871407,-0.004189189855655526,0.09332053965381351
29,9,-0.20932986876871407,-0.005255467077287785,0.09321677611239457
29,10,-0.20932986876871407,-0.006424578443657382,0.0930640237919307
29,11,-0.20932986876871407,-0.007689315994421673,0.09284893302338468
29,12,-0.20932986876871407,-0.009041882202012278,0.09255700363675441
29,13,-0.20932986876871407,-0.010473938045985499,0.0921728735474078
29,14,-0.20932986876871407,-0.011976654425856348,0.09168062527947547
29,15,-0.20932986876871407,-0.01354076659543902,0.09106409582816502
29,16,-0.20932986876871407,-0.015156631283087961,0.09030717740148105
29,17,-0.20932986876871407,-0.016814286145674276,0.08939409906492715
29,18,-0.20932986876871407,-0.01850351118974395,0.08830968182401344
29,19,-0.20932986876871407,-0.02021389178117596,0.08703956197277123
29,20,-0.20932986876871407,-0.021934882854864866,0.08557037944697232
29,21,-0.20932986876871407,-0.023655873928553773,0.08388992935675071
29,22,-0.20932986876871407,-0.025366254519985785,0.08198727579732439
29,23,-0.20932986876871407,-0.02705547956405546,0.07985282743995534
29,24,-0.20932986876871407,-0.02871313442664178,0.07747837428080993
29,25,-0.20932986876871407,-0.030328999114290715,0.07485708423646953
29,26,-0.20932986876871407,-0.031893111283873385,0.07198345691854743
29,27,-0.20932986876871407,-0.033395827663744236,0.06885322967228269
29,28,-0.20932986876871407,-0.034827883507717455,0.06546322738699285
29,29,-0.20932986876871407,-0.03618044971530806,0.061811141851079575
29,30,-0.20932986876871407,-0.037445187266072356,0.057895216953902366
29,31,-0.20932986876871407,-0.03861429863244195,0.05371379973940595
29,32,-0.20932986876871407,-0.03968057585407421,0.049264687839018946
29,33,-0.20932986876871407,-0.04063744497732461,0.04454414727515439
29,34,-0.20932986876871407,-0.041479006585857035,0.03954535829165768
29,35,-0.20932986876871407,-0.042200072172507264,0.034255785686066194
29,36,-0.20932986876871407,-0.04279619612815495,0.028652313926781452
29,37,-0.20932986876871407,-0.04326370315038218,0.022691065730654287
29,38,-0.20932986876871407,-0.04359971090293509,0.016281765418579255
29,39,-0.20932986876871407,-0.04380214778628526,0.00919817778771161
29,40,-0.20932986876871407,-0.04386976570972974,0.0
30,0,-0.19134171618254492,-0.0,0.09882878357584211
30,1,-0.19134171618254492,-7.090950443672939e-05,0.09882877766618242
30,2,-0.19134171618254492,-0.00028320083707226,0.09882861306058668
30,3,-0.19134171618254492,-0.000635565151246867,0.09882756971628083
30,4,-0.19134171618254492,-0.0011258300037906338,0.098823918450122
30,5,-0.19134171618254492,-0.0017509727488580226,0.09881456556133571
30,6,-0.19134171618254492,-0.0025071391735446355,0.09879478717569402
30,7,-0.19134171618254492,-0.0033896672603914283,0.09875805833843698
30,8,-0.19134171618254492,-0.004393115930272622,0.09869597916658855
30,9,-0.19134171618254492,-0.005511298588457856,0.09859829562387615
30,10,-0.19134171618254492,-0.006737321267025948,0.09845300744398759
30,11,-0.19134171618254492,-0.00806362512846962,0.09824655130871832
30,12,-0.19134171618254492,-0.00948203306844228,0.09796404414936197
30,13,-0.19134171618254492,-0.010983800130325492,0.09758956966024844
30,14,-0.19134171618254492,-0.012559667420794526,0.09710649080915094
30,15,-0.19134171618254492,-0.014199919193974588,0.09649777210479088
30,16,-0.19134171618254492,-0.015894442752244962,0.09574629730353408
30,17,-0.19134171618254492,-0.017632790794382642,0.09483517071646146
30,18,-0.19134171618254492,-0.019404245826648476,0.0937479929404665
30,19,-0.19134171618254492,-0.02119788623969996,0.09246910437256811
30,20,-0.19134171618254492,-0.023002653643944677,0.09098379205038637
30,21,-0.19134171618254492,-0.024807421048189393,0.08927845705320589
30,22,-0.19134171618254492,-0.02660106146124088,0.08734074082350562
30,23,-0.19134171618254492,-0.02837251649350671,0.08515960929398296
30,24,-0.19134171618254492,-0.030110864535644398,0.08272539360249458
30,25,-0.19134171618254492,-0.03180538809391477,0.0800297853889807
30,26,-0.19134171618254492,-0.03344563986709483,0.07706578305900978
30,27,-0.19134171618254492,-0.035021507157563865,0.07382758268689298
30,28,-0.19134171618254492,-0.03652327421944707,0.070310402873717
30,29,-0.19134171618254492,-0.03794168215941973,0.06651022584608755
30,30,-0.19134171618254492,-0.03926798602086341,0.06242342542641169
30,31,-0.19134171618254492,-0.040494008699431504,0.05804623238947537
30,32,-0.19134171618254492,-0.041612191357616735,0.05337395124734007
30,33,-0.19134171618254492,-0.04261564002749793,0.048399772391728525
30,34,-0.19134171618254492,-0.043498168114344725,0.04311287890933348
30,35,-0.19134171618254492,-0.04425433453903134,0.03749522186621129
30,36,-0.19134171618254492,-0.04487947728409873,0.03151551755627996
30,37,-0.19134171618254492,-0.045369742136642494,0.0251166093105346
30,38,-0.19134171618254492,-0.0457221064508171,0.01818344111024865
30,39,-0.19134171618254492,-0.04593439778345263,0.01043025098123579
30,40,-0.19134171618254492,-0.04600530728788936,0.0
31,0,-0.1730585285387465,-0.0,0.10402795992980898
31,1,-0.1730585285387465,-7.405113344711874e-05,0.10402795544846175
31,2,-0.1730585285387465,-0.0002957479839262706,0.10402782198590868
31,3,-0.1730585285387465,-0.0006637237166325729,0.10402694014914493
31,4,-0.1730585285387465,-0.0011757096388095376,0.10402376204611298
31,5,-0.1730585285387465,-0.00182854918699435,0.10401543625699992
31,6,-0.1730585285387465,-0.002618217388281271,0.10399750891525934
31,7,-0.1730585285387465,-0.0035398456756180444,0.10396371317559537
31,8,-0.1730585285387465,-0.0045877519041407355,0.10390585463787279
31,9,-0.1730585285387465,-0.005755475383486318,0.10381379440861067
31,10,-0.1730585285387465,-0.007035816710097164,0.1036755254099639
31,11,-0.1730585285387465,-0.008420882153938027,0.10347733205843371
31,12,-0.1730585285387465,-0.009902132325966628,0.10320401912814012
31,13,-0.1730585285387465,-0.011470434826306743,0.10283919285263438
31,14,-0.1730585285387465,-0.013116120548530277,0.1023655762096322
31,15,-0.1730585285387465,-0.014829043292913685,0.10176534073720628
31,16,-0.1730585285387465,-0.01659864232113323,0.10102043883103985
31,17,-0.1730585285387465,-0.018414007466728548,0.10011292285875481
31,18,-0.1730585285387465,-0.020263946399906876,0.09902524017537676
31,19,-0.1730585285387465,-0.02213705363197805,0.09774049586060087
31,20,-0.1730585285387465,-0.024021780833984988,0.09624267743601164
31,21,-0.1730585285387465,-0.025906508035991926,0.09451683776397148
31,22,-0.1730585285387465,-0.0277796152680631,0.09254923366346487
31,23,-0.1730585285387465,-0.029629554201241432,0.09032741843620137
31,24,-0.1730585285387465,-0.031444919346836755,0.08784028642666396
31,25,-0.1730585285387465,-0.03321451837505629,0.0850780668595195
31,26,-0.1730585285387465,-0.034927441119439705,0.0820322623361637
31,27,-0.1730585285387465,-0.03657312684166324,0.07869552418733455
31,28,-0.1730585285387465,-0.038141429342003354,0.07506145171644171
31,29,-0.1730585285387465,-0.03962267951403195,0.0711242939960331
31,30,-0.1730585285387465,-0.041007744957872815,0.06687851894961457
31,31,-0.1730585285387465,-0.04228808628448366,0.062318190345772816
31,32,-0.1730585285387465,-0.04345580976382925,0.057436049531278746
31,33,-0.1730585285387465,-0.044503715992351936,0.052222114357007056
31,34,-0.1730585285387465,-0.04542534427968871,0.046661433347715026
31,35,-0.1730585285387465,-0.046215012480975634,0.04073023965089383
31,36,-0.1730585285387465,-0.046867852029160446,0.034388754898660195
31,37,-0.1730585285387465,-0.04737983795133741,0.02756596078265362
31,38,-0.1730585285387465,-0.04774781368404371,0.020120790753230824
31,39,-0.1730585285387465,-0.04796951053452287,0.011704413669532463
31,40,-0.1730585285387465,-0.04804356166796998,0.0
32,0,-0.15450849718747373,-0.0,0.10901920010235532
32,1,-0.15450849718747373,-7.701686462246149e-05,0.10901919664602756
32,2,-0.15450849718747373,-0.00030759262390873975,0.1090190870782621
32,3,-0.15450849718747373,-0.0006903057016286198,0.10901833452546088
32,4,-0.15450849718747373,-0.00122279654439294,0.1090155469179523
32,5,-0.15450849718747373,-0.0019017821690848864,0.10900808928609776
32,6,-0.15450849718747373,-0.002723076403542601,0.10899175793298924
32,7,-0.15450849718747373,-0.0036816156957026067,0.10896053518244844
32,8,-0.15450849718747373,-0.004771490332082079,0.10890643724970751
32,9,-0.15450849718747373,-0.0059859808731276415,0.10881946103611967
32,10,-0.15450849718747373,-0.007317599580794661,0.10868762873096949
32,11,-0.15450849718747373,-0.00875813658294222,0.10849712266941074
32,12,-0.15450849718747373,-0.010298710489924914,0.10823249757889426
32,13,-0.15450849718747373,-0.011929823151313383,0.10787695360665468
32,14,-0.15450849718747373,-0.01364141821515017,0.10741265156224565
32,15,-0.15450849718747373,-0.015422943128703605,0.10682105156905411
32,16,-0.15450849718747373,-0.017263414198464482,0.10608325751482194
32,17,-0.15450849718747373,-0.01915148430826899,0.10518035190480243
32,18,-0.15450849718747373,-0.02107551287804316,0.10409370848896676
32,19,-0.15450849718747373,-0.023023637631849912,0.10280527292542666
32,20,-0.15450849718747373,-0.024983847732764807,0.10129780440543139
32,21,-0.15450849718747373,-0.026944057833679702,0.09955507334868563
32,22,-0.15450849718747373,-0.028892182587486454,0.09756201181845432
32,23,-0.15450849718747373,-0.030816211157260628,0.09530481410251557
32,24,-0.15450849718747373,-0.032704281267065136,0.09277098487782354
32,25,-0.15450849718747373,-0.03454475233682601,0.08994933141259072
32,26,-0.15450849718747373,-0.03632627725037945,0.0868298941508425
32,27,-0.15450849718747373,-0.03803787231421624,0.08340380636665837
32,28,-0.15450849718747373,-0.039668984975604706,0.079663067600561
32,29,-0.15450849718747373,-0.04120955888258739,0.07560020585495317
32,30,-0.15450849718747373,-0.04265009588473496,0.07120778727658397
32,31,-0.15450849718747373,-0.04398171459240198,0.06647770387214427
32,32,-0.15450849718747373,-0.04519620513344754,0.06140011849636732
32,33,-0.15450849718747373,-0.046286079769827015,0.055961847335092234
32,34,-0.15450849718747373,-0.047244619061987014,0.050143755030512285
32,35,-0.15450849718747373,-0.04806591329644473,0.04391627385909607
32,36,-0.15450849718747373,-0.04874489892113668,0.037230983559292934
32,37,-0.15450849718747373,-0.049277389763901,0.030002713512951727
32,38,-0.15450849718747373,-0.04966010284162088,0.022063703067683436
32,39,-0.15450849718747373,-0.049890678600907165,0.01299983421570092
32,40,-0.15450849718747373,-0.04996769546552962,0.0
33,0,-0.13572022493253716,-0.0,0.11375980186968221
33,1,-0.13572022493253716,-7.978181115275324e-05,0.11375979913449372
33,2,-0.13572022493253716,-0.00031863536321510947,0.11375970732539155
33,3,-0.13572022493253716,-0.0007150880446117439,0.11375905398704998
33,4,-0.13572022493253716,-0.0012666955927279455,0.11375657229133712
33,5,-0.13572022493253716,-0.0019700571636014565,0.11374980413674766
33,6,-0.13572022493253716,-0.0028208362992563855,0.11373475147429178
33,7,-0.13572022493253716,-0.003813787663408649,0.11370560007503488
33,8,-0.13572022493253716,-0.004942789380708415,0.11365453286377228
33,9,-0.13572022493253716,-0.006200880780137361,0.11357164259633215
33,10,-0.13572022493253716,-0.007580305309860161,0.11344494606753662
33,11,-0.13572022493253716,-0.009072558358945876,0.11326049477747789
33,12,-0.13572022493253716,-0.010668439691122395,0.1130025707290504
33,13,-0.13572022493253716,-0.012358110167292456,0.1126539513338678
33,14,-0.13572022493253716,-0.014131152407098021,0.11219622457753148
33,15,-0.13572022493253716,-0.015976635015534316,0.1116101346630773
33,16,-0.13572022493253716,-0.017883179978635092,0.11087593908036188
33,17,-0.13572022493253716,-0.01983903281271229,0.10997376002748123
33,18,-0.13572022493253716,-0.021832135034656766,0.10888391584571863
33,19,-0.13572022493253716,-0.023850198506496483,0.10758722113865349
33,20,-0.13572022493253716,-0.02588078119585335,0.10606524711734043
33,21,-0.13572022493253716,-0.027911363885210216,0.10430053613607765
33,22,-0.13572022493253716,-0.029929427357049936,0.10227676614503414
33,23,-0.13572022493253716,-0.03192252957899441,0.09997886174713108
33,24,-0.13572022493253716,-0.03387838241307162,0.09739304859664237
33,25,-0.13572022493253716,-0.035784927376172386,0.09450684687776685
33,26,-0.13572022493253716,-0.03763040998460868,0.09130899731091602
33,27,-0.13572022493253716,-0.03940345222441425,0.08778930909444263
33,28,-0.13572022493253716,-0.0410931227005843,0.08393841253625048
33,29,-0.13572022493253716,-0.042689004032760824,0.07974738823981249
33,30,-0.13572022493253716,-0.044181257081846545,0.07520722648531264
33,31,-0.13572022493253716,-0.04556068161156934,0.07030803878345727
33,32,-0.13572022493253716,-0.046818773010998294,0.06503788585356958
33,33,-0.13572022493253716,-0.04794777472829805,0.0593809747245936
33,34,-0.13572022493253716,-0.048940726092450315,0.05331474629777092
33,35,-0.13572022493253716,-0.04979150522810525,0.04680485072590866
33,36,-0.13572022493253716,-0.050494866798978764,0.03979567814488696
33,37,-0.13572022493253716,-0.051046474347094965,0.0321901704385523
33,38,-0.13572022493253716,-0.0514429270284916,0.023797936383253622
33,39,-0.13572022493253716,-0.051681780580553956,0.014149009027997721
33,40,-0.13572022493253716,-0.051761562391706706,0.0
34,0,-0.11672268192795274,-0.0,0.11820871015993549
34,1,-0.11672268192795274,-8.232250432147437e-05,0.11820870793830554
34,2,-0.11672268192795274,-0.0003287824716717425,0.1182086294509737
34,3,-0.11672268192795274,-0.00073786039439584,0.1182080529108886
34,4,-0.11672268192795274,-0.001307034171067953,0.11820581307719222
34,5,-0.11672268192795274,-0.0020327946560854135,0.11819959835817907
34,6,-0.11672268192795274,-0.002910667294718237,0.11818558348296747
34,7,-0.11672268192795274,-0.003935239710226977,0.11815812649202373
34,8,-0.11672268192795274,-0.0051001950729651245,0.11810955120126307
34,9,-0.11672268192795274,-0.006398351045734426,0.1180300285880345
34,10,-0.11672268192795274,-0.007821704065282091,0.11790756246524474
34,11,-0.11672268192795274,-0.009361478686929705,0.11772807686958481
34,12,-0.11672268192795274,-0.011008181688107788,0.11747559550484099
34,13,-0.11672268192795274,-0.012751660597229762,0.1171324979964839
34,14,-0.11672268192795274,-0.01458116628705532,0.11667983404628089
34,15,-0.11672268192795274,-0.016485419246634315,0.11609767494294233
34,16,-0.11672268192795274,-0.018452679123242572,0.11536548211365384
34,17,-0.11672268192795274,-0.020470817105560507,0.11446247409907809
34,18,-0.11672268192795274,-0.022527390701828156,0.11336797599052745
34,19,-0.11672268192795274,-0.024609720451944407,0.11206173845496427
34,20,-0.11672268192795274,-0.02670496810055489,0.11052421652307269
34,21,-0.11672268192795274,-0.028800215749165373,0.10873680095997854
34,22,-0.11672268192795274,-0.030882545499281624,0.10668199701527982
34,23,-0.11672268192795274,-0.03293911909554927,0.10434354647953295
34,24,-0.11672268192795274,-0.03495725707786722,0.10170648911693825
34,25,-0.11672268192795274,-0.03692451695447547,0.09875715853334768
34,26,-0.11672268192795274,-0.03882876991405446,0.09548310510120225
34,27,-0.11672268192795274,-0.04065827560388002,0.09187293419155486
34,28,-0.11672268192795274,-0.042401754513001995,0.08791604070760928
34,29,-0.11672268192795274,-0.04404845751418007,0.08360220898919273
34,30,-0.11672268192795274,-0.045588232135827696,0.0789210271550043
34,31,-0.11672268192795274,-0.04701158515537536,0.07386103014411696
34,32,-0.11672268192795274,-0.048309741128144665,0.0684084221913931
34,33,-0.11672268192795274,-0.049474696490882805,0.06254510657959865
34,34,-0.11672268192795274,-0.050499268906391545,0.056245495355223434
34,35,-0.11672268192795274,-0.051377141545024374,0.04947099311350259
34,36,-0.11672268192795274,-0.05210290203004184,0.042159578501888235
34,37,-0.11672268192795274,-0.052672075806713944,0.034203540951617095
34,38,-0.11672268192795274,-0.053081153729438044,0.025392108821781383
34,39,-0.11672268192795274,-0.05332761369678832,0.015204745595079198
34,40,-0.11672268192795274,-0.05340993620110979,0.0
35,0,-0.09754516100806417,-0.0,0.12232714997240221
35,1,-0.09754516100806417,-8.461724216609568e-05,0.1223271481169876
35,2,-0.09754516100806417,-0.00033794727522833785,0.12232707958258532
35,3,-0.09754516100806417,-0.0007584282352921192,0.12232656207239287
35,4,-0.09754516100806417,-0.0013434677174145322,0.12232451179509038
35,5,-0.09754516100806417,-0.0020894587586429247,0.12231873703302075
35,6,-0.09754516100806417,-0.002991802076140929,0.122305556030056
35,7,-0.09754516100806417,-0.004044934423296571,0.12227947152415382
35,8,-0.09754516100806417,-0.005242362888987593,0.12223292648207103
35,9,-0.09754516100806417,-0.006576704928537638,0.12215615772513372
35,10,-0.09754516100806417,-0.008039733879559124,0.12203715572363381
35,11,-0.09754516100806417,-0.009622429682062512,0.12186173036263931
35,12,-0.09754516100806417,-0.011315034490125607,0.12161367469398099
35,13,-0.09754516100806417,-0.013107112832258482,0.12127501231489601
35,14,-0.09754516100806417,-0.014987615949555373,0.12082630957064655
35,15,-0.09754516100806417,-0.016944949914967398,0.1202470314760034
35,16,-0.09754516100806417,-0.018967047113718206,0.11951591998015766
35,17,-0.09754516100806417,-0.021041440644161934,0.1186113745960024
35,18,-0.09754516100806417,-0.023155341180377563,0.11751181795860159
35,19,-0.09754516100806417,-0.025295715822616055,0.11619603200582274
35,20,-0.09754516100806417,-0.02744936844946122,0.11464345366813332
35,21,-0.09754516100806417,-0.029603021076306385,0.1128344217934134
35,22,-0.09754516100806417,-0.03174339571854488,0.11075036920638263
35,23,-0.09754516100806417,-0.033857296254760506,0.1083739550923989
35,24,-0.09754516100806417,-0.035931689785204245,0.10568913312973416
35,25,-0.09754516100806417,-0.037953786983955046,0.10268114978062633
35,26,-0.09754516100806417,-0.03991112094936707,0.09933646458515114
35,27,-0.09754516100806417,-0.04179162406666396,0.09564257963025616
35,28,-0.09754516100806417,-0.04358370240879683,0.09158775755830764
35,29,-0.09754516100806417,-0.04527630721685993,0.08716059460038056
35,30,-0.09754516100806417,-0.04685900301936332,0.08234939347276421
35,31,-0.09754516100806417,-0.04832203197038481,0.07714124326069688
35,32,-0.09754516100806417,-0.049656374009934855,0.07152064451006926
35,33,-0.09754516100806417,-0.050853802475625876,0.06546738433670414
35,34,-0.09754516100806417,-0.05190693482278151,0.05895308910978057
35,35,-0.09754516100806417,-0.052809278140279525,0.05193525292947481
35,36,-0.09754516100806417,-0.053555269181507915,0.04434593876019735
35,37,-0.09754516100806417,-0.05414030866363033,0.036067587426874936
35,38,-0.09754516100806417,-0.05456078962369411,0.026870537157886634
35,39,-0.09754516100806417,-0.05481411965675635,0.016187208360518724
35,40,-0.09754516100806417,-0.05489873689892245,0.0
36,0,-0.07821723252011546,-0.0,0.12607923840946708
36,1,-0.07821723252011546,-8.664641964314384e-05,0.12607923681146554
36,2,-0.07821723252011546,-0.0003460514745826144,0.12607917554267303
36,3,-0.07821723252011546,-0.0007766158463937817,0.12607870208980768
36,4,-0.07821723252011546,-0.0013756849625472408,0.1260767953317269
36,5,-0.07821723252011546,-0.0021395653627312113,0.12607135686850818
36,6,-0.07821723252011546,-0.003063547470262549,0.12605881716391618
36,7,-0.07821723252011546,-0.0041419346281930955,0.12603379156093025
36,8,-0.07821723252011546,-0.005368078221094091,0.1259888135027696
36,9,-0.07821723252011546,-0.00673441866598118,0.1259141643937483
36,10,-0.07821723252011546,-0.008232532019657325,0.1257978109166544
36,11,-0.07821723252011546,-0.009853181915123879,0.12562545174136697
36,12,-0.07821723252011546,-0.011586376506854503,0.12538066719522364
36,13,-0.07821723252011546,-0.013421430073845499,0.1250451584171756
36,14,-0.07821723252011546,-0.01534702890063913,0.1245990573917418
36,15,-0.07821723252011546,-0.01735130103014163,0.12402128635029798
36,16,-0.07821723252011546,-0.019421889458186497,0.12328994429091446
36,17,-0.07821723252011546,-0.02154602831857431,0.12238269946935917
36,18,-0.07821723252011546,-0.023710621588882937,0.12127716913192906
36,19,-0.07821723252011546,-0.025902323831800616,0.11995127090454649
36,20,-0.07821723252011546,-0.028107622474184808,0.11838353356081459
36,21,-0.07821723252011546,-0.030312921116569,0.11655335789616064
36,22,-0.07821723252011546,-0.03250462335948668,0.11444122078200078
36,23,-0.07821723252011546,-0.03466921662979531,0.11202881690799246
36,24,-0.07821723252011546,-0.03679335549018312,0.10929913304036706
36,25,-0.07821723252011546,-0.038863943918227985,0.10623644861216272
36,26,-0.07821723252011546,-0.04086821604773049,0.10282625378422088
36,27,-0.07821723252011546,-0.04279381487452412,0.09905507117930423
36,28,-0.07821723252011546,-0.04462886844151511,0.09491015919235797
36,29,-0.07821723252011546,-0.04636206303324574,0.09037906104852313
36,30,-0.07821723252011546,-0.0479827129287123,0.0854489406620219
36,31,-0.07821723252011546,-0.04948082628238844,0.08010560602763657
36,32,-0.07821723252011546,-0.05084716672727553,0.07433204715157202
36,33,-0.07821723252011546,-0.05207331032017652,0.06810617267759014
36,34,-0.07821723252011546,-0.05315169747810707,0.06139713226886654
36,35,-0.07821723252011546,-0.054075679585638414,0.05415893686107555
36,36,-0.07821723252011546,-0.054839559985822385,0.046318369816080784
36,37,-0.07821723252011546,-0.05543862910197584,0.03774906428280981
36,38,-0.07821723252011546,-0.05586919347378701,0.028204427271874027
36,39,-0.07821723252011546,-0.05612859852872648,0.0170745953852599
36,40,-0.07821723252011546,-0.05621524494836962,0.0
37,0,-0.05876869872891885,-0.0,0.1294325609779507
37,1,-0.05876869872891885,-8.839283240307535e-05,0.129432559555053
37,2,-0.05876869872891885,-0.0003530263584069342,0.12943250336399095
37,3,-0.05876869872891885,-0.0007922690243241918,0.12943206113590622
37,4,-0.05876869872891885,-0.001403412753056453,0.12943025682501502
37,5,-0.05876869872891885,-0.0021826896402901736,0.12942505902889478
37,6,-0.05876869872891885,-0.003125295184879696,0.1294129776602284
37,7,-0.05876869872891885,-0.004225417910194477,0.1293887049712613
37,8,-0.05876869872891885,-0.0054762751938050224,0.12934483044511572
37,9,-0.05876869872891885,-0.006870155084605617,0.12927165120738043
37,10,-0.05876869872891885,-0.008398463849557372,0.12915709086675778
37,11,-0.05876869872891885,-0.010051778956910132,0.12898673050595025
37,12,-0.05876869872891885,-0.011819907169243997,0.12874394672218972
37,13,-0.05876869872891885,-0.013691947388167636,0.12841014401717735
37,14,-0.05876869872891885,-0.015656357863214846,0.12796506314043213
37,15,-0.05876869872891885,-0.01770102735057419,0.127387143566798
37,16,-0.05876869872891885,-0.019813349782934492,0.1266539171491254
37,17,-0.05876869872891885,-0.021980301990081767,0.12574241082629545
37,18,-0.05876869872891885,-0.024188523991074223,0.1246295385655243
37,19,-0.05876869872891885,-0.02642440136296741,0.12329246586433723
37,20,-0.05876869872891885,-0.028674149178258935,0.12170893353547435
37,21,-0.05876869872891885,-0.03092389699355046,0.1198575306390641
37,22,-0.05876869872891885,-0.033159774365443644,0.11771790891907054
37,23,-0.05876869872891885,-0.0353679963664361,0.11527093265824294
37,24,-0.05876869872891885,-0.03753494857358339,0.1124987582600901
37,25,-0.05876869872891885,-0.03964727100594368,0.10938483685721709
37,26,-0.05876869872891885,-0.04169194049330303,0.10591383047504913
37,27,-0.05876869872891885,-0.04365635096835024,0.10207142711748869
37,28,-0.05876869872891885,-0.04552839118727387,0.09784403142061845
37,29,-0.05876869872891885,-0.04729651939960774,0.09321829305723228
37,30,-0.05876869872891885,-0.0489498345069605,0.08818041069133088
37,31,-0.05876869872891885,-0.05047814327191226,0.08271510671811845
37,32,-0.05876869872891885,-0.05187202316271285,0.07680409015172653
37,33,-0.05876869872891885,-0.0531228804463234,0.07042367404836132
37,34,-0.05876869872891885,-0.054223003171638175,0.06354089967710616
37,35,-0.05876869872891885,-0.0551656087162277,0.056106805435748086
37,36,-0.05876869872891885,-0.055944885603461426,0.048043658022965584
37,37,-0.05876869872891885,-0.05655602933219368,0.03921753883992041
37,38,-0.05876869872891885,-0.05699527199811094,0.029367309285921205
37,39,-0.05876869872891885,-0.05725990552411481,0.017846711100609834
37,40,-0.05876869872891885,-0.05734829835651788,0.0
38,0,-0.0392295478639225,-0.0,0.1323586978355624
38,1,-0.0392295478639225,-8.984194675137086e-05,0.13235869652302484
38,2,-0.0392295478639225,-0.0003588138815282796,0.13235864356899688
38,3,-0.0392295478639225,-0.0008052575029105883,0.13235822126195748
38,4,-0.0392295478639225,-0.0014264203375148991,0.13235648192716915
38,5,-0.0392295478639225,-0.002218472709908276,0.13235143500966018
38,6,-0.0392295478639225,-0.0031765313538307713,0.13233963590833203
38,7,-0.0392295478639225,-0.004294689519155778,0.13231581515352034
38,8,-0.0392295478639225,-0.0055660533889687475,0.13227257907878032
38,9,-0.0392295478639225,-0.0069827845822408915,0.13220020532254334
38,10,-0.0392295478639225,-0.008536148480054758,0.13208654766168323
38,11,-0.0392295478639225,-0.010216568077434417,0.1319170552607361
38,12,-0.0392295478639225,-0.0120136830287658,0.13167490224792566
38,13,-0.0392295478639225,-0.013916413522772583,0.13134121550386899
38,14,-0.0392295478639225,-0.015913028593237122,0.1308953824107881
38,15,-0.0392295478639225,-0.017991218444308118,0.13031541648546424
38,16,-0.0392295478639225,-0.02013817034448547,0.12957835736368192
38,17,-0.0392295478639225,-0.02234064762137062,0.128660682237102
38,18,-0.0392295478639225,-0.024585071270153566,0.12753870804837342
38,19,-0.0392295478639225,-0.02685760367269296,0.12618896689904469
38,20,-0.0392295478639225,-0.029144233911033438,0.1245885405939629
38,21,-0.0392295478639225,-0.03143086414937392,0.12271534349567847
38,22,-0.0392295478639225,-0.03370339655191331,0.12054834547123731
38,23,-0.0392295478639225,-0.03594782020069626,0.11806772836893124
38,24,-0.0392295478639225,-0.03815029747758142,0.11525496991564531
38,25,-0.0392295478639225,-0.04029724937775876,0.1120928479173955
38,26,-0.0392295478639225,-0.04237543922882976,0.10856535479847237
38,27,-0.0392295478639225,-0.0443720542992943,0.10465750716765954
38,28,-0.0392295478639225,-0.04627478479330108,0.10035502603660632
38,29,-0.0392295478639225,-0.04807189974463246,0.09564384825654076
38,30,-0.0392295478639225,-0.04975231934201212,0.09050940432691741
38,31,-0.0392295478639225,-0.05130568323982599,0.08493555334304491
38,32,-0.0392295478639225,-0.052722414433098136,0.0789029846047532
38,33,-0.0392295478639225,-0.053993778302911105,0.07238673783295645
38,34,-0.0392295478639225,-0.05511193646823611,0.065352165891782
38,35,-0.0392295478639225,-0.056069995112158606,0.057747917811466064
38,36,-0.0392295478639225,-0.05686204748455199,0.04949261711262331
38,37,-0.0392295478639225,-0.0574832103191563,0.04044623694333584
38,38,-0.0392295478639225,-0.0579296539405386,0.030335851663406892
38,39,-0.0392295478639225,-0.05819862587531552,0.018485687770421175
38,40,-0.0392295478639225,-0.05828846782206688,0.0
39,0,-0.019629907879534333,-0.0,0.13483368667610443
39,1,-0.019629907879534333,-9.098212909429712e-05,0.13483368541995297
39,2,-0.019629907879534333,-0.00036336758129669136,0.13483363407976592
39,3,-0.019629907879534333,-0.000815477009717007,0.1348332213476165
39,4,-0.019629907879534333,-0.0014445230093873848,0.13483151172590546
39,5,-0.019629907879534333,-0.0022466273025408376,0.13482652928635133
39,6,-0.019629907879534333,-0.003216844649483331,0.13481483981642636
39,7,-0.019629907879534333,-0.004349193337640958,0.1347911710010817
39,8,-0.019629907879534333,-0.005636692060807079,0.13474810292599854
39,9,-0.019629907879534333,-0.007071402961216604,0.13467585338098764
39,10,-0.019629907879534333,-0.008644480569078718,0.13456217352384447
39,11,-0.019629907879534333,-0.010346226337839567,0.13439235986813092
39,12,-0.019629907879534333,-0.012166148438946848,0.13414937913048502
39,13,-0.019629907879534333,-0.014093026447461722,0.13381409414786916
39,14,-0.019629907879534333,-0.016114980519709738,0.13336557263240104
39,15,-0.019629907879534333,-0.018219544636467532,0.13278145643579123
39,16,-0.019629907879534333,-0.020393743460116704,0.13203836733168747
39,17,-0.019629907879534333,-0.02262417233191498,0.13111232582689866
39,18,-0.019629907879534333,-0.024897079916174864,0.12997916166452286
39,19,-0.019629907879534333,-0.027198452981820925,0.12861489784345279
39,20,-0.019629907879534333,-0.029514102798619248,0.12699609350641958
39,21,-0.019629907879534333,-0.031829752615417574,0.12510013438076986
39,22,-0.019629907879534333,-0.03413112568106363,0.12290546214984815
39,23,-0.019629907879534333,-0.036404033265323515,0.1203917358576004
39,24,-0.019629907879534333,-0.038634462137121794,0.11753991894172934
39,25,-0.019629907879534333,-0.040808660960770966,0.1143322844793522
39,26,-0.019629907879534333,-0.04291322507752876,0.11075232832080881
39,27,-0.019629907879534333,-0.04493517914977678,0.10678457429953399
39,28,-0.019629907879534333,-0.04686205715829165,0.10241424638417451
39,29,-0.019629907879534333,-0.048681979259398926,0.09762676713423696
39,30,-0.019629907879534333,-0.050383725028159784,0.09240701563974177
39,31,-0.019629907879534333,-0.05195680263602189,0.08673823238028118
39,32,-0.019629907879534333,-0.05339151353643142,0.0806003746846148
39,33,-0.019629907879534333,-0.054679012259597544,0.07396756399036933
39,34,-0.019629907879534333,-0.05581136094775517,0.06680392775458907
39,35,-0.019629907879534333,-0.05678157829469766,0.05905636912268734
39,36,-0.019629907879534333,-0.05758368258785112,0.05064083374048409
39,37,-0.019629907879534333,-0.058212728587521495,0.04141278564965063
39,38,-0.019629907879534333,-0.05866483801594181,0.031090579998417498
39,39,-0.019629907879534333,-0.05893722346814421,0.018976628587701636
39,40,-0.019629907879534333,-0.0590282055972385,0.0
40,0,-3.061616997868383e-17,-0.0,0.13683841043762168
40,1,-3.061616997868383e-17,-9.180482912044502e-05,0.13683840918917334
40,2,-3.061616997868383e-17,-0.0003666533091820462,0.13683835794189517
40,3,-3.061616997868383e-17,-0.0008228509079088361,0.13683794484927853
40,4,-3.061616997868383e-17,-0.0014575850154035614,0.13683623046319204
40,5,-3.061616997868383e-17,-0.00226694228482301,0.13683122681636514
40,6,-3.061616997868383e-17,-0.0032459327594626074,0.13681947373104408
40,7,-3.061616997868383e-17,-0.004388520637498835,0.13679565269310068
40,8,-3.061616997868383e-17,-0.005687661484714575,0.13675227123809686
40,9,-3.061616997868383e-17,-0.00713534566577857,0.1366794429269623
40,10,-3.061616997868383e-17,-0.008722647726310718,0.13656477896762967
40,11,-3.061616997868383e-17,-0.010439781421276346,0.13639339780062934
40,12,-3.061616997868383e-17,-0.01227616005044109,0.1361480493717917
40,13,-3.061616997868383e-17,-0.01422046172889829,0.13580934231648997
40,14,-3.061616997868383e-17,-0.01626069919025434,0.13535605567737446
40,15,-3.061616997868383e-17,-0.01838429369211218,0.1347655125533143
40,16,-3.061616997868383e-17,-0.020578152568201023,0.13401399132694822
40,17,-3.061616997868383e-17,-0.022828749949017676,0.13307715057940908
40,18,-3.061616997868383e-17,-0.025122210153309836,0.13193044595218392
40,19,-3.061616997868383e-17,-0.027444393236265126,0.13054952040819112
40,20,-3.061616997868383e-17,-0.029780982166972895,0.1289105529216538
40,21,-3.061616997868383e-17,-0.03211757109768067,0.12699055401488188
40,22,-3.061616997868383e-17,-0.034439754180635954,0.12476759930589082
40,23,-3.061616997868383e-17,-0.03673321438492812,0.12222099399426652
40,24,-3.061616997868383e-17,-0.03898381176574477,0.1193313617233904
40,25,-3.061616997868383e-17,-0.041177670641833614,0.11608065023611613
40,26,-3.061616997868383e-17,-0.04330126514369145,0.11245204328692297
40,27,-3.061616997868383e-17,-0.045341502605047504,0.1084297626905433
40,28,-3.061616997868383e-17,-0.0472858042835047,0.10399873489671917
40,29,-3.061616997868383e-17,-0.04912218291266945,0.0991440806896622
40,30,-3.061616997868383e-17,-0.05083931660763508,0.09385035994142106
40,31,-3.061616997868383e-17,-0.052426618668167224,0.08810045674393244
40,32,-3.061616997868383e-17,-0.05387430284923122,0.08187390490918459
40,33,-3.061616997868383e-17,-0.05517344369644696,0.07514428826463289
40,34,-3.061616997868383e-17,-0.056316031574483186,0.06787500537797
40,35,-3.061616997868383e-17,-0.05729502204912278,0.060011903868331516
40,36,-3.061616997868383e-17,-0.05810437931854224,0.051469287933701806
40,37,-3.061616997868383e-17,-0.05873911342603696,0.04209983173853801
40,38,-3.061616997868383e-17,-0.05919531102476375,0.03161647643975245
40,39,-3.061616997868383e-17,-0.05947015950482536,0.019308145635590638
40,40,-3.061616997868383e-17,-0.0595619643339458,0.0
41,0,0.019629907879534274,-0.0,0.13835889993319272
41,1,0.019629907879534274,-9.230471212197883e-05,0.1383588986441993
41,2,0.019629907879534274,-0.00036864975924324903,0.1383588459617282
41,3,0.019629907879534274,-0.0008273313822542612,0.138358422438738
41,4,0.019629907879534274,-0.0014655216564220279,0.13835666811913824
41,5,0.019629907879534274,-0.0022792859264865054,0.13835155541420016
41,6,0.019629907879534274,-0.0032636070651186674,0.13833956032425274
41,7,0.019629907879534274,-0.004412416405178853,0.13831527269009739
41,8,0.019629907879534274,-0.0057186311550677235,0.13827107860449722
41,9,0.019629907879534274,-0.0071741980664917285,0.13819694010235575
41,10,0.019629907879534274,-0.008770143085416824,0.1380802880967136
41,11,0.019629907879534274,-0.010496626680095766,0.13790603467994986
41,12,0.019629907879534274,-0.012343004505053306,0.13765670123521215
41,13,0.019629907879534274,-0.014297893027015646,0.1373126502602485
41,14,0.019629907879534274,-0.016349239708178493,0.13685240219460296
41,15,0.019629907879534274,-0.018484397314110484,0.13625301433843437
41,16,0.019629907879534274,-0.020690201888159097,0.13549049724400003
41,17,0.019629907879534274,-0.02295305391162086,0.1345402444766568
41,18,0.019629907879534274,-0.02525900214929649,0.1333774538505527
41,19,0.019629907879534274,-0.027593829663495106,0.13197752148828373
41,20,0.019629907879534274,-0.02994314146618274,0.13031639367371148
41,21,0.019629907879534274,-0.032292453268870376,0.12837086488628507
41,22,0.019629907879534274,-0.034627280783068995,0.12611881316931556
41,23,0.019629907879534274,-0.03693322902074462,0.12353936575448654
41,24,0.019629907879534274,-0.039196081044206396,0.12061298837048287
41,25,0.019629907879534274,-0.041401885618255,0.11732149062579536
41,26,0.019629907879534274,-0.04353704322418699,0.11364793687142112
41,27,0.019629907879534274,-0.04558838990534984,0.10957644631796751
41,28,0.019629907879534274,-0.04754327842731218,0.10509185661621886
41,29,0.019629907879534274,-0.049389656252269716,0.1001792091999576
41,30,0.019629907879534274,-0.05111613984694866,0.09482298782452453
41,31,0.019629907879534274,-0.052712084865873754,0.08900599479352654
41,32,0.019629907879534274,-0.054167651777297765,0.08270766342208757
41,33,0.019629907879534274,-0.05547386652718663,0.07590143855540848
41,34,0.019629907879534274,-0.05662267586724682,0.06855050976648464
41,35,0.019629907879534274,-0.057606997005878985,0.06060039198877495
41,36,0.019629907879534274,-0.058420761275943464,0.05196483327541334
41,37,0.019629907879534274,-0.059058951550111226,0.04249551878989174
41,38,0.019629907879534274,-0.05951763317312224,0.031903440103950825
41,39,0.019629907879534274,-0.059793978220243515,0.01947277064478938
41,40,0.019629907879534274,-0.05988628293236549,0.0
42,0,0.03922954786392244,-0.0,0.13938654377709642
42,1,0.03922954786392244,-9.24797371730523e-05,0.1393865423948671
42,2,0.03922954786392244,-0.0003693487803599013,0.13938648662914063
42,3,0.03922954786392244,-0.000828900139841007,0.13938604189887663
42,4,0.03922954786392244,-0.0014683005286688269,0.13938421021067945
42,5,0.03922954786392244,-0.0022836078308240346,0.13937889531713785
42,6,0.03922954786392244,-0.003269795405671653,0.13936646971926858
42,7,0.03922954786392244,-0.004420783078872103,0.13934138415452926
42,8,0.03922954786392244,-0.0057294746286778615,0.1392958523751823
42,9,0.03922954786392244,-0.007187801536500276,0.13921963579170873
42,10,0.03922954786392244,-0.008786772732009712,0.1390999432533252
42,11,0.03922954786392244,-0.01051653002607398,0.138921451319279
42,12,0.03922954786392244,-0.0123664088897725,0.13866644071496803
42,13,0.03922954786392244,-0.014325004204763426,0.13831503621553667
42,14,0.03922954786392244,-0.01638024057963081,0.1378455307356384
42,15,0.03922954786392244,-0.018519446798688142,0.13723477037639242
42,16,0.03922954786392244,-0.02072943394423669,0.13645857564779018
42,17,0.03922954786392244,-0.022996576710628835,0.13549217475162018
42,18,0.03922954786392244,-0.02530689740880831,0.13431062713192177
42,19,0.03922954786392244,-0.027646152143411235,0.1328892188159198
42,20,0.03922954786392244,-0.02999991863111765,0.13120381472171785
42,21,0.03922954786392244,-0.03235368511882407,0.12923115653141493
42,22,0.03922954786392244,-0.034692939853426995,0.12694909747569721
42,23,0.03922954786392244,-0.03700326055160647,0.12433676711902986
42,24,0.03922954786392244,-0.03927040331799862,0.12137465971169936
42,25,0.03922954786392244,-0.04148039046354716,0.11804463861338707
42,26,0.03922954786392244,-0.0436195966826045,0.11432984629460015
42,27,0.03922954786392244,-0.04567483305747188,0.11021450379143324
42,28,0.03922954786392244,-0.0476334283724628,0.10568357394450519
42,29,0.03922954786392244,-0.049483307236161324,0.10072224689444143
42,30,0.03922954786392244,-0.051213064530225595,0.09531517954434844
42,31,0.03922954786392244,-0.05281203572573503,0.08944537395638645
42,32,0.03922954786392244,-0.054270362633557445,0.08309249409069835
42,33,0.03922954786392244,-0.0555790541833632,0.07623025435298333
42,34,0.03922954786392244,-0.056730041856563655,0.06882216794939983
42,35,0.03922954786392244,-0.057716229431411276,0.060814157329231316
42,36,0.03922954786392244,-0.05853153673356649,0.05212052516852587
42,37,0.03922954786392244,-0.0591709371223943,0.04259380961366906
42,38,0.03922954786392244,-0.05963048848187541,0.031946593499659455
42,39,0.03922954786392244,-0.05990735752506226,0.019467221798016555
42,40,0.03922954786392244,-0.05999983726223531,0.0
43,0,0.05876869872891879,-0.0,0.13991820052554682
43,1,0.05876869872891879,-9.231287981821518e-05,0.1399181989873768
43,2,0.05876869872891879,-0.0003686823796716311,0.1399181382441432
43,3,0.05876869872891879,-0.0008274045896914733,0.13991766019010973
43,4,0.05876869872891879,-0.0014656513349123484,0.1399157097077027
43,5,0.05876869872891879,-0.002279487611911392,0.13991009082575873
43,6,0.05876869872891879,-0.0032638958494128805,0.1398970307166879
43,7,0.05876869872891879,-0.004412806843283662,0.13987079163946858
43,8,0.05876869872891879,-0.00571913717519485,0.139823362733629
43,9,0.05876869872891879,-0.007174832884251294,0.139744255071829
43,10,0.05876869872891879,-0.008770919122338712,0.13962041392559496
43,11,0.05876869872891879,-0.010497555487046773,0.13943625226685183
43,12,0.05876869872891879,-0.012344096691022186,0.13917379999144375
43,13,0.05876869872891879,-0.014299158193705188,0.13881295513553576
43,14,0.05876869872891879,-0.016350686390807816,0.1383318171985901
43,15,0.05876869872891879,-0.018486032928792584,0.1377070789860382
43,16,0.05876869872891879,-0.02069203268617803,0.13691445215270207
43,17,0.05876869872891879,-0.022955084940890515,0.13592910253515295
43,18,0.05876869872891879,-0.025261237223238503,0.13472607384619406
43,19,0.05876869872891879,-0.027596271337527862,0.1332806817060061
43,20,0.05876869872891879,-0.02994579102196636,0.13156886365763829
43,21,0.05876869872891879,-0.03229531070640486,0.12956747421006617
43,22,0.05876869872891879,-0.034630344820694214,0.12725451664664536
43,23,0.05876869872891879,-0.036936497103042205,0.12460930502016712
43,24,0.05876869872891879,-0.039199549357754694,0.12161255018195752
43,25,0.05876869872891879,-0.04140554911514013,0.11824636260152169
43,26,0.05876869872891879,-0.043540895653124904,0.11449416173849185
43,27,0.05876869872891879,-0.045592423850227534,0.11034047614793352
43,28,0.05876869872891879,-0.04754748535291053,0.1057706090731695
43,29,0.05876869872891879,-0.04939402655688595,0.10077012864524042
43,30,0.05876869872891879,-0.05112066292159401,0.09532411544909891
43,31,0.05876869872891879,-0.05271674915968143,0.08941605420485549
43,32,0.05876869872891879,-0.05417244486873787,0.0830261721303816
43,33,0.05876869872891879,-0.05547877520064906,0.07612886334624064
43,34,0.05876869872891879,-0.05662768619451984,0.0686884990563505
43,35,0.05876869872891879,-0.05761209443202133,0.0606521511626752
43,36,0.05876869872891879,-0.05842593070902038,0.05193578900430814
43,37,0.05876869872891879,-0.05906417745424125,0.04239464491826888
43,38,0.05876869872891879,-0.059522899664261095,0.031746424844852315
43,39,0.05876869872891879,-0.059799269164114516,0.01929251560526579
43,40,0.05876869872891879,-0.059891582043932724,0.0
44,0,0.0782172325201154,-0.0,0.13995458709163078
44,1,0.0782172325201154,-9.178760122444978e-05,0.139954585317765
44,2,0.0782172325201154,-0.00036658450381377286,0.13995451730618225
44,3,0.0782172325201154,-0.0008226964934842697,0.1399539917485955
44,4,0.0782172325201154,-0.0014573114881469868,0.1399518751468199
44,5,0.0782172325201154,-0.0022665168753289305,0.13994583816655426
44,6,0.0782172325201154,-0.003245323634730027,0.13993191843480013
44,7,0.0782172325201154,-0.004387697097192293,0.13990413869900226
44,8,0.0782172325201154,-0.005686594150441926,0.13985421068835222
44,9,0.0782172325201154,-0.00713400666221854,0.13977134625038737
44,10,0.0782172325201154,-0.008721010853073526,0.13964218776998424
44,11,0.0782172325201154,-0.010437822314437828,0.1394508600183804
44,12,0.0782172325201154,-0.012273856332754381,0.13917913629515613
44,13,0.0782172325201154,-0.014217793147757,0.1388067039019271
44,14,0.0782172325201154,-0.016257647742556613,0.13831150829634314
44,15,0.0782172325201154,-0.018380843735255788,0.13767015204642546
44,16,0.0782172325201154,-0.020574290916525226,0.13685832388791971
44,17,0.0782172325201154,-0.022824465955097187,0.1358512344099565
44,18,0.0782172325201154,-0.02511749577359976,0.13462403757847022
44,19,0.0782172325201154,-0.02743924308069208,0.1331522207965811
44,20,0.0782172325201154,-0.029775393532166593,0.13141194987348473
44,21,0.0782172325201154,-0.032111543983641105,0.1293803586084747
44,22,0.0782172325201154,-0.03443329129073342,0.12703577530179955
44,23,0.0782172325201154,-0.036726321109235995,0.1243578800960197
44,24,0.0782172325201154,-0.03897649614780797,0.12132778740666292
44,25,0.0782172325201154,-0.0411699433290774,0.11792804657741374
44,26,0.0782172325201154,-0.04329313932177658,0.11414255092350933
44,27,0.0782172325201154,-0.045332993916576185,0.10995633984723256
44,28,0.0782172325201154,-0.047276930731578806,0.10535526949669453
44,29,0.0782172325201154,-0.049112964749895356,0.10032551219650733
44,30,0.0782172325201154,-0.05082977621125966,0.09485281921620932
44,31,0.0782172325201154,-0.05241678040211465,0.08892143668343176
44,32,0.0782172325201154,-0.053864192913891266,0.08251248261024345
44,33,0.0782172325201154,-0.055163089967140894,0.07560143442909399
44,34,0.0782172325201154,-0.056305463429603166,0.06815404664321194
44,35,0.0782172325201154,-0.05728427018900426,0.06011926897191962
44,36,0.0782172325201154,-0.05809347557618621,0.05141582709529028
44,37,0.0782172325201154,-0.05872809057084892,0.04190344716104639
44,38,0.0782172325201154,-0.05918420256051942,0.031308397978827424
44,39,0.0782172325201154,-0.059458999463108744,0.01895369909468994
44,40,0.0782172325201154,-0.05955078706433319,0.0
45,0,0.0975451610080641,-0.0,0.13948977040426536
45,1,0.0975451610080641,-9.091197722144984e-05,0.13948976828853424
45,2,0.0975451610080641,-0.00036308740631492615,0.13948969013868737
45,3,0.0975451610080641,-0.0008148482352525596,0.1394891000213018
45,4,0.0975451610080641,-0.0014434092082982225,0.13948676208806085
45,5,0.0975451610080641,-0.002244895038035357,0.13948017712114702
45,6,0.0975451610080641,-0.00321436429780255,0.13946514681039698
45,7,0.0975451610080641,-0.004345839887232095,0.13943540262245321
45,8,0.0975451610080641,-0.005632345883061347,0.13938232726481553
45,9,0.0975451610080641,-0.007065950548019359,0.13929478777516158
45,10,0.0975451610080641,-0.008637815232624737,0.1391590896748575
45,11,0.0975451610080641,-0.010338248868398847,0.13895905196177635
45,12,0.0975451610080641,-0.012156767716525572,0.13867619383685126
45,13,0.0975451610080641,-0.01408216000358733,0.1382900167901876
45,14,0.0975451610080641,-0.01610255504587648,0.13777836060601883
45,15,0.0975451610080641,-0.018205496436107787,0.13711780922032707
45,16,0.0975451610080641,-0.020378018841311494,0.13628412205669702
45,17,0.0975451610080641,-0.02260672793842251,0.13525266805826314
45,18,0.0975451610080641,-0.024877882994736172,0.1339988425343943
45,19,0.0975451610080641,-0.027177481584094606,0.13249845050780262
45,20,0.0975451610080641,-0.02949134591650029,0.13072804388991124
45,21,0.0975451610080641,-0.03180521024890598,0.12866520304946322
45,22,0.0975451610080641,-0.03410480883826441,0.12628875581807655
45,23,0.0975451610080641,-0.036375963894578076,0.12357892844762093
45,24,0.0975451610080641,-0.0386046729916891,0.12051742330151947
45,25,0.0975451610080641,-0.0407771953968928,0.11708741690603357
45,26,0.0975451610080641,-0.0428801367871241,0.11327346906128581
45,27,0.0975451610080641,-0.044900531829413254,0.10906132838463047
45,28,0.0975451610080641,-0.04682592411647501,0.10443761075551994
45,29,0.0975451610080641,-0.048644442964601735,0.09938931244494179
45,30,0.0975451610080641,-0.05034487660037585,0.09390309502868255
45,31,0.0975451610080641,-0.05191674128498123,0.08796423617783797
45,32,0.0975451610080641,-0.053350345949939246,0.08155506184951895
45,33,0.0975451610080641,-0.05463685194576849,0.07465252327185669
45,34,0.0975451610080641,-0.05576832753519804,0.06722426596549277
45,35,0.0975451610080641,-0.05673779679496523,0.05922182041071246
45,36,0.0975451610080641,-0.05753928262470237,0.05056771793847154
45,37,0.0975451610080641,-0.05816784359774803,0.04112790570487086
45,38,0.0975451610080641,-0.058619604426685665,0.030640500164015098
45,39,0.0975451610080641,-0.05889177985577914,0.018458289743562006
45,40,0.0975451610080641,-0.05898269183300059,0.0
46,0,0.11672268192795267,-0.0,0.1385323502318045
46,1,0.11672268192795267,-8.969716031014147e-05,0.1385323476282094
46,2,0.11672268192795267,-0.0003582356284199186,0.1385322556465396
46,3,0.11672268192795267,-0.0008039597753753386,0.13853157998183702
46,4,0.11672268192795267,-0.001424121563592095,0.13852895505321994
46,5,0.11672268192795267,-0.002214897489421112,0.1385216718366976
46,6,0.11672268192795267,-0.003171412156319975,0.1385052473820306
46,7,0.11672268192795267,-0.004287768333293849,0.13847306970679343
46,8,0.11672268192795267,-0.0055570833132855945,0.13841614285949796
46,9,0.11672268192795267,-0.006971531347353495,0.13832294791225405
46,10,0.11672268192795267,-0.008522391893015822,0.13817942617184348
46,11,0.11672268192795267,-0.010200103379295104,0.13796908159261673
46,12,0.11672268192795267,-0.011994322156982748,0.1376731910715175
46,13,0.11672268192795267,-0.01389398627067602,0.13727110476055887
46,14,0.11672268192795267,-0.015887383659411586,0.1367406142340825
46,15,0.11672268192795267,-0.017962224365415988,0.13605836443467928
46,16,0.11672268192795267,-0.020105716305782163,0.13520028558983807
46,17,0.11672268192795267,-0.02230464413991435,0.1341420232810109
46,18,0.11672268192795267,-0.024545450746497426,0.13285934795956766
46,19,0.11672268192795267,-0.02681432080765799,0.13132852882180926
46,20,0.11672268192795267,-0.029097265984993133,0.12952666052911152
46,21,0.11672268192795267,-0.031380211162328274,0.12743193435824543
46,22,0.11672268192795267,-0.03364908122348884,0.12502384768392544
46,23,0.11672268192795267,-0.035889887830071916,0.12228334702048421
46,24,0.11672268192795267,-0.03808881566420411,0.1191929000166885
46,25,0.11672268192795267,-0.04023230760457028,0.11573649061333288
46,26,0.11672268192795267,-0.04230714831057469,0.11189952871665078
46,27,0.11672268192795267,-0.044300545699310245,0.10766866061754642
46,28,0.11672268192795267,-0.04620020981300352,0.10303145788344804
46,29,0.11672268192795267,-0.04799442859069116,0.09797594847430051
46,30,0.11672268192795267,-0.04967214007697045,0.0924899303925945
46,31,0.11672268192795267,-0.051223000622632776,0.08655996738787412
46,32,0.11672268192795267,-0.052637448656700676,0.0801698917871721
46,33,0.11672268192795267,-0.05390676363669242,0.073298495502129
46,34,0.11672268192795267,-0.055023119813666296,0.06591579123880867
46,35,0.11672268192795267,-0.05597963448056516,0.057976547879106576
46,36,0.11672268192795267,-0.05677041040639418,0.049408080730656244
46,37,0.11672268192795267,-0.05739057219461093,0.04008416053154127
46,38,0.11672268192795267,-0.057836296341566354,0.029757777643151566
46,39,0.11672268192795267,-0.05810483480967613,0.017818899631957104
46,40,0.11672268192795267,-0.05819453196998627,0.0
47,0,0.1357202249325371,-0.0,0.13709727146352993
47,1,0.1357202249325371,-8.815716666910696e-05,0.13709726816722603
47,2,0.1357202249325371,-0.0003520851484286774,0.13709715752377205
47,3,0.1357202249325371,-0.0007901567415062098,0.1370963701551014
47,4,0.1357202249325371,-0.0013996710888567873,0.1370933793472304
47,5,0.1357202249325371,-0.002176870331844908,0.1370852227267739
47,6,0.1357202249325371,-0.003116962778692575,0.13706708205742457
47,7,0.1357202249325371,-0.004214152446852513,0.13703195033926244
47,8,0.1357202249325371,-0.00546167479716793,0.1369704068484134
47,9,0.1357202249325371,-0.006851838439505851,0.13687051190037242
47,10,0.1357202249325371,-0.008376072552734938,0.13671782397268364
47,11,0.1357202249325371,-0.010024979726687864,0.13649553307405896
47,12,0.1357202249325371,-0.01178839390031993,0.13618469670916492
47,13,0.1357202249325371,-0.013655443038855975,0.135764559129165
47,14,0.1357202249325371,-0.015614616163500086,0.13521293115216262
47,15,0.1357202249325371,-0.017653834320447658,0.13450660671432643
47,16,0.1357202249325371,-0.01976052505165226,0.1336217931909505
47,17,0.1357202249325371,-0.02192169990821026,0.1325345349108844
47,18,0.1357202249325371,-0.024124034528467408,0.13122111258432992
47,19,0.1357202249325371,-0.026353950787139247,0.12965840499045175
47,20,0.1357202249325371,-0.02859770050896866,0.12782420273156045
47,21,0.1357202249325371,-0.03084145023079807,0.12569746678022672
47,22,0.1357202249325371,-0.03307136648946991,0.12325852666885351
47,23,0.1357202249325371,-0.03527370110972706,0.12048921432953133
47,24,0.1357202249325371,-0.037434875966285065,0.1173729296523426
47,25,0.1357202249325371,-0.03954156669748966,0.11389463262608311
47,26,0.1357202249325371,-0.04158078485443724,0.11004075416496985
47,27,0.1357202249325371,-0.04353995797908135,0.10579901285608807
47,28,0.1357202249325371,-0.04540700711761739,0.101158116844145
47,29,0.1357202249325371,-0.04717042129124945,0.09610731694615275
47,30,0.1357202249325371,-0.048819328465202386,0.09063575512629266
47,31,0.1357202249325371,-0.05034356257843147,0.08473151430244277
47,32,0.1357202249325371,-0.0517337262207694,0.0783802058876231
47,33,0.1357202249325371,-0.052981248571084806,0.07156279703187708
47,34,0.1357202249325371,-0.05407843823924475,0.06425210070748823
47,35,0.1357202249325371,-0.055018530686092415,0.056406720302929994
47,36,0.1357202249325371,-0.055795729929080544,0.047959637763388754
47,37,0.1357202249325371,-0.056405244276431114,0.03879388380200447
47,38,0.1357202249325371,-0.05684331586950865,0.028680009027655072
47,39,0.1357202249325371,-0.057107243851268225,0.017051634230810908
47,40,0.1357202249325371,-0.057195401017937325,0.0
48,0,0.15450849718747367,-0.0,0.1352025956795531
48,1,0.15450849718747367,-8.630865153374746e-05,0.1352025913997369
48,2,0.15450849718747367,-0.00034470248459774264,0.13520245572686931
48,3,0.15450849718747367,-0.0007735884152864832,0.1352015238743601
48,4,0.15450849718747367,-0.0013703222192182223,0.13519807210444773
48,5,0.15450849718747367,-0.0021312248340575966,0.13518883765123166
48,6,0.15450849718747367,-0.0030516050421583256,0.13516861526098561
48,7,0.15450849718747367,-0.004125788393479993,0.13512995350070628
48,8,0.15450849718747367,-0.005347152190459492,0.1350629663667449
48,9,0.15450849718747367,-0.006708166319143763,0.13495526736958224
48,10,0.15450849718747367,-0.008200439674846344,0.13479202470195173
48,11,0.15450849718747367,-0.009814771896098086,0.1345561281290312
48,12,0.15450849718747367,-0.01154121008793503,0.1342284516557157
48,13,0.15450849718747367,-0.013369110184805548,0.13378819139619472
48,14,0.15450849718747367,-0.015287202574773968,0.1332132556480952
48,15,0.15450849718747367,-0.017283661580425692,0.1324806838792949
48,16,0.15450849718747367,-0.019346178368100896,0.13156707281996194
48,17,0.15450849718747367,-0.021462036835947117,0.13044899059642048
48,18,0.15450849718747367,-0.023618192012915762,0.12910336327280766
48,19,0.15450849718747367,-0.025801350485346455,0.1275078217467369
48,20,0.15450849718747367,-0.027998052355282802,0.1256410002419218
48,21,0.15450849718747367,-0.03019475422521915,0.12348278034129598
48,22,0.15450849718747367,-0.03237791269764984,0.12101447640658189
48,23,0.15450849718747367,-0.03453406787461848,0.1182189592083824
48,24,0.15450849718747367,-0.036649926342464716,0.11508071454393277
48,25,0.15450849718747367,-0.03871244313013991,0.11158583240848766
48,26,0.15450849718747367,-0.04070890213579164,0.10772191965003529
48,27,0.15450849718747367,-0.04262699452576006,0.10347792446989454
48,28,0.15450849718747367,-0.044454894622630574,0.09884385367491474
48,29,0.15450849718747367,-0.04618133281446752,0.09381035143765976
48,30,0.15450849718747367,-0.04779566503571926,0.0883680880427209
48,31,0.15450849718747367,-0.04928793839142184,0.08250687192408752
48,32,0.15450849718747367,-0.05064895252010612,0.07621433425701868
48,33,0.15450849718747367,-0.051870316317085614,0.06947391176003144
48,34,0.15450849718747367,-0.05294449966840728,0.06226159732498684
48,35,0.15450849718747367,-0.053864879876508016,0.054540349034643665
48,36,0.15450849718747367,-0.05462578249134739,0.04624958092550818
48,37,0.15450849718747367,-0.05522251629527913,0.037282818286925555
48,38,0.15450849718747367,-0.05565140222596787,0.02743045023148501
48,39,0.15450849718747367,-0.05590979605903187,0.01617511853334685
48,40,0.15450849718747367,-0.05599610471056561,0.0
49,0,0.17305852853874645,-0.0,0.13286926449290373
49,1,0.17305852853874645,-8.417064809427101e-05,0.13286925881437323
49,2,0.17305852853874645,-0.0003361636523419996,0.1328690896975551
49,3,0.17305852853874645,-0.0007544253920758271,0.13286797227974842
49,4,0.17305852853874645,-0.0013363771445841458,0.1328639451518113
49,5,0.17305852853874645,-0.0020784309837941486,0.13285339513746122
49,6,0.17305852853874645,-0.0029760119010291642,0.13283067850378755
49,7,0.17305852853874645,-0.004023586011458497,0.13278785414319977
49,8,0.17305852853874645,-0.005214694672337611,0.1327145382891167
49,9,0.17305852853874645,-0.006541994302688361,0.13259788285501595
49,10,0.17305852853874645,-0.007997301658917717,0.132422671782087
49,11,0.17305852853874645,-0.009571644287235727,0.13217152282118252
49,12,0.17305852853874645,-0.011255315841816757,0.1318251767172514
49,13,0.17305852853874645,-0.01303793592764921,0.13136285227350836
49,14,0.17305852853874645,-0.014908514099122598,0.1307626443798287
49,15,0.17305852853874645,-0.016855517619779426,0.1300019426187314
49,16,0.17305852853874645,-0.018866942565470474,0.12905785010837842
49,17,0.17305852853874645,-0.020930387832538887,0.1279075852807478
49,18,0.17305852853874645,-0.02303313159474801,0.12652885278496784
49,19,0.17305852853874645,-0.025162209737570565,0.12490017317590403
49,20,0.17305852853874645,-0.027304495786265724,0.12300116413042435
49,21,0.17305852853874645,-0.029446781834960887,0.12081276838017982
49,22,0.17305852853874645,-0.03157585997778344,0.1183174252116435
49,23,0.17305852853874645,-0.03367860373999256,0.11549918317604252
49,24,0.17305852853874645,-0.03574204900706098,0.1123437515034353
49,25,0.17305852853874645,-0.037753473952752026,0.10883848651380885
49,26,0.17305852853874645,-0.03970047747340885,0.10497230683426695
49,27,0.17305852853874645,-0.04157105564488224,0.10073552700922225
49,28,0.17305852853874645,-0.04335367573071469,0.09611959226071178
49,29,0.17305852853874645,-0.04503734728529572,0.09111668608386286
49,30,0.17305852853874645,-0.04661168991361374,0.08571916393578771
49,31,0.17305852853874645,-0.04806699726984309,0.07991873437479924
49,32,0.17305852853874645,-0.04939429690019385,0.07370525100817318
49,33,0.17305852853874645,-0.05058540556107295,0.06706486681575134
49,34,0.17305852853874645,-0.05163297967150229,0.05997707118803285
49,35,0.17305852853874645,-0.052530560588737306,0.0524096079009772
49,36,0.17305852853874645,-0.05327261442794731,0.04430895176705903
49,37,0.17305852853874645,-0.05385456618045563,0.0355801238556391
49,38,0.17305852853874645,-0.054272827920189455,0.02603516345181549
49,39,0.17305852853874645,-0.05452482092443719,0.01520985663256397
49,40,0.17305852853874645,-0.054608991572531455,0.0
50,0,0.19134171618254486,-0.0,0.13012082430554522
50,1,0.19134171618254486,-8.176427664975576e-05,0.1301208166350048
50,2,0.19134171618254486,-0.00032655300264409375,0.1301206029824497
50,3,0.19134171618254486,-0.000732856974086753,0.1301192487563368
50,4,0.19134171618254486,-0.0012981711918840023,0.1301145095330387
50,5,0.19134171618254486,-0.00201901030589707,0.13010236977990916
50,6,0.19134171618254486,-0.0028909301032847366,0.13007669800874222
50,7,0.19134171618254486,-0.003908554908553353,0.1300290248495308
50,8,0.19134171618254486,-0.005065610726383853,0.12994844698616112
50,9,0.19134171618254486,-0.006354963922899207,0.12982165371178908
50,10,0.19134171618254486,-0.007768665206889448,0.12963306630674876
50,11,0.19134171618254486,-0.009297998639835403,0.129365074699299
50,12,0.19134171618254486,-0.010933535372567981,0.12899835167203003
50,13,0.19134171618254486,-0.012665191777258736,0.12851222258457798
50,14,0.19134171618254486,-0.01448229161633856,0.12788506821509002
50,15,0.19134171618254486,-0.016373631865052515,0.12709473962022447
50,16,0.19134171618254486,-0.018327551781832825,0.12611896643840262
50,17,0.19134171618254486,-0.020332004800648232,0.12493574330338428
50,18,0.19134171618254486,-0.022374632802089473,0.1235236825055957
50,19,0.19134171618254486,-0.02444284230528493,0.12186232433114162
50,20,0.19134171618254486,-0.026523882110897942,0.11993239932907049
50,21,0.19134171618254486,-0.02860492191651096,0.1177160389220178
50,22,0.19134171618254486,-0.03067313141970641,0.11519693218573566
50,23,0.19134171618254486,-0.032715759421147655,0.11236042723067957
50,24,0.19134171618254486,-0.034720212439963066,0.10919357538083395
50,25,0.19134171618254486,-0.03667413235674337,0.10568511517311893
50,26,0.19134171618254486,-0.03856547260545733,0.10182539089693239
50,27,0.19134171618254486,-0.040382572444537156,0.09760619655370127
50,28,0.19134171618254486,-0.04211422884922791,0.09302052996649077
50,29,0.19134171618254486,-0.04374976558196048,0.08806223185391904
50,30,0.19134171618254486,-0.04527909901490644,0.0827254682326638
50,31,0.19134171618254486,-0.046692800298896685,0.07700398609352581
50,32,0.19134171618254486,-0.04798215349541204,0.0708900207131299
50,33,0.19134171618254486,-0.04913920931324253,0.06437263369136802
50,34,0.19134171618254486,-0.05015683411851115,0.057435055799477795
50,35,0.19134171618254486,-0.05102875391589882,0.05005014664493462
50,36,0.19134171618254486,-0.05174959302991189,0.04217191692580613
50,37,0.19134171618254486,-0.05231490724770914,0.033717625047362726
50,38,0.19134171618254486,-0.0527212112191518,0.024522259400520413
50,39,0.19134171618254486,-0.05296599994514614,0.014177530117178398
50,40,0.19134171618254486,-0.05304776422179589,0.0
51,0,0.2093298687687139,-0.0,0.12698311990952596
51,1,0.2093298687687139,-7.911243130569133e-05,0.12698310940223287
51,2,0.2093298687687139,-0.0003159619707762103,0.12698283669231233
51,3,0.2093298687687139,-0.0007090883622402626,0.12698118231598596
51,4,0.2093298687687139,-0.0012560678507666752,0.12697556933108756
51,5,0.2093298687687139,-0.0019535281259195477,0.12696152764569177
51,6,0.2093298687687139,-0.0027971691131734857,0.126932393420185
51,7,0.2093298687687139,-0.003781789485302974,0.1268791399503571
51,8,0.2093298687687139,-0.004901318730294336,0.1267903360567492
51,9,0.2093298687687139,-0.0061488545780709475,0.12665222347417252
51,10,0.2093298687687139,-0.0075167055552834965,0.12644889957285105
51,11,0.2093298687687139,-0.008996438405800866,0.12616258737403427
51,12,0.2093298687687139,-0.010578930084538508,0.1257739719594398
51,13,0.2093298687687139,-0.012254424004065123,0.12526258127771542
51,14,0.2093298687687139,-0.014012590187208563,0.12460718994392309
51,15,0.2093298687687139,-0.015842588954800167,0.12378622659235548
51,16,0.2093298687687139,-0.01773313775590139,0.12277816823132552
51,17,0.2093298687687139,-0.019672580728482165,0.12156190838519676
51,18,0.2093298687687139,-0.02164896056168631,0.12011708916778578
51,19,0.2093298687687139,-0.023650092216629132,0.1184243904814485
51,20,0.2093298687687139,-0.0256636380512141,0.11646577205573753
51,21,0.2093298687687139,-0.027677183885799074,0.11422466590452124
51,22,0.2093298687687139,-0.029678315540741892,0.1116861179380223
51,23,0.2093298687687139,-0.03165469537394604,0.1088368778995747
51,24,0.2093298687687139,-0.033594138346526824,0.10566543648628375
51,25,0.2093298687687139,-0.035484687147628036,0.10216200739197955
51,26,0.2093298687687139,-0.03731468591521964,0.09831844991232264
51,27,0.2093298687687139,-0.03907285209836309,0.09412812432479374
51,28,0.2093298687687139,-0.040748346017889694,0.08958566682471929
51,29,0.2093298687687139,-0.042330837696627335,0.08468666209203882
51,30,0.2093298687687139,-0.04381057054714471,0.07942717717021229
51,31,0.2093298687687139,-0.04517842152435726,0.07380309553028587
51,32,0.2093298687687139,-0.046425957372133876,0.06780914524689775
51,33,0.2093298687687139,-0.04754548661712523,0.0614374288608095
51,34,0.2093298687687139,-0.04853010698925472,0.05467508449427538
51,35,0.2093298687687139,-0.04937374797650866,0.04750030734750008
51,36,0.2093298687687139,-0.05007120825166154,0.039874952343335796
51,37,0.2093298687687139,-0.05061818774018795,0.031728977661368174
51,38,0.2093298687687139,-0.051011314131652,0.022921075895314898
51,39,0.2093298687687139,-0.05124816367112252,0.013100263562036618
51,40,0.2093298687687139,-0.05132727610242821,0.0
52,0,0.22699524986977337,-0.0,0.1234839647534576
52,1,0.22699524986977337,-7.623945182106373e-05,0.12348395021601778
52,2,0.22699524986977337,-0.0003044877657115854,0.12348359964335756
52,3,0.22699524986977337,-0.0006833377149161688,0.12348156785027914
52,4,0.22699524986977337,-0.0012104535635175699,0.12347489287045146
52,5,0.22699524986977337,-0.0018825854670253559,0.12345859995255912
52,6,0.22699524986977337,-0.002695589508747863,0.12342545600938173
52,7,0.22699524986977337,-0.0036444532484165948,0.12336586053760606
52,8,0.22699524986977337,-0.004723326625547283,0.12326786231497448
52,9,0.22699524986977337,-0.005925558027008113,0.12311728854684063
52,10,0.22699524986977337,-0.007243735296426565,0.12289796951935666
52,11,0.22699524986977337,-0.008669731432598258,0.12259203889788604
52,12,0.22699524986977337,-0.010194754695151855,0.12218028827603522
52,13,0.22699524986977337,-0.011809402808552019,0.12164255460762
52,14,0.22699524986977337,-0.013503720930254657,0.12095812058715497
52,15,0.22699524986977337,-0.01526726302562152,0.12010611053390122
52,16,0.22699524986977337,-0.01708915627119742,0.11906586744753382
52,17,0.22699524986977337,-0.018958168089282395,0.11781730021654654
52,18,0.22699524986977337,-0.02086277540050846,0.11634119312019145
52,19,0.22699524986977337,-0.0227912356674557,0.11461947251676524
52,20,0.22699524986977337,-0.02473165929130027,0.11263542780186048
52,21,0.22699524986977337,-0.026672082915144845,0.11037388527960866
52,22,0.22699524986977337,-0.028600543182092087,0.10782133450326181
52,23,0.22699524986977337,-0.03050515049331815,0.1049660069174636
52,24,0.22699524986977337,-0.03237416231140313,0.10179790627212079
52,25,0.22699524986977337,-0.03419605555697902,0.09830878922978853
52,26,0.22699524986977337,-0.03595959765234589,0.09449209271663557
52,27,0.22699524986977337,-0.03765391577404853,0.09034280157366996
52,28,0.22699524986977337,-0.03926856388744869,0.08585724537373252
52,29,0.22699524986977337,-0.04079358715000229,0.08103280579816387
52,30,0.22699524986977337,-0.042219583286173985,0.07586750366284437
52,31,0.22699524986977337,-0.043537760555592435,0.07035941353068102
52,32,0.22699524986977337,-0.04473999195705327,0.06450581560273198
52,33,0.22699524986977337,-0.04581886533418395,0.058301921241134994
52,34,0.22699524986977337,-0.04676772907385268,0.051738857588893294
52,35,0.22699524986977337,-0.047580733115575195,0.04480025805284482
52,36,0.22699524986977337,-0.048252865019082984,0.037455954642974555
52,37,0.22699524986977337,-0.04877998086768438,0.02964877734396067
52,38,0.22699524986977337,-0.04915883081688897,0.021261320613063094
52,39,0.22699524986977337,-0.04938707913077949,0.011999888627067018
52,40,0.22699524986977337,-0.04946331858260055,0.0
53,0,0.24431062074847754,-0.0,0.1196527959000719
53,1,0.24431062074847754,-7.3170788296785e-05,0.11965277566675907
53,2,0.24431062074847754,-0.00029223203094553196,0.11965232324294578
53,3,0.24431062074847754,-0.0006558331425400612,0.11964982142205502
53,4,0.24431062074847754,-0.0011617324013177479,0.11964186962301024
53,5,0.24431062074847754,-0.0018068107701196545,0.11962294348087273
53,6,0.24431062074847754,-0.0025870911262917923,0.11958521486747833
53,7,0.24431062074847754,-0.0034977627819688124,0.11951850870489758
53,8,0.24431062074847754,-0.004533211143564412,0.1194103799549191
53,9,0.24431062074847754,-0.005687052327607833,0.11924629347448543
53,10,0.24431062074847754,-0.006952172519508315,0.11900988738538251
53,11,0.24431062074847754,-0.008320771832587644,0.11868329910984929
53,12,0.24431062074847754,-0.009784412396975226,0.11824753292963011
53,13,0.24431062074847754,-0.011334070381881738,0.11768284893346052
53,14,0.24431062074847754,-0.012960191630516659,0.11696915532189896
53,15,0.24431062074847754,-0.014652750564641968,0.11608638888246356
53,16,0.24431062074847754,-0.016401311995595823,0.11501487163619435
53,17,0.24431062074847754,-0.01819509546070071,0.11373563483079095
53,18,0.24431062074847754,-0.020023041688400738,0.11223070433879935
53,19,0.24431062074847754,-0.02187388078234832,0.11048334393137992
53,20,0.24431062074847754,-0.02373620170406282,0.10847825474670948
53,21,0.24431062074847754,-0.02559852262577732,0.10620173053202905
53,22,0.24431062074847754,-0.027449361719724903,0.10364176892508095
53,23,0.24431062074847754,-0.02927730794742493,0.10078813918197459
53,24,0.24431062074847754,-0.031071091412529825,0.09763240636720402
53,25,0.24431062074847754,-0.032819652843483677,0.09416791106672204
53,26,0.24431062074847754,-0.034512211777608985,0.0903897020560288
53,27,0.24431062074847754,-0.036138333026243905,0.08629441680673458
53,28,0.24431062074847754,-0.03768799101115042,0.08188010076945669
53,29,0.24431062074847754,-0.039151631575538,0.07714595013142238
53,30,0.24431062074847754,-0.04052023088861733,0.07209195251677189
53,31,0.24431062074847754,-0.04178535108051781,0.06671838256163945
53,32,0.24431062074847754,-0.042939192264561235,0.06102507766262894
53,33,0.24431062074847754,-0.04397464062615683,0.055010358662326314
53,34,0.24431062074847754,-0.04488531228183385,0.048669335955273466
53,35,0.24431062074847754,-0.04566559263800599,0.04199106317823246
53,36,0.24431062074847754,-0.0463106710068079,0.03495330342248206
53,37,0.24431062074847754,-0.04681657026558558,0.027511638222245338
53,38,0.24431062074847754,-0.04718017137718011,0.019572209954409864
53,39,0.24431062074847754,-0.04739923261982887,0.010897240148453996
53,40,0.24431062074847754,-0.04747240340812565,0.0
54,0,0.2612492823579744,-0.0,0.11552032171944893
54,1,0.2612492823579744,-6.9932666258036e-05,0.1155202935032025
54,2,0.2612492823579744,-0.0002792995068896897,0.11551970921692285
54,3,0.2612492823579744,-0.0006268097057009326,0.1155166288074273
54,4,0.2612492823579744,-0.0011103207467572202,0.11550716115424961
54,5,0.2612492823579744,-0.0017268516237067056,0.11548519609282461
54,6,0.2612492823579744,-0.002472601218675674,0.11544229930705797
54,7,0.2612492823579744,-0.003342971737424238,0.11536773882384828
54,8,0.2612492823579744,-0.004332597056276747,0.1152486219994235
54,9,0.2612492823579744,-0.00543537580605866,0.11507012291521374
54,10,0.2612492823579744,-0.006644508989066424,0.11481577950057502
54,11,0.2612492823579744,-0.007952541897149215,0.11446783948255103
54,12,0.2612492823579744,-0.009351410072463621,0.11400763503051943
54,13,0.2612492823579744,-0.010832489027537955,0.113415967749194
54,14,0.2612492823579744,-0.012386647418105455,0.1126734882433363
54,15,0.2612492823579744,-0.014004303340878167,0.11176105749232434
54,16,0.2612492823579744,-0.015675483409167013,0.11066008038932591
54,17,0.2612492823579744,-0.017389884242127226,0.10935280473226683
54,18,0.2612492823579744,-0.01913693598852748,0.10782258150092058
54,19,0.2612492823579744,-0.02090586749339756,0.1060540843023283
54,20,0.2612492823579744,-0.022685772705780528,0.10403348737463737
54,21,0.2612492823579744,-0.024465677918163495,0.10174860251757803
54,22,0.2612492823579744,-0.026234609423033576,0.09918897580311126
54,23,0.2612492823579744,-0.027981661169433833,0.0963459449527332
54,24,0.2612492823579744,-0.02969606200239405,0.09321265787100669
54,25,0.2612492823579744,-0.031367242070682894,0.08978405198073289
54,26,0.2612492823579744,-0.0329848979934556,0.08605679262899225
54,27,0.2612492823579744,-0.034539056384023104,0.0820291667300883
54,28,0.2612492823579744,-0.03602013533909744,0.07770092459938412
54,29,0.2612492823579744,-0.03741900351441184,0.07307305789417913
54,30,0.2612492823579744,-0.038727036422494636,0.06814749335971382
54,31,0.2612492823579744,-0.0399361696055024,0.06292666803969922
54,32,0.2612492823579744,-0.041038948355284315,0.057412926351563934
54,33,0.2612492823579744,-0.04202857367413682,0.05160763120068923
54,34,0.2612492823579744,-0.04289894419288538,0.0455097825275533
54,35,0.2612492823579744,-0.043644693787854356,0.03911371602574798
54,36,0.2612492823579744,-0.044261224664803846,0.032404903596289836
54,37,0.2612492823579744,-0.04474473570586013,0.025351274217001295
54,38,0.2612492823579744,-0.045092245904671376,0.017881638996016094
54,39,0.2612492823579744,-0.045301612745303026,0.009811517611422156
54,40,0.2612492823579744,-0.04537154541156106,0.0
55,0,0.277785116509801,-0.0,0.11111817020071935
55,1,0.277785116509801,-6.655175933545196e-05,0.11111813092685978
55,2,0.277785116509801,-0.0002657967236147971,0.11111737812836246
55,3,0.277785116509801,-0.0005965064813775839,0.11111359534014202
55,4,0.277785116509801,-0.0010566420969950457,0.11110235420894664
55,5,0.277785116509801,-0.0016433666813862832,0.11107693533078669
55,6,0.277785116509801,-0.0023530628823828018,0.11102830504941492
55,7,0.277785116509801,-0.003181355186907524,0.11094521272780734
55,8,0.277785116509801,-0.0041231368974679146,0.11081438489794265
55,9,0.277785116509801,-0.0051726016166441695,0.11062079492881956
55,10,0.277785116509801,-0.006323279045460132,0.11034798739881735
55,11,0.277785116509801,-0.007568074874928083,0.10997843717039418
55,12,0.277785116509801,-0.00889931452482273,0.10949392474551578
55,13,0.277785116509801,-0.010308790460020372,0.10887591180030994
55,14,0.277785116509801,-0.011787812792682203,0.10810590361300736
55,15,0.277785116509801,-0.013327262858302527,0.10716578810474511
55,16,0.277785116509801,-0.014917649435307708,0.10603814412718966
55,17,0.277785116509801,-0.016549167261593296,0.10470651424080187
55,18,0.277785116509801,-0.01821175748722552,0.10315563940059941
55,19,0.277785116509801,-0.019895169690595994,0.10137165464473227
55,20,0.277785116509801,-0.021589025075679582,0.09934224606453737
55,21,0.277785116509801,-0.023282880460763173,0.09705677005833066
55,22,0.277785116509801,-0.02496629266413365,0.09450633618554966
55,23,0.277785116509801,-0.026628882889765868,0.09168385489044184
55,24,0.277785116509801,-0.028260400716051463,0.08858405098380899
55,25,0.277785116509801,-0.029850787293056638,0.08520344305111158
55,26,0.277785116509801,-0.031390237358676965,0.08154028783458371
55,27,0.277785116509801,-0.0328692596913388,0.0775944869686684
55,28,0.277785116509801,-0.03427873562653643,0.07336745094098993
55,29,0.277785116509801,-0.03560997527643108,0.06886191125832346
55,30,0.277785116509801,-0.036854771105899034,0.06408166548691148
55,31,0.277785116509801,-0.038005448534715,0.059031229101731766
55,32,0.277785116509801,-0.03905491325389126,0.05371534882331002
55,33,0.277785116509801,-0.03999669496445164,0.04813829545113039
55,34,0.277785116509801,-0.04082498726897637,0.042302779282445885
55,35,0.277785116509801,-0.04153468346997289,0.0362081643013843
55,36,0.277785116509801,-0.04212140805436413,0.029847241704220803
55,37,0.277785116509801,-0.042581543669981584,0.023199619112006062
55,38,0.277785116509801,-0.04291225342774437,0.01621541878820249
55,39,0.277785116509801,-0.043111498392023724,0.008759743119698066
55,40,0.277785116509801,-0.04317805015135917,0.0
56,0,0.2938926261462365,-0.0,0.10647854543705661
56,1,0.2938926261462365,-6.305487621802406e-05,0.10647849107826501
56,2,0.2938926261462365,-0.0002518307505923362,0.10647752631555177
56,3,0.2938926261462365,-0.0005651637570830748,0.10647290474241256
56,4,0.2938926261462365,-0.0010011220935114218,0.10645962353601714
56,5,0.2938926261462365,-0.0015570179317624402,0.10643034734748087
56,6,0.2938926261462365,-0.0022294239891391876,0.10637547077638686
56,7,0.2938926261462365,-0.003014194658700234,0.10628328438391718
56,8,0.2938926261462365,-0.003906491568305008,0.10614022059109902
56,9,0.2938926261462365,-0.00490081341078696,0.10593115846376934
56,10,0.2938926261462365,-0.005991029861341626,0.1056397676447481
56,11,0.2938926261462365,-0.0071704193730175786,0.10524887320075768
56,12,0.2938926261462365,-0.008431710617288524,0.10474082524964894
56,13,0.2938926261462365,-0.009767127314211633,0.10409785982790182
56,14,0.2938926261462365,-0.011168436175779261,0.10330244030518403
56,15,0.2938926261462365,-0.012626997666877362,0.10233757148912054
56,16,0.2938926261462365,-0.0141338192708924,0.10118708117172047
56,17,0.2938926261462365,-0.01567961093156659,0.0998358661024721
56,18,0.2938926261462365,-0.017254842329284,0.09827010115783867
56,19,0.2938926261462365,-0.018849801638660093,0.096477411798875
56,20,0.2938926261462365,-0.02045465540517478,0.09444701079592148
56,21,0.2938926261462365,-0.022059509171689473,0.09216980070269591
56,22,0.2938926261462365,-0.023654468481065567,0.08963844373870364
56,23,0.2938926261462365,-0.02522969987878297,0.08684740063857498
56,24,0.2938926261462365,-0.02677549153945717,0.0837929396813239
56,25,0.2938926261462365,-0.028282313143472203,0.08047311652446096
56,26,0.2938926261462365,-0.029740874634570307,0.0768877245981861
56,27,0.2938926261462365,-0.031142183496137933,0.0730382145605543
56,28,0.2938926261462365,-0.03247760019306104,0.06892757946857836
56,29,0.2938926261462365,-0.03373889143733198,0.06456019949269795
56,30,0.2938926261462365,-0.034918280949007945,0.05994163545786209
56,31,0.2938926261462365,-0.036008497399562606,0.05507835280629631
56,32,0.2938926261462365,-0.037002819242044564,0.04997734383812507
56,33,0.2938926261462365,-0.03789511615164933,0.04464559000133867
56,34,0.2938926261462365,-0.03867988682121038,0.039089252856809795
56,35,0.2938926261462365,-0.03935229287858713,0.033312364292681036
56,36,0.2938926261462365,-0.03990818871683815,0.027314493558417682
56,37,0.2938926261462365,-0.04034414705326649,0.021086023055859618
56,38,0.2938926261462365,-0.04065748005975724,0.014596616203383789
56,39,0.2938926261462365,-0.04084625593413155,0.00775634218748378
56,40,0.2938926261462365,-0.04090931081034957,0.0
57,0,0.30954697465491704,-0.0,0.10163389936631405
57,1,0.30954697465491704,-5.94686678641189e-05,0.1016338248111106
57,2,0.30954697465491704,-0.0002375080273437527,0.10163259839412216
57,3,0.30954697465491704,-0.0005330204065836188,0.10162699405648445
57,4,0.30954697465491704,-0.0009441838734978611,0.10161141130105657
57,5,0.30954697465491704,-0.0014684634685872273,0.10157791241827382
57,6,0.30954697465491704,-0.002102626833807335,0.10151637035339012
57,7,0.30954697465491704,-0.0028427641411308846,0.10141469813154652
57,8,0.30954697465491704,-0.003684312197937598,0.1012591387144754
57,9,0.30954697465491704,-0.004622082580614134,0.10103459626081206
57,10,0.30954697465491704,-0.0056502936229109926,0.10072499121189397
57,11,0.30954697465491704,-0.006762606061837552,0.10031362344975629
57,12,0.30954697465491704,-0.007952162121326406,0.09978353008186755
57,13,0.30954697465491704,-0.009211627792703275,0.09911782702632396
57,14,0.30954697465491704,-0.010533238051289287,0.09830002626084797
57,15,0.30954697465491704,-0.011908844730360253,0.0973143231395464
57,16,0.30954697465491704,-0.01332996675730406,0.09614585041338614
57,17,0.30954697465491704,-0.01478784244225357,0.0947808974232499
57,18,0.30954697465491704,-0.01627348349681821,0.09320709433932785
57,19,0.30954697465491704,-0.01777773044987081,0.09141356231457241
57,20,0.30954697465491704,-0.019291309118732922,0.0893910310485517
57,21,0.30954697465491704,-0.02080488778759504,0.08713192557942001
57,22,0.30954697465491704,-0.022309134740647635,0.08463042419398288
57,23,0.30954697465491704,-0.02379477579521228,0.08188248921774896
57,24,0.30954697465491704,-0.02525265148016179,0.07888587215103524
57,25,0.30954697465491704,-0.026673773507105595,0.07564009416392736
57,26,0.30954697465491704,-0.028049380186176563,0.07214640233245766
57,27,0.30954697465491704,-0.029370990444762574,0.06840770112785881
57,28,0.30954697465491704,-0.030630456116139442,0.0644284574291583
57,29,0.30954697465491704,-0.0318200121756283,0.060214575467741845
57,30,0.30954697465491704,-0.03293232461455486,0.05577323516138043
57,31,0.30954697465491704,-0.03396053565685172,0.05111268234450992
57,32,0.30954697465491704,-0.03489830603952825,0.0462419506022269
57,33,0.30954697465491704,-0.03573985409633496,0.041170477772902545
57,34,0.30954697465491704,-0.03647999140365851,0.03590754638501287
57,35,0.30954697465491704,-0.037114154768878624,0.03046140245369506
57,36,0.30954697465491704,-0.03763843436396799,0.02483772195518761
57,37,0.30954697465491704,-0.038049597830882236,0.01903656225850095
57,38,0.30954697465491704,-0.0383451102101221,0.013045027721614111
57,39,0.30954697465491704,-0.03852314956960173,0.006812866421246777
57,40,0.30954697465491704,-0.03858261823746585,0.0
58,0,0.3247240241650918,-0.0,0.09661662526066037
58,1,0.3247240241650918,-5.581936015055889e-05,0.09661652426237063
58,2,0.3247240241650918,-0.00022293329568508484,0.09661498184383319
58,3,0.3247240241650918,-0.0005003114936199887,0.09660825103979286
58,4,0.3247240241650918,-0.0008862438251273868,0.09659012897477294
58,5,0.3247240241650918,-0.0013783508890480142,0.09655211208854986
58,6,0.3247240241650918,-0.001973598681690596,0.09648362463562118
58,7,0.3247240241650918,-0.0026683173024735136,0.09637230307181513
58,8,0.3247240241650918,-0.0034582235800822577,0.09620432015958412
58,9,0.3247240241650918,-0.004338447479644877,0.09596473312833416
58,10,0.3247240241650918,-0.005303562128116418,0.09563784132915196
58,11,0.3247240241650918,-0.006347617272755869,0.09520754059321447
58,12,0.3247240241650918,-0.007464175966412959,0.09465766373546104
58,13,0.3247240241650918,-0.00864635425344785,0.09397229907496656
58,14,0.3247240241650918,-0.0098868636116068,0.09313608122915668
58,15,0.3247240241650918,-0.011178055888185538,0.09213445059854328
58,16,0.3247240241650918,-0.012511970453433954,0.0909538797801003
58,17,0.3247240241650918,-0.013880383280485685,0.08958206658319431
58,18,0.3247240241650918,-0.01527485764921852,0.08800809437480119
58,19,0.3247240241650918,-0.016686796161439435,0.08622256118664072
58,20,0.3247240241650918,-0.01810749374670339,0.08421767942961524
58,21,0.3247240241650918,-0.019528191331967346,0.08198734823943715
58,22,0.3247240241650918,-0.02094012984418826,0.07952720047662246
58,23,0.3247240241650918,-0.022334604212921095,0.07683462626952266
58,24,0.3247240241650918,-0.02370301703997283,0.07390877475297411
58,25,0.3247240241650918,-0.025036931605221243,0.07075053533382761
58,26,0.3247240241650918,-0.026328123881799982,0.06736249940542681
58,27,0.3247240241650918,-0.027568633239958933,0.06374890290849505
58,28,0.3247240241650918,-0.02875081152699382,0.05991554943152747
58,29,0.3247240241650918,-0.02986737022065091,0.05586971253394582
58,30,0.3247240241650918,-0.030911425365290363,0.05162001442148779
58,31,0.3247240241650918,-0.0318765400137619,0.047176275543632414
58,32,0.3247240241650918,-0.03275676391332453,0.04254932518112155
58,33,0.3247240241650918,-0.03354667019093327,0.03775075463105132
58,34,0.3247240241650918,-0.034241388811716185,0.03279257748908298
58,35,0.3247240241650918,-0.03483663660435877,0.027686723786470024
58,36,0.3247240241650918,-0.0353287436682794,0.022444201740249466
58,37,0.3247240241650918,-0.035714675999786796,0.017073494728754912
58,38,0.3247240241650918,-0.0359920541977217,0.011576811803573573
58,39,0.3247240241650918,-0.03615916813325623,0.005937867828824838
58,40,0.3247240241650918,-0.036214987493406785,0.0
59,0,0.3394003727664708,-0.0,0.09145877878623306
59,1,0.3394003727664708,-5.2132516250506226e-05,0.09145864405100525
59,2,0.3394003727664708,-0.00020820865070351815,0.09145672946321146
59,3,0.3394003727664708,-0.0004672661420895552,0.09144873949739346
59,4,0.3394003727664708,-0.0008277078148288609,0.0914278865009712
59,5,0.3394003727664708,-0.0012873114261499799,0.09138516176365832
59,6,0.3394003727664708,-0.0018432433669554073,0.09130963546891661
59,7,0.3394003727664708,-0.002492076131963949,0.09118878498993989
59,8,0.3394003727664708,-0.0032298094514205396,0.09100884227443362
59,9,0.3394003727664708,-0.004051894954089506,0.09075514903902991
59,10,0.3394003727664708,-0.0049532642094757195,0.0904125087744325
59,11,0.3394003727664708,-0.005928359976384038,0.08996552595683616
59,12,0.3394003727664708,-0.00697117046515922,0.08939892478557357
59,13,0.3394003727664708,-0.008075266402368293,0.08869784184727153
59,14,0.3394003727664708,-0.009233840669409205,0.08784808909257179
59,15,0.3394003727664708,-0.010439750270660613,0.08683638524810869
59,16,0.3394003727664708,-0.011685560372425166,0.0856505551968064
59,17,0.3394003727664708,-0.012963590141151586,0.08427969792528518
59,18,0.3394003727664708,-0.014265960098327654,0.08271432437988951
59,19,0.3394003727664708,-0.01558464070008542,0.0809464670374478
59,20,0.3394003727664708,-0.01691150184200925,0.07896976323806544
59,21,0.3394003727664708,-0.018238362983933082,0.07677951440008746
59,22,0.3394003727664708,-0.019557043585690846,0.07437272319129457
59,23,0.3394003727664708,-0.020859413542866915,0.0717481106061885
59,24,0.3394003727664708,-0.02213744331159334,0.06890611472787925
59,25,0.3394003727664708,-0.02338325341335789,0.0658488727558666
59,26,0.3394003727664708,-0.0245891630146093,0.06258018766984483
59,27,0.3394003727664708,-0.025747737281650213,0.059105480677240474
59,28,0.3394003727664708,-0.026851833218859283,0.05543173035088506
59,29,0.3394003727664708,-0.027894643707634465,0.051567399081523586
59,30,0.3394003727664708,-0.028869739474542785,0.047522347103726485
59,31,0.3394003727664708,-0.029771108729929,0.043307733816896114
59,32,0.3394003727664708,-0.030593194232597966,0.038935905241270066
59,33,0.3394003727664708,-0.031330927552054556,0.034420264849373376
59,34,0.3394003727664708,-0.031979760317063094,0.02977512183443399
59,35,0.3394003727664708,-0.03253569225786852,0.025015503925263347
59,36,0.3394003727664708,-0.032995295869189645,0.02015690482150755
59,37,0.3394003727664708,-0.03335573754192895,0.015214887811100603
59,38,0.3394003727664708,-0.033614795033314986,0.010204295087510118
59,39,0.3394003727664708,-0.033770871167768,0.0051369238592161755
59,40,0.3394003727664708,-0.033823003684018506,0.0
60,0,0.35355339059327373,-0.0,0.08619183173595972
60,1,0.35355339059327373,-4.843283209748226e-05,0.08619165521064237
60,2,0.35355339059327373,-0.0001934327238744956,0.08618931466643436
60,3,0.35355339059327373,-0.0004341057027808812,0.0861799570711355
60,4,0.35355339059327373,-0.0007689679398697907,0.0861562524675676
60,5,0.35355339059327373,-0.0011959548980965786,0.08610877144970552
60,6,0.35355339059327373,-0.0017124340608762048,0.08602634354362179
60,7,0.35355339059327373,-0.002315221162423384,0.08589641657130605
60,8,0.35355339059327373,-0.003000599819810027,0.08570541587317322
60,9,0.35355339059327373,-0.0037643444457018125,0.08543909703595332
60,10,0.35355339059327373,-0.004601746300509257,0.08508288488513419
60,11,0.35355339059327373,-0.005507642523333101,0.08462219228907865
60,12,0.35355339059327373,-0.00647644796271857,0.08404271377975181
60,13,0.35355339059327373,-0.0075021896109713545,0.08333069062880236
60,14,0.35355339059327373,-0.008578543429736265,0.08247314555985115
60,15,0.35355339059327373,-0.00969887333979665,0.08145808658990274
60,16,0.35355339059327373,-0.010856272134709488,0.08027468051959413
60,17,0.35355339059327373,-0.012043604066029986,0.07891339733186213
60,18,0.35355339059327373,-0.013253548837573624,0.07736612724170128
60,19,0.35355339059327373,-0.014478646737476366,0.07562627241196769
60,20,0.35355339059327373,-0.01571134462979892,0.07368881546231855
60,21,0.35355339059327373,-0.016944042522121477,0.07155036689878984
60,22,0.35355339059327373,-0.01816914042202422,0.06920919352280848
60,23,0.35355339059327373,-0.019379085193567857,0.06666522977628199
60,24,0.35355339059327373,-0.020566417124888357,0.0639200738732177
60,25,0.35355339059327373,-0.021723815919801194,0.06097697048319558
60,26,0.35355339059327373,-0.022844145829861582,0.057840781691920924
60,27,0.35355339059327373,-0.02392049964862649,0.054517947996593735
60,28,0.35355339059327373,-0.024946241296879272,0.05101644123774553
60,29,0.35355339059327373,-0.025915046736264744,0.04734571168785124
60,30,0.35355339059327373,-0.026820942959088587,0.04351663212387367
60,31,0.35355339059327373,-0.027658344813896032,0.03954144282246998
60,32,0.35355339059327373,-0.02842208943978782,0.035433703470276426
60,33,0.35355339059327373,-0.02910746809717446,0.031208261917801707
60,34,0.35355339059327373,-0.02971025519872164,0.026881257702502572
60,35,0.35355339059327373,-0.030226734361501268,0.02247019586586458
60,36,0.35355339059327373,-0.03065372131972806,0.017994169691180492
60,37,0.35355339059327373,-0.030988583556816964,0.013474433285475623
60,38,0.35355339059327373,-0.03122925653572335,0.008935956236856182
60,39,0.35355339059327373,-0.031374256427500365,0.004412801414271586
60,40,0.35355339059327373,-0.03142268925959785,0.0
61,0,0.3671612547178428,-0.0,0.08084646281746977
61,1,0.3671612547178428,-4.4743967353750565e-05,0.08084623622444004
61,2,0.3671612547178428,-0.00017870000797738604,0.08084342377429055
61,3,0.3671612547178428,-0.0004010422383355611,0.08083262908745753
61,4,0.3671612547178428,-0.0007103998446418198,0.08080604808777749
61,5,0.3671612547178428,-0.001104865534381442,0.0807539366108057
61,6,0.3671612547178428,-0.0015820072954040303,0.08066501139174061
61,7,0.3671612547178428,-0.0021388833900871447,0.0805268268668395
61,8,0.3671612547178428,-0.002772060492126972,0.08032613513028358
61,9,0.3671612547178428,-0.0034776348541366827,0.0800492276497976
61,10,0.3671612547178428,-0.004251256375547202,0.07968225511976158
61,11,0.3671612547178428,-0.005088155422423775,0.07921152189112335
61,12,0.3671612547178428,-0.005983172233845234,0.07862375233137572
61,13,0.3671612547178428,-0.006930788733545872,0.07790632762102605
61,14,0.3671612547178428,-0.007925162550690574,0.07704749259470661
61,15,0.3671612547178428,-0.008960163040033796,0.07603653315346037
61,16,0.3671612547178428,-0.010029409079386147,0.07486392546553283
61,17,0.3671612547178428,-0.011126308411354629,0.07352145864131873
61,18,0.3671612547178428,-0.012244098286801619,0.07200233284492834
61,19,0.3671612547178428,-0.013375887159442131,0.07030123493204339
61,20,0.3671612547178428,-0.014514697174518346,0.06841439372501197
61,21,0.3671612547178428,-0.015653507189594563,0.06633961699204259
61,22,0.3671612547178428,-0.016785296062235073,0.06407631212341193
61,23,0.3671612547178428,-0.017903085937682063,0.06162549242448558
61,24,0.3671612547178428,-0.01899998526965055,0.058989770900759304
61,25,0.3671612547178428,-0.020069231309002896,0.05617334342203598
61,26,0.3671612547178428,-0.02110423179834612,0.05318196325468698
61,27,0.3671612547178428,-0.022098605615490822,0.05002290918984477
61,28,0.3671612547178428,-0.02304622211519146,0.046704949946402605
61,29,0.3671612547178428,-0.023941238926612915,0.0432383083200834
61,30,0.3671612547178428,-0.024778137973489493,0.03963462991866122
61,31,0.3671612547178428,-0.02555175949490001,0.03590696371784838
61,32,0.3671612547178428,-0.026257333856909724,0.03206976599708612
61,33,0.3671612547178428,-0.026890510958949548,0.02813894740745541
61,34,0.3671612547178428,-0.027447387053632664,0.024131999459311586
61,35,0.3671612547178428,-0.027924528814655254,0.02006827293581112
61,36,0.3671612547178428,-0.028318994504394877,0.015969569059125898
61,37,0.3671612547178428,-0.028628352110701135,0.011861453649457655
61,38,0.3671612547178428,-0.02885069434105931,0.007776578953585334
61,39,0.3671612547178428,-0.028984650381682946,0.003765738227510632
61,40,0.3671612547178428,-0.029029394349036695,0.0
62,0,0.3802029828000154,-0.0,0.0754523892005946
62,1,0.3802029828000154,-4.108841339405646e-05,0.07545210483243656
62,2,0.3802029828000154,-0.0001641003298443663,0.07544878868960303
62,3,0.3802029828000154,-0.000368277339980403,0.07543654130543989
62,4,0.3802029828000154,-0.0006523606246389292,0.07540717720835649
62,5,0.3802029828000154,-0.0010145987159027477,0.07535076090028549
62,6,0.3802029828000154,-0.0014527582954828283,0.07525603319197682
62,7,0.3802029828000154,-0.0019641379638682148,0.07511079207344364
62,8,0.3802029828000154,-0.0025455848953523166,0.07490224337200808
62,9,0.3802029828000154,-0.0031935142762518076,0.07461732432192617
62,10,0.3802029828000154,-0.0039039314064750587,0.07424299962696196
62,11,0.3802029828000154,-0.004672456328176578,0.07376652892089924
62,12,0.3802029828000154,-0.005494350829653604,0.07317570490020504
62,13,0.3802029828000154,-0.006364547657996875,0.07245906209564407
62,14,0.3802029828000154,-0.007277681760389846,0.07160605695104391
62,15,0.3802029828000154,-0.008228123361443363,0.07060722045560244
62,16,0.3802029828000154,-0.009210012672633026,0.06945428498993592
62,17,0.3802029828000154,-0.010217296019844021,0.06814028730054131
62,18,0.3802029828000154,-0.011243763166285094,0.06665964963940917
62,19,0.3802029828000154,-0.012283085600663466,0.06500824113015347
62,20,0.3802029828000154,-0.013328855554561418,0.06318342138474896
62,21,0.3802029828000154,-0.01437462550845937,0.06118406832838333
62,22,0.3802029828000154,-0.015413947942837744,0.059010592122903514
62,23,0.3802029828000154,-0.016440415089278813,0.056664937038028995
62,24,0.3802029828000154,-0.017447698436489814,0.054150573129901784
62,25,0.3802029828000154,-0.018429587747679475,0.051472479678575565
62,26,0.3802029828000154,-0.019380029348732994,0.04863712255008701
62,27,0.3802029828000154,-0.020293163451125962,0.045652428046368425
62,28,0.3802029828000154,-0.02116336027946923,0.042527756489132575
62,29,0.3802029828000154,-0.021985254780946258,0.03927387992926381
62,30,0.3802029828000154,-0.02275377970264778,0.03590297030437699
62,31,0.3802029828000154,-0.023464196832871032,0.0324286077006984
62,32,0.3802029828000154,-0.024112126213770523,0.02886582435009004
62,33,0.3802029828000154,-0.024693573145254624,0.02523121125505889
62,34,0.3802029828000154,-0.02520495281364001,0.021543136974860353
62,35,0.3802029828000154,-0.02564311239322009,0.017822177512678956
62,36,0.3802029828000154,-0.02600535048448391,0.014091976243793623
62,37,0.3802029828000154,-0.026289433769142438,0.010381090111593787
62,38,0.3802029828000154,-0.026493610779278472,0.006727553836269728
62,39,0.3802029828000154,-0.026616622695728787,0.0031938123822653573
62,40,0.3802029828000154,-0.02665771110912284,0.0
63,0,0.39265846544037236,-0.0,0.07003824194930217
63,1,0.39265846544037236,-3.748739897651639e-05,0.07003789368240869
63,2,0.39265846544037236,-0.0001497184736255491,0.07003406273548603
63,3,0.39265846544037236,-0.0003360012820512699,0.07002041392420244
63,4,0.39265846544037236,-0.0005951873287944117,0.06998849442436918
63,5,0.39265846544037236,-0.0009256786456886974,0.06992831294265199
63,6,0.39265846544037236,-0.0013254376438659584,0.0698287741822387
63,7,0.39265846544037236,-0.0017919996761690765,0.06967805163213318
63,8,0.39265846544037236,-0.002322488232521284,0.06946392053009065
63,9,0.39265846544037236,-0.0029136326745673223,0.06917405784766395
63,10,0.39265846544037236,-0.003561788400246503,0.06879631147209211
63,11,0.39265846544037236,-0.004262959313976365,0.06831893943169534
63,12,0.39265846544037236,-0.005012822463910774,0.06773081989628195
63,13,0.39265846544037236,-0.005806754694375582,0.06702163297606202
63,14,0.39265846544037236,-0.006639861149160718,0.06618201570781164
63,15,0.39265846544037236,-0.007507005449936424,0.06520369192060298
63,16,0.39265846544037236,-0.008402841363733675,0.06407957887271228
63,17,0.39265846544037236,-0.00932184576424824,0.0628038726474938
63,18,0.39265846544037236,-0.010258352683750974,0.06137211430953479
63,19,0.39265846544037236,-0.011206588245662992,0.05978123878037734
63,20,0.39265846544037236,-0.01216070626242478,0.05802960832295963
63,21,0.39265846544037236,-0.01311482427918657,0.056117032451006424
63,22,0.39265846544037236,-0.014063059841098586,0.054044776026939745
63,23,0.39265846544037236,-0.014999566760601322,0.051815557301742296
63,24,0.39265846544037236,-0.015918571161115887,0.04943353770692431
63,25,0.39265846544037236,-0.016814407074913138,0.046904305363313276
63,26,0.39265846544037236,-0.017681551375688845,0.044234854568761035
63,27,0.39265846544037236,-0.01851465783047398,0.04143356403827617
63,28,0.39265846544037236,-0.01930859006093879,0.03851017751500719
63,29,0.39265846544037236,-0.020058453210873194,0.03547579175807597
63,30,0.39265846544037236,-0.020759624124603058,0.0323428592246541
63,31,0.39265846544037236,-0.02140777985028224,0.029125216724704386
63,32,0.39265846544037236,-0.02199892429232828,0.0258381583920307
63,33,0.39265846544037236,-0.022529412848680486,0.022498584583376342
63,34,0.39265846544037236,-0.022995974880983604,0.019125284900073414
63,35,0.39265846544037236,-0.023395733879160868,0.015739471333968053
63,36,0.39265846544037236,-0.023726225196055155,0.01236581739043766
63,37,0.39265846544037236,-0.023985411242798294,0.009034650288659218
63,38,0.39265846544037236,-0.024171694051224015,0.005787298845704548
63,39,0.39265846544037236,-0.02428392512587305,0.002693366282852399
63,40,0.39265846544037236,-0.024321412524849564,0.0
64,0,0.40450849718747367,-0.0,0.06463148804574749
64,1,0.40450849718747367,-3.396083353638808e-05,0.0646310724670062
64,2,0.40450849718747367,-0.00013563395431367633,0.06462674206679106
64,3,0.40450849718747367,-0.0003043925137325316,0.06461181910077379
64,4,0.40450849718747367,-0.0005391960591562185,0.0645777137518924
64,5,0.40450849718747367,-0.0008385969486470985,0.06451452036100082
64,6,0.40450849718747367,-0.0012007492761605617,0.0644114442260763
64,7,0.40450849718747367,-0.0016234202521696187,0.06425715612238461
64,8,0.40450849718747367,-0.002104003969554812,0.06404010115926681
64,9,0.40450849718747367,-0.0026395374698881583,0.06374877153411992
64,10,0.40450849718747367,-0.0032267190110571416,0.06337194724796259
64,11,0.40450849718747367,-0.003861928423602781,0.06289890701874302
64,12,0.40450849718747367,-0.004541249430268166,0.062319611129526505
64,13,0.40450849718747367,-0.005260493791150048,0.06162485792352263
64,14,0.40450849718747367,-0.006015227125590571,0.06080641576251474
64,15,0.40450849718747367,-0.006800796251608606,0.05985713236248385
64,16,0.40450849718747367,-0.00761235787431401,0.058771023464537275
64,17,0.40450849718747367,-0.008444908446431178,0.05754334278655834
64,18,0.40450849718747367,-0.00929331501683185,0.056170635144804595
64,19,0.40450849718747367,-0.010152346876885694,0.05465077455454257
64,20,0.40450849718747367,-0.011016707809518394,0.05298298903496754
64,21,0.40450849718747367,-0.011881068742151096,0.051167873775246626
64,22,0.40450849718747367,-0.012740100602204938,0.04920739428377007
64,23,0.40450849718747367,-0.013588507172605612,0.047104881160593394
64,24,0.40450849718747367,-0.014421057744722781,0.04486501822633758
64,25,0.40450849718747367,-0.015232619367428183,0.04249382594070561
64,26,0.40450849718747367,-0.01601818849344622,0.039998642397658456
64,27,0.40450849718747367,-0.01677292182788674,0.0373881047688219
64,28,0.40450849718747367,-0.017492166188768622,0.0346721350113502
64,29,0.40450849718747367,-0.01817148719543401,0.03186193518817928
64,30,0.40450849718747367,-0.018806696607979647,0.028970000280390203
64,31,0.40450849718747367,-0.01939387814914863,0.026010160688118594
64,32,0.40450849718747367,-0.01992941164948198,0.022997674287147545
64,33,0.40450849718747367,-0.020409995366867172,0.019949402266946466
64,34,0.40450849718747367,-0.020832666342876227,0.016884131652449803
64,35,0.40450849718747367,-0.021194818670389692,0.013823169560113306
64,36,0.40450849718747367,-0.021494219559880574,0.010791484009550913
64,37,0.40450849718747367,-0.02172902310530426,0.007820083172351234
64,38,0.40450849718747367,-0.021897781664723115,0.004951761393211513
64,39,0.40450849718747367,-0.021999454785500406,0.002259450580936233
64,40,0.40450849718747367,-0.02203341561903679,0.0
65,0,0.4157348061512727,-0.0,0.05925840154220044
65,1,0.4157348061512727,-3.052728744092666e-05,0.05925791902302121
65,2,0.4157348061512727,-0.0001219209388852792,0.05925313503547208
65,3,0.4157348061512727,-0.0002736174820804322,0.05923714455407184
65,4,0.4157348061512727,-0.00048468165739336575,0.0592013611637164
65,5,0.4157348061512727,-0.0007538121839973159,0.05913610571065251
65,6,0.4157348061512727,-0.0010793497827007875,0.05903101214691675
65,7,0.4157348061512727,-0.0014592874059555377,0.058875356012864116
65,8,0.4157348061512727,-0.001891282611972121,0.0586583348778864
65,9,0.4157348061512727,-0.002372672006652461,0.0583693119355184
65,10,0.4157348061512727,-0.002900487664300135,0.057998028001204176
65,11,0.4157348061512727,-0.0034714754258692304,0.05753478501683386
65,12,0.4157348061512727,-0.004082114961936974,0.05697060340182053
65,13,0.4157348061512727,-0.0047286414767052564,0.05629735533940006
65,14,0.4157348061512727,-0.00540706891921865,0.055507876006709936
65,15,0.4157348061512727,-0.006113214558694042,0.05459605471182245
65,16,0.4157348061512727,-0.006842724772446813,0.053556907842443546
65,17,0.4157348061512727,-0.007591101887422413,0.05238663545045978
65,18,0.4157348061512727,-0.008353731909846377,0.05108266320121837
65,19,0.4157348061512727,-0.009125912972030241,0.04964367131944953
65,20,0.4157348061512727,-0.009902884320949382,0.048069612079418046
65,21,0.4157348061512727,-0.010679855669868525,0.04636171732937954
65,22,0.4157348061512727,-0.01145203673205239,0.044522497524112734
65,23,0.4157348061512727,-0.012214666754476352,0.0425557337805068
65,24,0.4157348061512727,-0.012963043869451955,0.04046646459105377
65,25,0.4157348061512727,-0.013692554083204724,0.03826096905931873
65,26,0.4157348061512727,-0.014398699722680116,0.03594674890796783
65,27,0.4157348061512727,-0.01507712716519351,0.033532512132163864
65,28,0.4157348061512727,-0.015723653679961792,0.031028162162023604
65,29,0.4157348061512727,-0.016334293216029534,0.028444797990262262
65,30,0.4157348061512727,-0.016905280977598632,0.025794733338322624
65,31,0.4157348061512727,-0.017433096635246306,0.02309154737864869
65,32,0.4157348061512727,-0.017914486029926648,0.020350187402823485
65,33,0.4157348061512727,-0.018346481235943228,0.017587158517205846
65,34,0.4157348061512727,-0.01872641885919798,0.014820864701201558
65,35,0.4157348061512727,-0.01905195645790145,0.01207222875228646
65,36,0.4157348061512727,-0.019321086984505402,0.009365870343049932
65,37,0.4157348061512727,-0.019532151159818337,0.006732541933213136
65,38,0.4157348061512727,-0.01968384770301349,0.00421496229194408
65,39,0.4157348061512727,-0.019775241354457844,0.0018862563132187049
65,40,0.4157348061512727,-0.019805768641898768,0.0
66,0,0.4263200821770461,-0.0,0.053944086563931924
66,1,0.4263200821770461,-2.7204008123243817e-05,0.05394354208090785
66,2,0.4263200821770461,-0.00010864831073664397,0.053938382296307465
66,3,0.4263200821770461,-0.00024383077663161186,0.05392160661258422
66,4,0.4263200821770461,-0.0004319179609531714,0.053884775540258785
66,5,0.4263200821770461,-0.0006717502436646452,0.053818570673921505
66,6,0.4263200821770461,-0.0009618489789907901,0.053713169482122756
66,7,0.4263200821770461,-0.001300425611760702,0.05355854255463509
66,8,0.4263200821770461,-0.0016853927044451998,0.05334470332369077
66,9,0.4263200821770461,-0.0021143768069033344,0.053061922084004065
66,10,0.4263200821770461,-0.00258473308949176,0.05270091010942714
66,11,0.4263200821770461,-0.003093561649318986,0.05225297738941556
66,12,0.4263200821770461,-0.00363772538911101,0.05171016659601769
66,13,0.4263200821770461,-0.004213869358459208,0.051065365501643166
66,14,0.4263200821770461,-0.004818441438205237,0.05031239987136427
66,15,0.4263200821770461,-0.005447714240436848,0.04944610872000699
66,16,0.4263200821770461,-0.00609780808907384,0.04846240370554861
66,17,0.4263200821770461,-0.006764714939361223,0.047358314313836074
66,18,0.4263200821770461,-0.007444323088797947,0.046132020377815254
66,19,0.4263200821770461,-0.008132442527150091,0.04478287337537506
66,20,0.4263200821770461,-0.008824830769257278,0.04331140787333173
66,21,0.4263200821770461,-0.009517219011364467,0.04171934444137304
66,22,0.4263200821770461,-0.01020533844971661,0.04000958536037911
66,23,0.4263200821770461,-0.010884946599153334,0.03818620450853379
66,24,0.4263200821770461,-0.01155185344944072,0.036254432945585544
66,25,0.4263200821770461,-0.01220194729807771,0.03422064196000463
66,26,0.4263200821770461,-0.01283122010030932,0.03209232574252221
66,27,0.4263200821770461,-0.013435792180055351,0.029878086479879707
66,28,0.4263200821770461,-0.014011936149403548,0.027587625655635602
66,29,0.4263200821770461,-0.014556099889195573,0.025231746929972845
66,30,0.4263200821770461,-0.015064928449022798,0.0228223785637268
66,31,0.4263200821770461,-0.015535284731611225,0.020372627740671483
66,32,0.4263200821770461,-0.01596426883406936,0.017896886893326882
66,33,0.4263200821770461,-0.016349235926753858,0.015411026563944856
66,34,0.4263200821770461,-0.016687812559523767,0.01293273797414586
66,35,0.4263200821770461,-0.016977911294849914,0.01048215014666267
66,36,0.4263200821770461,-0.017217743577561388,0.008082993932149063
66,37,0.4263200821770461,-0.01740583076188295,0.0057649923889983275
66,38,0.4263200821770461,-0.017541013227777916,0.0035695432056672438
66,39,0.4263200821770461,-0.017622457530391315,0.0015675091991044295
66,40,0.4263200821770461,-0.01764966153851456,0.0
67,0,0.4362480035363985,-0.0,0.04871255560159786
67,1,0.4362480035363985,-2.4006970817664272e-05,0.048711959110104286
67,2,0.4362480035363985,-9.587987231243758e-05,0.04870653140244096
67,3,0.4362480035363985,-0.00021517558414644127,0.04868931733431513
67,4,0.4362480035363985,-0.00038115860858636716,0.048652164148425305
67,5,0.4362480035363985,-0.0005928056050915871,0.048586236605651166
67,6,0.4362480035363985,-0.0008488116995488782,0.04848235404526794
67,7,0.4362480035363985,-0.0011475985292552465,0.04833125364642219
67,8,0.4362480035363985,-0.0014873239740488496,0.04812380887625287
67,9,0.4362480035363985,-0.00186589351359236,0.04785121473726987
67,10,0.4362480035363985,-0.0022809731407873453,0.047505145646208634
67,11,0.4362480035363985,-0.002730003751704167,0.04707788953352465
67,12,0.4362480035363985,-0.0032102169233086918,0.046562460793885645
67,13,0.4362480035363985,-0.003718651981710894,0.04595269426162589
67,14,0.4362480035363985,-0.00425217425570391,0.045243322128332084
67,15,0.4362480035363985,-0.004807494403054415,0.04443003554113863
67,16,0.4362480035363985,-0.005381188690391305,0.043509532473490535
67,17,0.4362480035363985,-0.0059697201016604366,0.042479553330708165
67,18,0.4362480035363985,-0.006569460145004785,0.04133890563977765
67,19,0.4362480035363985,-0.007176711223623329,0.04008747908084294
67,20,0.4362480035363985,-0.00778772943268491,0.03872625205335525
67,21,0.4362480035363985,-0.00839874764174649,0.03725729094032332
67,22,0.4362480035363985,-0.009005998720365034,0.035683743248782034
67,23,0.4362480035363985,-0.009605738763709383,0.03400982587571341
67,24,0.4362480035363985,-0.010194270174978516,0.03224080989411814
67,25,0.4362480035363985,-0.010767964462315404,0.03038300350150594
67,26,0.4362480035363985,-0.011323284609665911,0.02844373516738365
67,27,0.4362480035363985,-0.011856806883658927,0.026431339631128026
67,28,0.4362480035363985,-0.012365241942061128,0.024355150362067993
67,29,0.4362480035363985,-0.012845455113665652,0.022225503618378353
67,30,0.4362480035363985,-0.013294485724582476,0.020053761726496814
67,31,0.4362480035363985,-0.01370956535177746,0.01785236739601821
67,32,0.4362480035363985,-0.014088134891320972,0.015634948271323734
67,33,0.4362480035363985,-0.014427860336114574,0.013416504632782093
67,34,0.4362480035363985,-0.014726647165820943,0.011213740308175102
67,35,0.4362480035363985,-0.014982653260278235,0.009045655129362258
67,36,0.4362480035363985,-0.015194300256783455,0.006934656164402619
67,37,0.4362480035363985,-0.01536028328122338,0.0049088266533479545
67,38,0.4362480035363985,-0.015479578993057384,0.0030072843466967887
67,39,0.4362480035363985,-0.015551451894552157,0.0012968076461021332
67,40,0.4362480035363985,-0.015575458865369821,0.0
68,0,0.4455032620941839,-0.0,0.04358686804226403
68,1,0.4455032620941839,-2.0950962715319733e-05,0.04358623426513467
68,2,0.4455032620941839,-8.367468120923628e-05,0.043580671361853035
68,3,0.4455032620941839,-0.00018778444289948312,0.0435634122061851
68,4,0.4455032620941839,-0.00033263837648522945,0.04352672067519922
68,5,0.4455032620941839,-0.0005173434092970988,0.04346235128156238
68,6,0.4455032620941839,-0.0007407607733871497,0.043361845088269596
68,7,0.4455032620941839,-0.001001513026411955,0.04321675834829508
68,8,0.4455032620941839,-0.0012979925440226938,0.04301885051831254
68,9,0.4455032620941839,-0.0016283714314038516,0.04276024242467612
68,10,0.4455032620941839,-0.0019906127928525945,0.042433550072920906
68,11,0.4455032620941839,-0.0023824832899181163,0.042031997504555905
68,12,0.4455032620941839,-0.0028015669106758435,0.04154951117816943
68,13,0.4455032620941839,-0.003245279865244359,0.040980797885730245
68,14,0.4455032620941839,-0.003710886515709218,0.04032140793993041
68,15,0.4455032620941839,-0.004195516242240383,0.0395677851760358
68,16,0.4455032620941839,-0.004696181141418051,0.03871730515935875
68,17,0.4455032620941839,-0.005209794447650818,0.03776830286247537
68,18,0.4455032620941839,-0.005733189564112003,0.036720090971863927
68,19,0.4455032620941839,-0.006263139585862086,0.035572969903818204
68,20,0.4455032620941839,-0.006796377194790713,0.03432823055848566
68,21,0.4455032620941839,-0.00732961480371934,0.032988150824298616
68,22,0.4455032620941839,-0.007859564825469423,0.03155598687037901
68,23,0.4455032620941839,-0.008382959941930609,0.030035960342385436
68,24,0.4455032620941839,-0.008896573248163377,0.02843324272395636
68,25,0.4455032620941839,-0.009397238147341044,0.02675393836698455
68,26,0.4455032620941839,-0.00988186787387221,0.025005068070871186
68,27,0.4455032620941839,-0.01034747452433707,0.023194555672221378
68,28,0.4455032620941839,-0.010791187478905583,0.021331221008401645
68,29,0.4455032620941839,-0.01121027109966331,0.019424784043863684
68,30,0.4455032620941839,-0.011602141596728833,0.017485887263824364
68,31,0.4455032620941839,-0.011964382958177576,0.015526147336901766
68,32,0.4455032620941839,-0.012294761845558734,0.013558253896229536
68,33,0.4455032620941839,-0.012591241363169473,0.011596145969960892
68,34,0.4455032620941839,-0.012851993616194277,0.009655321635164554
68,35,0.4455032620941839,-0.013075410980284329,0.007753390069950784
68,36,0.4455032620941839,-0.0132601160130962,0.0059111025070906886
68,37,0.4455032620941839,-0.013404969946681946,0.004154447098698479
68,38,0.4455032620941839,-0.013509079708372193,0.0025195670381938278
68,39,0.4455032620941839,-0.013571803426866109,0.0010678943045564992
68,40,0.4455032620941839,-0.013592754389581428,0.0
69,0,0.4540715869125407,-0.0,0.03858933664031308
69,1,0.4540715869125407,-1.804969985140366e-05,0.03858868423046623
69,2,0.4540715869125407,-7.208751700389591e-05,0.03858313548873676
69,3,0.4540715869125407,-0.00016178029034533524,0.03856624774997741
69,4,0.4540715869125407,-0.00028657503410219656,0.038530816422252326
69,5,0.4540715869125407,-0.00044570234718075585,0.03846927381970814
69,6,0.4540715869125407,-0.0006381811567806825,0.03837394330684374
69,7,0.4540715869125407,-0.0008628247670350942,0.03823723433648921
69,8,0.4540715869125407,-0.001118248175385192,0.0380518018637335
69,9,0.4540715869125407,-0.0014028766115815943,0.03781067968626112
69,10,0.4540715869125407,-0.001714955246666591,0.03750739262379853
69,11,0.4540715869125407,-0.0020525600120782066,0.037136050597929064
69,12,0.4540715869125407,-0.0024136094621727013,0.03669142683153159
69,13,0.4540715869125407,-0.0027958776070291175,0.03616902194956903
69,14,0.4540715869125407,-0.0031970076364173576,0.03556511549819641
69,15,0.4540715869125407,-0.003614526450316973,0.03487680621372775
69,16,0.4540715869125407,-0.004045859906401178,0.0341020422294537
69,17,0.4540715869125407,-0.004488348690480284,0.03323964229287974
69,18,0.4540715869125407,-0.004939264712057992,0.032289308975008674
69,19,0.4540715869125407,-0.005395827923916481,0.03125163478748798
69,20,0.4540715869125407,-0.005855223462031971,0.030128102085503244
69,21,0.4540715869125407,-0.0063146190001474615,0.028921077628445684
69,22,0.4540715869125407,-0.006771182212005952,0.027633802702778373
69,23,0.4540715869125407,-0.00722209823358366,0.026270379791466694
69,24,0.4540715869125407,-0.007664587017662767,0.0248357569163274
69,25,0.4540715869125407,-0.00809592047374697,0.023335711006832592
69,26,0.4540715869125407,-0.008513439287646586,0.021776831998884305
69,27,0.4540715869125407,-0.008914569317034826,0.02016650990209007
69,28,0.4540715869125407,-0.009296837461891241,0.01851292789952908
69,29,0.4540715869125407,-0.009657886911985736,0.01682506584359006
69,30,0.4540715869125407,-0.009995491677397352,0.015112720616619805
69,31,0.4540715869125407,-0.01030757031248235,0.013386553359432011
69,32,0.4540715869125407,-0.010592198748678753,0.01165817976759753
69,33,0.4540715869125407,-0.01084762215702885,0.009940331105471054
69,34,0.4540715869125407,-0.01107226576728326,0.008247136144801352
69,35,0.4540715869125407,-0.011264744576883189,0.00659462238380716
69,36,0.4540715869125407,-0.011423871889961749,0.00500164892255369
69,37,0.4540715869125407,-0.01154866663371861,0.003491794279033629
69,38,0.4540715869125407,-0.011638359407060048,0.002097765083518747
69,39,0.4540715869125407,-0.011692397224212541,0.000874858857385287
69,40,0.4540715869125407,-0.011710446924063945,0.0
70,0,0.46193976625564337,-0.0,0.0337418144075464
70,1,0.46193976625564337,-1.5315977103093096e-05,0.033741164559144485
70,2,0.46193976625564337,-6.116948032045215e-05,0.03373578563310397
70,3,0.46193976625564337,-0.00013727780755690608,0.033719682869326376
70,4,0.46193976625564337,-0.000243171725666454,0.03368627930098786
70,5,0.46193976625564337,-0.00037819836343064983,0.0336287530889614
70,6,0.46193976625564337,-0.0005415252367267638,0.03354025141468015
70,7,0.46193976625564337,-0.000732145381069229,0.03341405409119213
70,8,0.46193976625564337,-0.0009488835598805441,0.033243706824577585
70,9,0.46193976625564337,-0.0011904035102155788,0.03302313226156208
70,10,0.46193976625564337,-0.001455216181266984,0.03274672303920343
70,11,0.46193976625564337,-0.0017416889148585797,0.032409419476648944
70,12,0.46193976625564337,-0.002048055511325922,0.03200677382066026
70,13,0.46193976625564337,-0.002372427118724559,0.03153500257010119
70,14,0.46193976625564337,-0.0027128038782303727,0.030991028167050585
70,15,0.46193976625564337,-0.003067087253934252,0.030372511175806572
70,16,0.46193976625564337,-0.003433092971013805,0.029677873944212316
70,17,0.46193976625564337,-0.003808564482513984,0.028906316642367227
70,18,0.46193976625564337,-0.0041911868817094446,0.028057826498162016
70,19,0.46193976625564337,-0.004578601174274286,0.027133180997129636
70,20,0.46193976625564337,-0.004968418822266521,0.026133945787639414
70,21,0.46193976625564337,-0.005358236470258757,0.02506246803474175
70,22,0.46193976625564337,-0.005745650762823598,0.02392186600212324
70,23,0.46193976625564337,-0.006128273162019059,0.02271601571969778
70,24,0.46193976625564337,-0.006503744673519238,0.021449535727106794
70,25,0.46193976625564337,-0.00686975039059879,0.020127771091350208
70,26,0.46193976625564337,-0.00722403376630267,0.018756778213306662
70,27,0.46193976625564337,-0.007564410525808484,0.017343312418269752
70,28,0.46193976625564337,-0.007888782133207121,0.01589482106327259
70,29,0.46193976625564337,-0.008195148729674463,0.014419446051503953
70,30,0.46193976625564337,-0.00848162146326606,0.012926041514477779
70,31,0.46193976625564337,-0.008746434134317464,0.011424215556068987
70,32,0.46193976625564337,-0.0089879540846525,0.009924410435565006
70,33,0.46193976625564337,-0.009204692263463814,0.008438045677216297
70,34,0.46193976625564337,-0.00939531240780628,0.006977768467331931
70,35,0.46193976625564337,-0.009558639281102394,0.005557898015870033
70,36,0.46193976625564337,-0.009693665918866591,0.0041952504778153725
70,37,0.46193976625564337,-0.009799559836976137,0.002910802544701258
70,38,0.46193976625564337,-0.009875668164212592,0.0017335583670311074
70,39,0.46193976625564337,-0.00992152166742995,0.0007122762530659412
70,40,0.46193976625564337,-0.009936837644533044,0.0
71,0,0.469095667961242,-0.0,0.02906608265378677
71,1,0.469095667961242,-1.276185364281326e-05,0.029065457341675677
71,2,0.469095667961242,-5.0968733499797736e-05,0.02906039895602495
71,3,0.469095667961242,-0.0001143850814515592,0.02904546546623692
71,4,0.469095667961242,-0.00020261991462489843,0.029014782346755672
71,5,0.469095667961242,-0.0003151292359322427,0.028962321204781635
71,6,0.469095667961242,-0.00045121938799458627,0.028882076383224615
71,7,0.469095667961242,-0.0006100513297698973,0.02876819999789914
71,8,0.469095667961242,-0.0007906458095201508,0.028615111774071417
71,9,0.469095667961242,-0.0009918894022239277,0.02841759038019344
71,10,0.469095667961242,-0.0012125413742119235,0.02817084975168995
71,11,0.469095667961242,-0.0014512413327026068,0.0278706026035279
71,12,0.469095667961242,-0.0017065176130760908,0.027513112725505266
71,13,0.469095667961242,-0.001976796352175896,0.027095237328500957
71,14,0.469095667961242,-0.0022604111916986708,0.026614460507610935
71,15,0.469095667961242,-0.002555613551847253,0.026068918746345145
71,16,0.469095667961242,-0.002860583411906581,0.025457419279205685
71,17,0.469095667961242,-0.0031734405312766186,0.024779452047934317
71,18,0.469095667961242,-0.0034922560417809017,0.02403519592614234
71,19,0.469095667961242,-0.0038150643397802547,0.023225519847561545
71,20,0.469095667961242,-0.00413987520477286,0.022351979456032057
71,21,0.469095667961242,-0.004464686069765466,0.02141680990315026
71,22,0.469095667961242,-0.004787494367764818,0.020422915456514652
71,23,0.469095667961242,-0.005106309878269101,0.019373856654609636
71,24,0.469095667961242,-0.00541916699763914,0.018273835864603866
71,25,0.469095667961242,-0.005724136857698467,0.017127682284526803
71,26,0.469095667961242,-0.00601933921784705,0.01594083771042872
71,27,0.469095667961242,-0.0063029540573698245,0.01471934481017984
71,28,0.469095667961242,-0.006573232796469629,0.013469840289541821
71,29,0.469095667961242,-0.0068285090768431134,0.012199556343842866
71,30,0.469095667961242,-0.007067209035333797,0.010916335413294133
71,31,0.469095667961242,-0.007287861007321793,0.009628665976774715
71,32,0.469095667961242,-0.00748910460002557,0.00834575186434848
71,33,0.469095667961242,-0.007669699079775823,0.007077636302909372
71,34,0.469095667961242,-0.007828531021551134,0.0058354190434772805
71,35,0.469095667961242,-0.007964621173613478,0.004631641319718166
71,36,0.469095667961242,-0.008077130494920823,0.0034809991155878963
71,37,0.469095667961242,-0.008165365328094162,0.0024017774478506185
71,38,0.469095667961242,-0.008228781676045923,0.0014191706702638602
71,39,0.469095667961242,-0.008266988555902908,0.0005752893109797919
71,40,0.469095667961242,-0.008279750409545721,0.0
72,0,0.47552825814757677,-0.0,0.024584375451471806
72,1,0.47552825814757677,-1.0398879672695481e-05,0.024583795545766854
72,2,0.47552825814757677,-4.1531406139621045e-05,0.02457919269335773
72,3,0.47552825814757677,-9.320563702249324e-05,0.024565759677587163
72,4,0.47552825814757677,-0.00016510298350449289,0.02453837665604822
72,5,0.47552825814757677,-0.0002567801745362649,0.024491836135846354
72,6,0.47552825814757677,-0.00036767198974933877,0.02442098603631967
72,7,0.47552825814757677,-0.0004970947442276555,0.024320839281038287
72,8,0.47552825814757677,-0.0006442505036524236,0.024186662958048062
72,9,0.47552825814757677,-0.0008082320038325331,0.024014052397424792
72,10,0.47552825814757677,-0.0009880282442899914,0.023798992972302212
72,11,0.47552825814757677,-0.0011825307214140617,0.02353791139996534
72,12,0.47552825814757677,-0.001390540262754637,0.023227717834600963
72,13,0.47552825814757677,-0.0016107744203191607,0.022865839779280476
72,14,0.47552825814757677,-0.001841875377290959,0.0224502486794147
72,15,0.47552825814757677,-0.002082418319421434,0.021979479944024622
72,16,0.47552825814757677,-0.002330920219483707,0.021452647054530767
72,17,0.47552825814757677,-0.002585848980628625,0.02086945035534434
72,18,0.47552825814757677,-0.002845632882271316,0.020230181073551234
72,19,0.47552825814757677,-0.003108670270271239,0.019535721086005348
72,20,0.47552825814757677,-0.0033733394316625663,0.018787538942110427
72,21,0.47552825814757677,-0.0036380085930538936,0.01798768266153719
72,22,0.47552825814757677,-0.0039010459810538164,0.017138769861641485
72,23,0.47552825814757677,-0.0041608298826965075,0.01624397583521553
72,24,0.47552825814757677,-0.004415758643841427,0.01530702030477945
72,25,0.47552825814757677,-0.004664260543903698,0.01433215374002842
72,26,0.47552825814757677,-0.004904803486034174,0.01332414436490931
72,27,0.47552825814757677,-0.005135904443005972,0.01228826734077291
72,28,0.47552825814757677,-0.005356138600570496,0.01123029816075726
72,29,0.47552825814757677,-0.005564148141911071,0.010156513147114441
72,30,0.47552825814757677,-0.005758650619035141,0.009073701321609633
72,31,0.47552825814757677,-0.0059384468594926,0.007989194220287018
72,32,0.47552825814757677,-0.00610242835967271,0.006910924237029835
72,33,0.47552825814757677,-0.006249584119097477,0.005847529454635981
72,34,0.47552825814757677,-0.006379006873575795,0.004808537363054709
72,35,0.47552825814757677,-0.006489898688788869,0.003804690482890238
72,36,0.47552825814757677,-0.006581575879820641,0.00284854885590191
72,37,0.47552825814757677,-0.00665347322630264,0.0019556987117938457
72,38,0.47552825814757677,-0.006705147457185512,0.0011475406761430854
72,39,0.47552825814757677,-0.0067362799836524385,0.0004596474809065835
72,40,0.47552825814757677,-0.0067466788633251335,0.0
73,0,0.48122761822682364,-0.0,0.020320102445840284
73,1,0.48122761822682364,-8.238376510315958e-06,0.0203195859610014
73,2,0.48122761822682364,-3.29027137105393e-05,0.020315548699588366
73,3,0.48122761822682364,-7.384094776010683e-05,0.020303875006109768
73,4,0.48122761822682364,-0.00013080068083275807,0.020280229024631696
73,5,0.48122761822682364,-0.00020343073723306704,0.0202402321979041
73,6,0.48122761822682364,-0.0002912833285113812,0.02017957679117437
73,7,0.48122761822682364,-0.0003938168142285188,0.02009411314101195
73,8,0.48122761822682364,-0.0005103990413491899,0.01997992073045505
73,9,0.48122761822682364,-0.000640311241675671,0.019833367243670675
73,10,0.48122761822682364,-0.0007827524632927586,0.01965115779138025
73,11,0.48122761822682364,-0.0009368445087026712,0.019430375702712766
73,12,0.48122761822682364,-0.0011016373492046515,0.019168515902193345
73,13,0.48122761822682364,-0.0012761149821378245,0.018863511683678637
73,14,0.48122761822682364,-0.0014592016948754567,0.018513755562645916
73,15,0.48122761822682364,-0.0016497686969510108,0.018118114796764537
73,16,0.48122761822682364,-0.0018466410794267325,0.01767594209672585
73,17,0.48122761822682364,-0.0020486050585979475,0.017187081998715523
73,18,0.48122761822682364,-0.0022544154593732283,0.01665187333449593
73,19,0.48122761822682364,-0.002462803392192892,0.016071148214475944
73,20,0.48122761822682364,-0.0026724840761550846,0.01544622793408958
73,21,0.48122761822682364,-0.0028821647601172777,0.014778916225943668
73,22,0.48122761822682364,-0.0030905526929369408,0.014071490312426216
73,23,0.48122761822682364,-0.0032963630937122216,0.013326690270568996
73,24,0.48122761822682364,-0.0034983270728834374,0.01254770731066886
73,25,0.48122761822682364,-0.0036951994553591585,0.011738171705002375
73,26,0.48122761822682364,-0.003885766457434713,0.010902141303267917
73,27,0.48122761822682364,-0.004068853170172346,0.010044091870743063
73,28,0.48122761822682364,-0.004243330803105518,0.009168910940173731
73,29,0.48122761822682364,-0.004408123643607498,0.008281897577287561
73,30,0.48122761822682364,-0.004562215689017411,0.007388771598753949
73,31,0.48122761822682364,-0.004704656910634499,0.006495697680096797
73,32,0.48122761822682364,-0.00483456911096098,0.005609333097800146
73,33,0.48122761822682364,-0.004951151338081651,0.00473691391758313
73,34,0.48122761822682364,-0.005053684823798789,0.0038864063050250996
73,35,0.48122761822682364,-0.005141537415077103,0.0030667747467101173
73,36,0.48122761822682364,-0.005214167471477412,0.00228847785779482
73,37,0.48122761822682364,-0.005271127204550063,0.001564461150086576
73,38,0.48122761822682364,-0.005312065438599631,0.0009124404538493381
73,39,0.48122761822682364,-0.005336729775799854,0.00036171482198997317
73,40,0.48122761822682364,-0.00534496815231017,0.0
74,0,0.4861849601988383,-0.0,0.016298883587842386
74,1,0.4861849601988383,-6.291793796527296e-06,0.016298444282135786
74,2,0.4861849601988383,-2.5128384185119655e-05,0.01629505095542545
74,3,0.4861849601988383,-5.6393637322229917e-05,0.01628530968739754
74,4,0.4861849601988383,-9.989479252551562e-05,0.0162656752366114
74,5,0.4861849601988383,-0.00015536365070754665,0.016232587452410827
74,6,0.4861849601988383,-0.00022245822791236368,0.016182559131412942
74,7,0.4861849601988383,-0.00030076486376028814,0.016112243805412166
74,8,0.4861849601988383,-0.00038980077180171893,0.016018491066210273
74,9,0.4861849601988383,-0.0004890170160561366,0.015898392561022785
74,10,0.4861849601988383,-0.0005978018953849632,0.015749320320559073
74,11,0.4861849601988383,-0.0007154847148324938,0.015568958484660332
74,12,0.4861849601988383,-0.0008413399206833255,0.015355329206228228
74,13,0.4861849601988383,-0.0009745915737422851,0.015106813357229468
74,14,0.4861849601988383,-0.0011144181332575932,0.014822166561126384
74,15,0.4861849601988383,-0.0012599575219927885,0.014500531006273559
74,16,0.4861849601988383,-0.0014103124412195608,0.014141443443223673
74,17,0.4861849601988383,-0.0015645559028627924,0.013744839730931017
74,18,0.4861849601988383,-0.0017217369446902975,0.013311056270901008
74,19,0.4861849601988383,-0.001880886493311209,0.012840828654151915
74,20,0.4861849601988383,-0.0020410233388356834,0.012335287843987583
74,21,0.4861849601988383,-0.002201160184360158,0.011795954229340572
74,22,0.4861849601988383,-0.0023603097329810696,0.011224729911144855
74,23,0.4861849601988383,-0.0025174907748085748,0.010623889631659677
74,24,0.4861849601988383,-0.0026717342364518067,0.00999607083009245
74,25,0.4861849601988383,-0.0028220891556785784,0.00934426341728199
74,26,0.4861849601988383,-0.002967628544413774,0.008671800023897948
74,27,0.4861849601988383,-0.003107455103929082,0.007982347717456557
74,28,0.4861849601988383,-0.0032407067569880416,0.007279902548704988
74,29,0.4861849601988383,-0.0033665619628388734,0.006568788855990525
74,30,0.4861849601988383,-0.003484244782286404,0.0058536661677039735
74,31,0.4861849601988383,-0.0035930296616152307,0.005139548060597472
74,32,0.4861849601988383,-0.0036922459058696486,0.004431839972012892
74,33,0.4861849601988383,-0.003781281813911079,0.0037364078031020217
74,34,0.4861849601988383,-0.0038595884497590036,0.003059698599781614
74,35,0.4861849601988383,-0.003926683026963821,0.002408954570714156
74,36,0.4861849601988383,-0.003982151885145852,0.0017926084591514636
74,37,0.4861849601988383,-0.004025653040349138,0.0012210740409355895
74,38,0.4861849601988383,-0.004056918293486248,0.000708559943197247
74,39,0.4861849601988383,-0.0040757548838748405,0.0002784605882993078
74,40,0.4861849601988383,-0.004082046677671368,0.0
75,0,0.4903926402016152,-0.0,0.012550117302502906
75,1,0.4903926402016152,-4.571191069854682e-06,0.012549763756717763
75,2,0.4903926402016152,-1.8256581366397653e-05,0.012547056976487194
75,3,0.4903926402016152,-4.0971795907596975e-05,0.012539328187093813
75,4,0.4903926402016152,-7.257678784223045e-05,0.012523807263329682
75,5,0.4903926402016152,-0.00011287670188529489,0.012497724051972588
75,6,0.4903926402016152,-0.00016162307566563346,0.012458374086019122
75,7,0.4903926402016152,-0.0002185153715790763,0.012403169485664828
75,8,0.4903926402016152,-0.0002832028297027089,0.012329680583270164
75,9,0.4903926402016152,-0.00035528663034643636,0.012235670558027274
75,10,0.4903926402016152,-0.00043432235290899386,0.01211912429821394
75,11,0.4903926402016152,-0.0005198227158787387,0.011978272275416944
75,12,0.4903926402016152,-0.0006112605810862065,0.01181161000824175
75,13,0.4903926402016152,-0.0007080722036862173,0.011617913578231227
75,14,0.4903926402016152,-0.0008096607078323111,0.011396251587701304
75,15,0.4903926402016152,-0.0009153997666148215,0.011145993897907104
75,16,0.4903926402016152,-0.0010246374635745493,0.010866817448195516
75,17,0.4903926402016152,-0.001136700311984517,0.010558709429307174
75,18,0.4903926402016152,-0.001250897407119599,0.010221968065602825
75,19,0.4903926402016152,-0.0013665246859138997,0.009857201251534843
75,20,0.4903926402016152,-0.0014828692677436805,0.009465323287595544
75,21,0.4903926402016152,-0.0015992138495734612,0.009047549971255986
75,22,0.4903926402016152,-0.001714841128367762,0.008605392320836359
75,23,0.4903926402016152,-0.0018290382235028441,0.008140649247760146
75,24,0.4903926402016152,-0.001941101071912812,0.007655399550006809
75,25,0.4903926402016152,-0.0020503387688725395,0.007151993684493631
75,26,0.4903926402016152,-0.00215607782765505,0.006633045901100155
75,27,0.4903926402016152,-0.002257666331801144,0.006101427506718316
75,28,0.4903926402016152,-0.0023544779544011547,0.005560262308776101
75,29,0.4903926402016152,-0.002445915819608622,0.005012925724228188
75,30,0.4903926402016152,-0.0025314161825783672,0.004463049739704958
75,31,0.4903926402016152,-0.0026104519051409246,0.003914537072488214
75,32,0.4903926402016152,-0.0026825357057846523,0.003371589905003832
75,33,0.4903926402016152,-0.002747223163908285,0.002838762269816539
75,34,0.4903926402016152,-0.002804115459821728,0.0023210523883805414
75,35,0.4903926402016152,-0.0028528618336020667,0.0018240665223074085
75,36,0.4903926402016152,-0.002893161747645131,0.0013543215623124931
75,37,0.4903926402016152,-0.0029247667395797643,0.0009198493502051489
75,38,0.4903926402016152,-0.0029474819541209637,0.0005315806870993397
75,39,0.4903926402016152,-0.002961167344417507,0.00020744613336131246
75,40,0.4903926402016152,-0.0029657385354873614,0.0
76,0,0.49384417029756883,-0.0,0.009109552742912358
76,1,0.49384417029756883,-3.089942683985655e-06,0.00910928793502063
76,2,0.49384417029756883,-1.2340720211785545e-05,0.009107273097942284
76,3,0.49384417029756883,-2.7695298463745314e-05,0.009101541631070796
76,4,0.49384417029756883,-4.9059011359025996e-05,0.00909006132497877
76,5,0.49384417029756883,-7.630014450347281e-05,0.009070805918750667
76,6,0.49384417029756883,-0.00010925074725265426,0.009041801788695866
76,7,0.49384417029756883,-0.00014770766818343438,0.009001164232687866
76,8,0.49384417029756883,-0.00019143380759005106,0.008947127194437503
76,9,0.49384417029756883,-0.00024015957928264558,0.008878068016868043
76,10,0.49384417029756883,-0.0002935845726757697,0.008792528074320075
76,11,0.49384417029756883,-0.00035137940491954193,0.00868922983311636
76,12,0.49384417029756883,-0.00041318775165444737,0.00856709074649266
76,13,0.49384417029756883,-0.0004786285438695043,0.00842523431000324
76,14,0.49384417029756883,-0.0005472983173194354,0.008262998552555119
76,15,0.49384417029756883,-0.0006187737000159048,0.008079942202418798
76,16,0.49384417029756883,-0.0006926140224566123,0.007875848741293266
76,17,0.49384417029756883,-0.000768364034499312,0.007650728540532858
76,18,0.49384417029756883,-0.0008455567121303256,0.007404819261186026
76,19,0.49384417029756883,-0.0009237161368228878,0.007138584693445037
76,20,0.49384417029756883,-0.0010023604297331225,0.006852712211778882
76,21,0.49384417029756883,-0.0010810047226433575,0.006548109030148256
76,22,0.49384417029756883,-0.0011591641473359196,0.0062258974585674325
76,23,0.49384417029756883,-0.0012363568249669332,0.005887409390012313
76,24,0.49384417029756883,-0.001312106837009633,0.005534180288731788
76,25,0.49384417029756883,-0.0013859471594503403,0.005167943012978747
76,26,0.49384417029756883,-0.00145742254214681,0.004790621896096434
76,27,0.49384417029756883,-0.001526092315596741,0.004404327644693468
76,28,0.49384417029756883,-0.0015915331078117977,0.004011353816415068
76,29,0.49384417029756883,-0.0016533414545467032,0.0036141759559944154
76,30,0.49384417029756883,-0.0017111362867904755,0.003215454974622048
76,31,0.49384417029756883,-0.0017645612801835996,0.00281804719940058
76,32,0.49384417029756883,-0.0018132870518761943,0.002425024981572999
76,33,0.49384417029756883,-0.0018570131912828108,0.002039714427146266
76,34,0.49384417029756883,-0.0018954701122135909,0.0016657620276153801
76,35,0.49384417029756883,-0.0019284207149627725,0.0013072529662379432
76,36,0.49384417029756883,-0.0019556618481072195,0.0009689295607583278
76,37,0.49384417029756883,-0.0019770255610025,0.0006566271874796441
76,38,0.49384417029756883,-0.0019923801392544597,0.00037827121167136925
76,39,0.49384417029756883,-0.00200163091678226,0.0001468239472221978
76,40,0.49384417029756883,-0.0020047208594662453,0.0
77,0,0.49653422847746315,-0.0,0.006023995716668409
77,1,0.49653422847746315,-1.863894730460277e-06,0.006023816982934352
77,2,0.49653422847746315,-7.444087391019871e-06,0.0060224624483907335
77,3,0.49653422847746315,-1.6706174238324204e-05,0.006018618547205987
77,4,0.49653422847746315,-2.959305142700308e-05,0.006010931759628167
77,5,0.49653422847746315,-4.602526707386683e-05,0.005998055071635308
77,6,0.49653422847746315,-6.590151110518632e-05,0.005978678422188569
77,7,0.49653422847746315,-8.909923986698666e-05,0.005951552423260707
77,8,0.49653422847746315,-0.00011547543164742379,0.005915507817399283
77,9,0.49653422847746315,-0.00014486746845319748,0.005869471692641678
77,10,0.49653422847746315,-0.00017709413860355597,0.005812481001336343
77,11,0.49653422847746315,-0.00021195675396056723,0.005743693737310456
77,12,0.49653422847746315,-0.00024924037490755906,0.005662398033877851
77,13,0.49653422847746315,-0.00028871513552333137,0.0055680193939021145
77,14,0.49653422847746315,-0.00033013766078199784,0.005460126230378262
77,15,0.49653422847746315,-0.0003732525670409515,0.005338433872984678
77,16,0.49653422847746315,-0.0004177940365659446,0.005202807179218103
77,17,0.49653422847746315,-0.0004634874563858139,0.005053261876640499
77,18,0.49653422847746315,-0.0005100511113727661,0.004889964754941756
77,19,0.49653422847746315,-0.0005571979211098201,0.004713232822895555
77,20,0.49653422847746315,-0.0006046372098370415,0.00452353154606933
77,21,0.49653422847746315,-0.000652076498564263,0.004321472286825998
77,22,0.49653422847746315,-0.000699223308301317,0.004107809079574051
77,23,0.49653422847746315,-0.0007457869632882692,0.0038834348927902092
77,24,0.49653422847746315,-0.0007914803831081386,0.0036493775573360637
77,25,0.49653422847746315,-0.0008360218526331316,0.003406795581698976
77,26,0.49653422847746315,-0.0008791367588920853,0.0031569741349844705
77,27,0.49653422847746315,-0.0009205592841507518,0.0029013215676118756
77,28,0.49653422847746315,-0.0009600340447665241,0.0026413669742640397
77,29,0.49653422847746315,-0.000997317665713516,0.0023787595123351594
77,30,0.49653422847746315,-0.0010321802810705273,0.002115270523146229
77,31,0.49653422847746315,-0.0010644069512208856,0.0018528000581724622
77,32,0.49653422847746315,-0.0010937989880266594,0.0015933903759289656
77,33,0.49653422847746315,-0.0011201751798070965,0.0013392507370224493
77,34,0.49653422847746315,-0.001143372908568897,0.001092801257232379
77,35,0.49653422847746315,-0.0011632491526002164,0.0008567508135531083
77,36,0.49653422847746315,-0.0011796813682470803,0.0006342408833417257
77,37,0.49653422847746315,-0.001192568245435759,0.00042913243992506945
77,38,0.49653422847746315,-0.0012018303322830633,0.00024666141680529586
77,39,0.49653422847746315,-0.001207410524943623,9.537306658521493e-05
77,40,0.49653422847746315,-0.0012092744196740832,0.0
78,0,0.498458666866564,-0.0,0.0033614054298263443
78,1,0.498458666866564,-9.135946185943799e-07,0.003361304535945819
78,2,0.498458666866564,-3.6487458597528187e-06,0.0033605415787849556
78,3,0.498458666866564,-8.188590606543555e-06,0.003358379314565153
78,4,0.498458666866564,-1.4505139206450984e-05,0.0033540592676475603
78,5,0.498458666866564,-2.255944803689114e-05,0.0033468273931199694
78,6,0.498458666866564,-3.2301859605594884e-05,0.0033359509395643277
78,7,0.498458666866564,-4.367230870556058e-05,0.0033207316056371133
78,8,0.498458666866564,-5.6600692737028954e-05,0.0033005163415804834
78,9,0.498458666866564,-7.100730391332202e-05,0.003274706354936313
78,10,0.498458666866564,-8.680332068585355e-05,0.003242764620548025
78,11,0.498458666866564,-0.00010389135535851235,0.0032042220897363317
78,12,0.498458666866564,-0.0001221660545151933,0.0031586827431647887
78,13,0.498458666866564,-0.00014151474855864132,0.003105827603797148
78,14,0.498458666866564,-0.00016181814635598488,0.0030454178083830115
78,15,0.498458666866564,-0.00018295107070823852,0.002977296823290743
78,16,0.498458666866564,-0.00020478323010936008,0.0029013918812909076
78,17,0.498458666866564,-0.00022718002203671195,0.002817714709307452
78,18,0.498458666866564,-0.000250003362820373,0.002726361612928272
78,19,0.498458666866564,-0.00027311253897488084,0.0026275129815706106
78,20,0.498458666866564,-0.0002963650747446622,0.0025214322787491692
78,21,0.498458666866564,-0.0003196176105144436,0.0024084645851651034
78,22,0.498458666866564,-0.0003427267866689515,0.0022890347687959996
78,23,0.498458666866564,-0.0003655501274526125,0.0021636453666043884
78,24,0.498458666866564,-0.00038794691937996443,0.002032874278166915
78,25,0.498458666866564,-0.00040977907878108597,0.0018973723945096888
78,26,0.498458666866564,-0.0004309120031333396,0.0017578613190474934
78,27,0.498458666866564,-0.00045121540093068317,0.0016151313872460253
78,28,0.498458666866564,-0.0004705640949741312,0.0014700402666720316
78,29,0.498458666866564,-0.0004888387941308121,0.001323512535400265
78,30,0.498458666866564,-0.0005059268288034709,0.0011765408228290618
78,31,0.498458666866564,-0.0005217228455760025,0.0010301894060274388
78,32,0.498458666866564,-0.0005361294567522956,0.0008856016910957418
78,33,0.498458666866564,-0.0005490578407837639,0.0007440139895909742
78,34,0.498458666866564,-0.0005604282898837296,0.0006067799096780489
78,35,0.498458666866564,-0.0005701707014524334,0.0004754137053315447
78,36,0.498458666866564,-0.0005782250102828735,0.00035167031299197435
78,37,0.498458666866564,-0.0005845415588827809,0.00023770494066076333
78,38,0.498458666866564,-0.0005890814036295717,0.00013643745575795963
78,39,0.498458666866564,-0.0005918165548707302,5.2626623300248885e-05
78,40,0.498458666866564,-0.0005927301494893245,0.0
79,0,0.49961451812036145,-0.0,0.001239252525735153
79,1,0.49961451812036145,-2.698296972613497e-07,0.0012392151456917593
79,2,0.49961451812036145,-1.077655199234295e-06,0.0012389327291863288
79,3,0.49961451812036145,-2.4184959930699526e-06,0.0012381327737825904
79,4,0.49961451812036145,-4.284085349399495e-06,0.001236535108359605
79,5,0.49961451812036145,-6.662921289469745e-06,0.0012338613167716716
79,6,0.49961451812036145,-9.540337498666945e-06,0.0012298409372784175
79,7,0.49961451812036145,-1.2898593749223415e-05,0.0012242163026589998
79,8,0.49961451812036145,-1.6716985274620955e-05,0.0012167465155210602
79,9,0.49961451812036145,-2.097197042136145e-05,0.0012072107635155436
79,10,0.49961451812036145,-2.5637315791089095e-05,0.0011954110843369443
79,11,0.49961451812036145,-3.068425797821478e-05,0.0011811746519021944
79,12,0.49961451812036145,-3.608168090587627e-05,0.001164355636672462
79,13,0.49961451812036145,-4.179630766689928e-05,0.0011448366827946565
79,14,0.49961451812036145,-4.7792905686995885e-05,0.0011225300381656849
79,15,0.49961451812036145,-5.403450394530099e-05,0.0010973783689076553
79,16,0.49961451812036145,-6.048262091301011e-05,0.001069355286375216
79,17,0.49961451812036145,-6.709750180480084e-05,0.0010384656124150355
79,18,0.49961451812036145,-7.383836368030417e-05,0.0010047454070639076
79,19,0.49961451812036145,-8.06636468844936e-05,0.0009682617821950471
79,20,0.49961451812036145,-8.75312712767783e-05,0.0009291125248458273
79,21,0.49961451812036145,-9.439889566906302e-05,0.000887425555183866
79,22,0.49961451812036145,-0.00010122417887325245,0.0008433582464664482
79,23,0.49961451812036145,-0.00010796504074875578,0.0007970966382097955
79,24,0.49961451812036145,-0.00011457992164054652,0.0007488545795780753
79,25,0.49961451812036145,-0.00012102803860825562,0.0006988728484832584
79,26,0.49961451812036145,-0.00012726963686656074,0.0006474183042826547
79,27,0.49961451812036145,-0.00013326623488665735,0.0005947831502899242
79,28,0.49961451812036145,-0.00013898086164768034,0.0005412844099714469
79,29,0.49961451812036145,-0.00014437828457534183,0.00048726376355113273
79,30,0.49961451812036145,-0.00014942522676246754,0.0004330879602948478
79,31,0.49961451812036145,-0.00015409057213219517,0.00037915013558102506
79,32,0.49961451812036145,-0.00015834555727893567,0.0003258725593820724
79,33,0.49961451812036145,-0.0001621639488043332,0.0002737117038244538
79,34,0.49961451812036145,-0.00016552220505488969,0.0002231672204860888
79,35,0.49961451812036145,-0.0001683996212640869,0.0001747978990413177
79,36,0.49961451812036145,-0.00017077845720415714,0.00012925113271761062
79,37,0.49961451812036145,-0.00017264404656048668,8.732166277492834e-05
79,38,0.49961451812036145,-0.00017398488735432234,5.0085669622945945e-05
79,39,0.49961451812036145,-0.0001747927128562953,1.929588016266647e-05
79,40,0.49961451812036145,-0.00017506254255355663,0.0
80,0,0.5,-0.0,0.0
80,1,0.5,-0.0,0.0
80,2,0.5,-0.0,0.0
80,3,0.5,-0.0,0.0
80,4,0.5,-0.0,0.0
80,5,0.5,-0.0,0.0
80,6,0.5,-0.0,0.0
80,7,0.5,-0.0,0.0
80,8,0.5,-0.0,0.0
80,9,0.5,-0.0,0.0
80,10,0.5,-0.0,0.0
80,11,0.5,-0.0,0.0
80,12,0.5,-0.0,0.0
80,13,0.5,-0.0,0.0
80,14,0.5,-0.0,0.0
80,15,0.5,-0.0,0.0
80,16,0.5,-0.0,0.0
80,17,0.5,-0.0,0.0
80,18,0.5,-0.0,0.0
80,19,0.5,-0.0,0.0
80,20,0.5,-0.0,0.0
80,21,0.5,-0.0,0.0
80,22,0.5,-0.0,0.0
80,23,0.5,-0.0,0.0
80,24,0.5,-0.0,0.0
80,25,0.5,-0.0,0.0
80,26,0.5,-0.0,0.0
80,27,0.5,-0.0,0.0
80,28,0.5,-0.0,0.0
80,29,0.5,-0.0,0.0
80,30,0.5,-0.0,0.0
80,31,0.5,-0.0,0.0
80,32,0.5,-0.0,0.0
80,33,0.5,-0.0,0.0
80,34,0.5,-0.0,0.0
80,35,0.5,-0.0,0.0
80,36,0.5,-0.0,0.0
80,37,0.5,-0.0,0.0
80,38,0.5,-0.0,0.0
80,39,0.5,-0.0,0.0
80,40,0.5,-0.0,0.0
