                                                                        S      1
1H,,1H;,,                                                               G      1
124HM:\3me\mtt\SHS\lopende-projecten\2010\2010-04-DSYHS DB\Geometrieen DG      2
SYHS\Rhino modellen na inmeten 2012\SYSSER01_surface.igs,               G      3
26HRhinoceros ( Mar  9 2011 ),31HTrout Lake IGES 012 Mar  9 2011,       G      4
32,38,6,308,15,                                                         G      5
,                                                                       G      6
1.0D0,2,2HMM,1,0.254D0,13H121122.082211,                                G      7
0.001D0,                                                                G      8
1864D0,                                                                 G      9
,                                                                       G     10
,                                                                       G     11
10,0,13H121122.082211;                                                  G     12
     314       1       0       0       0       0       0       000000200D      1
     314       0       1       1       0       0       0   COLOR       0D      2
     314       2       0       0       0       0       0       000000200D      3
     314       0       5       1       0       0       0   COLOR       0D      4
     314       3       0       0       0       0       0       000000200D      5
     314       0       2       1       0       0       0   COLOR       0D      6
     314       4       0       0       0       0       0       000000200D      7
     314       0       4       1       0       0       0   COLOR       0D      8
     314       5       0       0       0       0       0       000000200D      9
     314       0       3       1       0       0       0   COLOR       0D     10
     406       6       0       0       1       0       0       000000300D     11
     406       0      -1       1       3       0       0LEVELDEF       0D     12
     406       7       0       0       2       0       0       000000300D     13
     406       0      -3       1       3       0       0LEVELDEF       0D     14
     406       8       0       0       3       0       0       000000300D     15
     406       0      -5       1       3       0       0LEVELDEF       0D     16
     406       9       0       0       4       0       0       000000300D     17
     406       0      -7       1       3       0       0LEVELDEF       0D     18
     406      10       0       0       5       0       0       000000300D     19
     406       0      -5       1       3       0       0LEVELDEF       0D     20
     406      11       0       0       6       0       0       000000300D     21
     406       0      -1       1       3       0       0LEVELDEF       0D     22
     406      12       0       0       7       0       0       000000300D     23
     406       0      -9       1       3       0       0LEVELDEF       0D     24
     406      13       0       0       8       0       0       000000300D     25
     406       0      -1       1       3       0       0LEVELDEF       0D     26
     406      14       0       0       0       0       0       000010300D     27
     406       0       0       1      15       0       0 NAMETXT       0D     28
     128      15       0       0       3       0       0       000000000D     29
     128       0      -5    1325       0       0       0Gerebuil       0D     30
     128    1340       0       0       3       0       0       000000000D     31
     128       0      -5      87       8       0       0 TrimSrf       0D     32
314,0.0,0.0,0.0,20HRGB(   0,   0,   0 );                         0000001P      1
314,100.0,100.0,0.0,20HRGB( 255, 255,   0 );                     0000003P      2
314,100.0,0.0,0.0,20HRGB( 255,   0,   0 );                       0000005P      3
314,0.0,0.0,100.0,20HRGB(   0,   0, 255 );                       0000007P      4
314,24.70588,74.90196,49.80392,20HRGB(  63, 191, 127 );          0000009P      5
406,2,1,7HDefault;                                               0000011P      6
406,2,2,12HIGES level 0;                                         0000013P      7
406,2,3,16HNew surface hull;                                     0000015P      8
406,2,4,6Hframes;                                                0000017P      9
406,2,5,5Hedges;                                                 0000019P     10
406,2,6,3HPTS;                                                   0000021P     11
406,2,7,10HWaterplane;                                           0000023P     12
406,2,8,4Hdims;                                                  0000025P     13
406,1,19HGerebuild oppervlak;                                    0000027P     14
128,39,29,3,3,0,0,1,0,0,0.0D0,0.0D0,0.0D0,0.0D0,                 0000029P     15
3.317744752727541D0,6.635489505455081D0,9.953234258182622D0,     0000029P     16
13.27097901091016D0,16.5887237636377D0,19.90646851636524D0,      0000029P     17
23.22421326909278D0,26.54195802182032D0,29.85970277454787D0,     0000029P     18
33.17744752727541D0,36.49519228000295D0,39.81293703273049D0,     0000029P     19
43.13068178545803D0,46.44842653818557D0,49.76617129091311D0,     0000029P     20
53.08391604364065D0,56.40166079636819D0,59.71940554909573D0,     0000029P     21
63.03715030182327D0,66.35489505455081D0,69.67263980727836D0,     0000029P     22
72.99038456000589D0,76.30812931273343D0,79.62587406546098D0,     0000029P     23
82.94361881818851D0,86.26136357091606D0,89.5791083236436D0,      0000029P     24
92.89685307637113D0,96.21459782909868D0,99.53234258182621D0,     0000029P     25
102.8500873345538D0,106.1678320872813D0,109.4855768400088D0,     0000029P     26
112.8033215927364D0,116.1210663454639D0,119.4388110981915D0,     0000029P     27
122.756555850919D0,122.756555850919D0,122.756555850919D0,        0000029P     28
122.756555850919D0,0.0D0,0.0D0,0.0D0,0.0D0,82.57504629879196D0,  0000029P     29
165.1500925975839D0,247.7251388963759D0,330.3001851951678D0,     0000029P     30
412.8752314939598D0,495.4502777927518D0,578.0253240915438D0,     0000029P     31
660.6003703903357D0,743.1754166891276D0,825.7504629879196D0,     0000029P     32
908.3255092867116D0,990.9005555855035D0,1073.475601884295D0,     0000029P     33
1156.050648183088D0,1238.62569448188D0,1321.200740780671D0,      0000029P     34
1403.775787079464D0,1486.350833378255D0,1568.925879677047D0,     0000029P     35
1651.500925975839D0,1734.075972274631D0,1816.651018573423D0,     0000029P     36
1899.226064872215D0,1981.801111171007D0,2064.376157469799D0,     0000029P     37
2146.951203768591D0,2229.526250067383D0,2229.526250067383D0,     0000029P     38
2229.526250067383D0,2229.526250067383D0,1.0D0,1.0D0,1.0D0,1.0D0, 0000029P     39
1.0D0,1.0D0,1.0D0,1.0D0,1.0D0,1.0D0,1.0D0,1.0D0,1.0D0,1.0D0,     0000029P     40
1.0D0,1.0D0,1.0D0,1.0D0,1.0D0,1.0D0,1.0D0,1.0D0,1.0D0,1.0D0,     0000029P     41
1.0D0,1.0D0,1.0D0,1.0D0,1.0D0,1.0D0,1.0D0,1.0D0,1.0D0,1.0D0,     0000029P     42
1.0D0,1.0D0,1.0D0,1.0D0,1.0D0,1.0D0,1.0D0,1.0D0,1.0D0,1.0D0,     0000029P     43
1.0D0,1.0D0,1.0D0,1.0D0,1.0D0,1.0D0,1.0D0,1.0D0,1.0D0,1.0D0,     0000029P     44
1.0D0,1.0D0,1.0D0,1.0D0,1.0D0,1.0D0,1.0D0,1.0D0,1.0D0,1.0D0,     0000029P     45
1.0D0,1.0D0,1.0D0,1.0D0,1.0D0,1.0D0,1.0D0,1.0D0,1.0D0,1.0D0,     0000029P     46
1.0D0,1.0D0,1.0D0,1.0D0,1.0D0,1.0D0,1.0D0,1.0D0,1.0D0,1.0D0,     0000029P     47
1.0D0,1.0D0,1.0D0,1.0D0,1.0D0,1.0D0,1.0D0,1.0D0,1.0D0,1.0D0,     0000029P     48
1.0D0,1.0D0,1.0D0,1.0D0,1.0D0,1.0D0,1.0D0,1.0D0,1.0D0,1.0D0,     0000029P     49
1.0D0,1.0D0,1.0D0,1.0D0,1.0D0,1.0D0,1.0D0,1.0D0,1.0D0,1.0D0,     0000029P     50
1.0D0,1.0D0,1.0D0,1.0D0,1.0D0,1.0D0,1.0D0,1.0D0,1.0D0,1.0D0,     0000029P     51
1.0D0,1.0D0,1.0D0,1.0D0,1.0D0,1.0D0,1.0D0,1.0D0,1.0D0,1.0D0,     0000029P     52
1.0D0,1.0D0,1.0D0,1.0D0,1.0D0,1.0D0,1.0D0,1.0D0,1.0D0,1.0D0,     0000029P     53
1.0D0,1.0D0,1.0D0,1.0D0,1.0D0,1.0D0,1.0D0,1.0D0,1.0D0,1.0D0,     0000029P     54
1.0D0,1.0D0,1.0D0,1.0D0,1.0D0,1.0D0,1.0D0,1.0D0,1.0D0,1.0D0,     0000029P     55
1.0D0,1.0D0,1.0D0,1.0D0,1.0D0,1.0D0,1.0D0,1.0D0,1.0D0,1.0D0,     0000029P     56
1.0D0,1.0D0,1.0D0,1.0D0,1.0D0,1.0D0,1.0D0,1.0D0,1.0D0,1.0D0,     0000029P     57
1.0D0,1.0D0,1.0D0,1.0D0,1.0D0,1.0D0,1.0D0,1.0D0,1.0D0,1.0D0,     0000029P     58
1.0D0,1.0D0,1.0D0,1.0D0,1.0D0,1.0D0,1.0D0,1.0D0,1.0D0,1.0D0,     0000029P     59
1.0D0,1.0D0,1.0D0,1.0D0,1.0D0,1.0D0,1.0D0,1.0D0,1.0D0,1.0D0,     0000029P     60
1.0D0,1.0D0,1.0D0,1.0D0,1.0D0,1.0D0,1.0D0,1.0D0,1.0D0,1.0D0,     0000029P     61
1.0D0,1.0D0,1.0D0,1.0D0,1.0D0,1.0D0,1.0D0,1.0D0,1.0D0,1.0D0,     0000029P     62
1.0D0,1.0D0,1.0D0,1.0D0,1.0D0,1.0D0,1.0D0,1.0D0,1.0D0,1.0D0,     0000029P     63
1.0D0,1.0D0,1.0D0,1.0D0,1.0D0,1.0D0,1.0D0,1.0D0,1.0D0,1.0D0,     0000029P     64
1.0D0,1.0D0,1.0D0,1.0D0,1.0D0,1.0D0,1.0D0,1.0D0,1.0D0,1.0D0,     0000029P     65
1.0D0,1.0D0,1.0D0,1.0D0,1.0D0,1.0D0,1.0D0,1.0D0,1.0D0,1.0D0,     0000029P     66
1.0D0,1.0D0,1.0D0,1.0D0,1.0D0,1.0D0,1.0D0,1.0D0,1.0D0,1.0D0,     0000029P     67
1.0D0,1.0D0,1.0D0,1.0D0,1.0D0,1.0D0,1.0D0,1.0D0,1.0D0,1.0D0,     0000029P     68
1.0D0,1.0D0,1.0D0,1.0D0,1.0D0,1.0D0,1.0D0,1.0D0,1.0D0,1.0D0,     0000029P     69
1.0D0,1.0D0,1.0D0,1.0D0,1.0D0,1.0D0,1.0D0,1.0D0,1.0D0,1.0D0,     0000029P     70
1.0D0,1.0D0,1.0D0,1.0D0,1.0D0,1.0D0,1.0D0,1.0D0,1.0D0,1.0D0,     0000029P     71
1.0D0,1.0D0,1.0D0,1.0D0,1.0D0,1.0D0,1.0D0,1.0D0,1.0D0,1.0D0,     0000029P     72
1.0D0,1.0D0,1.0D0,1.0D0,1.0D0,1.0D0,1.0D0,1.0D0,1.0D0,1.0D0,     0000029P     73
1.0D0,1.0D0,1.0D0,1.0D0,1.0D0,1.0D0,1.0D0,1.0D0,1.0D0,1.0D0,     0000029P     74
1.0D0,1.0D0,1.0D0,1.0D0,1.0D0,1.0D0,1.0D0,1.0D0,1.0D0,1.0D0,     0000029P     75
1.0D0,1.0D0,1.0D0,1.0D0,1.0D0,1.0D0,1.0D0,1.0D0,1.0D0,1.0D0,     0000029P     76
1.0D0,1.0D0,1.0D0,1.0D0,1.0D0,1.0D0,1.0D0,1.0D0,1.0D0,1.0D0,     0000029P     77
1.0D0,1.0D0,1.0D0,1.0D0,1.0D0,1.0D0,1.0D0,1.0D0,1.0D0,1.0D0,     0000029P     78
1.0D0,1.0D0,1.0D0,1.0D0,1.0D0,1.0D0,1.0D0,1.0D0,1.0D0,1.0D0,     0000029P     79
1.0D0,1.0D0,1.0D0,1.0D0,1.0D0,1.0D0,1.0D0,1.0D0,1.0D0,1.0D0,     0000029P     80
1.0D0,1.0D0,1.0D0,1.0D0,1.0D0,1.0D0,1.0D0,1.0D0,1.0D0,1.0D0,     0000029P     81
1.0D0,1.0D0,1.0D0,1.0D0,1.0D0,1.0D0,1.0D0,1.0D0,1.0D0,1.0D0,     0000029P     82
1.0D0,1.0D0,1.0D0,1.0D0,1.0D0,1.0D0,1.0D0,1.0D0,1.0D0,1.0D0,     0000029P     83
1.0D0,1.0D0,1.0D0,1.0D0,1.0D0,1.0D0,1.0D0,1.0D0,1.0D0,1.0D0,     0000029P     84
1.0D0,1.0D0,1.0D0,1.0D0,1.0D0,1.0D0,1.0D0,1.0D0,1.0D0,1.0D0,     0000029P     85
1.0D0,1.0D0,1.0D0,1.0D0,1.0D0,1.0D0,1.0D0,1.0D0,1.0D0,1.0D0,     0000029P     86
1.0D0,1.0D0,1.0D0,1.0D0,1.0D0,1.0D0,1.0D0,1.0D0,1.0D0,1.0D0,     0000029P     87
1.0D0,1.0D0,1.0D0,1.0D0,1.0D0,1.0D0,1.0D0,1.0D0,1.0D0,1.0D0,     0000029P     88
1.0D0,1.0D0,1.0D0,1.0D0,1.0D0,1.0D0,1.0D0,1.0D0,1.0D0,1.0D0,     0000029P     89
1.0D0,1.0D0,1.0D0,1.0D0,1.0D0,1.0D0,1.0D0,1.0D0,1.0D0,1.0D0,     0000029P     90
1.0D0,1.0D0,1.0D0,1.0D0,1.0D0,1.0D0,1.0D0,1.0D0,1.0D0,1.0D0,     0000029P     91
1.0D0,1.0D0,1.0D0,1.0D0,1.0D0,1.0D0,1.0D0,1.0D0,1.0D0,1.0D0,     0000029P     92
1.0D0,1.0D0,1.0D0,1.0D0,1.0D0,1.0D0,1.0D0,1.0D0,1.0D0,1.0D0,     0000029P     93
1.0D0,1.0D0,1.0D0,1.0D0,1.0D0,1.0D0,1.0D0,1.0D0,1.0D0,1.0D0,     0000029P     94
1.0D0,1.0D0,1.0D0,1.0D0,1.0D0,1.0D0,1.0D0,1.0D0,1.0D0,1.0D0,     0000029P     95
1.0D0,1.0D0,1.0D0,1.0D0,1.0D0,1.0D0,1.0D0,1.0D0,1.0D0,1.0D0,     0000029P     96
1.0D0,1.0D0,1.0D0,1.0D0,1.0D0,1.0D0,1.0D0,1.0D0,1.0D0,1.0D0,     0000029P     97
1.0D0,1.0D0,1.0D0,1.0D0,1.0D0,1.0D0,1.0D0,1.0D0,1.0D0,1.0D0,     0000029P     98
1.0D0,1.0D0,1.0D0,1.0D0,1.0D0,1.0D0,1.0D0,1.0D0,1.0D0,1.0D0,     0000029P     99
1.0D0,1.0D0,1.0D0,1.0D0,1.0D0,1.0D0,1.0D0,1.0D0,1.0D0,1.0D0,     0000029P    100
1.0D0,1.0D0,1.0D0,1.0D0,1.0D0,1.0D0,1.0D0,1.0D0,1.0D0,1.0D0,     0000029P    101
1.0D0,1.0D0,1.0D0,1.0D0,1.0D0,1.0D0,1.0D0,1.0D0,1.0D0,1.0D0,     0000029P    102
1.0D0,1.0D0,1.0D0,1.0D0,1.0D0,1.0D0,1.0D0,1.0D0,1.0D0,1.0D0,     0000029P    103
1.0D0,1.0D0,1.0D0,1.0D0,1.0D0,1.0D0,1.0D0,1.0D0,1.0D0,1.0D0,     0000029P    104
1.0D0,1.0D0,1.0D0,1.0D0,1.0D0,1.0D0,1.0D0,1.0D0,1.0D0,1.0D0,     0000029P    105
1.0D0,1.0D0,1.0D0,1.0D0,1.0D0,1.0D0,1.0D0,1.0D0,1.0D0,1.0D0,     0000029P    106
1.0D0,1.0D0,1.0D0,1.0D0,1.0D0,1.0D0,1.0D0,1.0D0,1.0D0,1.0D0,     0000029P    107
1.0D0,1.0D0,1.0D0,1.0D0,1.0D0,1.0D0,1.0D0,1.0D0,1.0D0,1.0D0,     0000029P    108
1.0D0,1.0D0,1.0D0,1.0D0,1.0D0,1.0D0,1.0D0,1.0D0,1.0D0,1.0D0,     0000029P    109
1.0D0,1.0D0,1.0D0,1.0D0,1.0D0,1.0D0,1.0D0,1.0D0,1.0D0,1.0D0,     0000029P    110
1.0D0,1.0D0,1.0D0,1.0D0,1.0D0,1.0D0,1.0D0,1.0D0,1.0D0,1.0D0,     0000029P    111
1.0D0,1.0D0,1.0D0,1.0D0,1.0D0,1.0D0,1.0D0,1.0D0,1.0D0,1.0D0,     0000029P    112
1.0D0,1.0D0,1.0D0,1.0D0,1.0D0,1.0D0,1.0D0,1.0D0,1.0D0,1.0D0,     0000029P    113
1.0D0,1.0D0,1.0D0,1.0D0,1.0D0,1.0D0,1.0D0,1.0D0,1.0D0,1.0D0,     0000029P    114
1.0D0,1.0D0,1.0D0,1.0D0,1.0D0,1.0D0,1.0D0,1.0D0,1.0D0,1.0D0,     0000029P    115
1.0D0,1.0D0,1.0D0,1.0D0,1.0D0,1.0D0,1.0D0,1.0D0,1.0D0,1.0D0,     0000029P    116
1.0D0,1.0D0,1.0D0,1.0D0,1.0D0,1.0D0,1.0D0,1.0D0,1.0D0,1.0D0,     0000029P    117
1.0D0,1.0D0,1.0D0,1.0D0,1.0D0,1.0D0,1.0D0,1.0D0,1.0D0,1.0D0,     0000029P    118
1.0D0,1.0D0,1.0D0,1.0D0,1.0D0,1.0D0,1.0D0,1.0D0,1.0D0,1.0D0,     0000029P    119
1.0D0,1.0D0,1.0D0,1.0D0,1.0D0,1.0D0,1.0D0,1.0D0,1.0D0,1.0D0,     0000029P    120
1.0D0,1.0D0,1.0D0,1.0D0,1.0D0,1.0D0,1.0D0,1.0D0,1.0D0,1.0D0,     0000029P    121
1.0D0,1.0D0,1.0D0,1.0D0,1.0D0,1.0D0,1.0D0,1.0D0,1.0D0,1.0D0,     0000029P    122
1.0D0,1.0D0,1.0D0,1.0D0,1.0D0,1.0D0,1.0D0,1.0D0,1.0D0,1.0D0,     0000029P    123
1.0D0,1.0D0,1.0D0,1.0D0,1.0D0,1.0D0,1.0D0,1.0D0,1.0D0,1.0D0,     0000029P    124
1.0D0,1.0D0,1.0D0,1.0D0,1.0D0,1.0D0,1.0D0,1.0D0,1.0D0,1.0D0,     0000029P    125
1.0D0,1.0D0,1.0D0,1.0D0,1.0D0,1.0D0,1.0D0,1.0D0,1.0D0,1.0D0,     0000029P    126
1.0D0,1.0D0,1.0D0,1.0D0,1.0D0,1.0D0,1.0D0,1.0D0,1.0D0,1.0D0,     0000029P    127
1.0D0,1.0D0,1.0D0,1.0D0,1.0D0,1.0D0,1.0D0,1.0D0,1.0D0,1.0D0,     0000029P    128
1.0D0,1.0D0,1.0D0,1.0D0,1.0D0,1.0D0,1.0D0,1.0D0,1.0D0,1.0D0,     0000029P    129
1.0D0,1.0D0,1.0D0,1.0D0,1.0D0,1.0D0,1.0D0,1.0D0,1.0D0,1.0D0,     0000029P    130
1.0D0,1.0D0,1.0D0,1.0D0,1.0D0,1.0D0,1.0D0,1.0D0,1.0D0,1.0D0,     0000029P    131
1.0D0,1.0D0,1.0D0,1.0D0,1.0D0,1.0D0,1.0D0,1.0D0,1.0D0,1.0D0,     0000029P    132
1.0D0,1.0D0,1.0D0,1.0D0,1.0D0,1.0D0,1.0D0,1.0D0,1.0D0,1.0D0,     0000029P    133
1.0D0,1.0D0,1.0D0,1.0D0,1.0D0,1.0D0,1.0D0,1.0D0,1.0D0,1.0D0,     0000029P    134
1.0D0,1.0D0,1.0D0,1.0D0,1.0D0,1.0D0,1.0D0,1.0D0,1.0D0,1.0D0,     0000029P    135
1.0D0,1.0D0,1.0D0,1.0D0,1.0D0,1.0D0,1.0D0,1.0D0,1.0D0,1.0D0,     0000029P    136
1.0D0,1.0D0,1.0D0,1.0D0,1.0D0,1.0D0,1.0D0,1.0D0,1.0D0,1.0D0,     0000029P    137
1.0D0,1.0D0,1.0D0,1.0D0,1.0D0,1.0D0,1.0D0,1.0D0,1.0D0,1.0D0,     0000029P    138
1.0D0,1.0D0,1.0D0,1.0D0,1.0D0,1.0D0,1.0D0,1.0D0,1.0D0,1.0D0,     0000029P    139
1.0D0,1.0D0,1.0D0,1.0D0,1.0D0,1.0D0,1.0D0,1.0D0,1.0D0,1.0D0,     0000029P    140
1.0D0,1.0D0,1.0D0,1.0D0,1.0D0,1.0D0,1.0D0,1.0D0,1.0D0,1.0D0,     0000029P    141
1.0D0,1.0D0,1.0D0,1.0D0,1.0D0,1.0D0,1.0D0,1.0D0,1.0D0,1.0D0,     0000029P    142
1.0D0,1.0D0,1.0D0,1.0D0,1.0D0,1.0D0,1.0D0,1.0D0,1.0D0,1.0D0,     0000029P    143
1.0D0,1.0D0,1.0D0,1.0D0,1.0D0,1.0D0,1.0D0,1.0D0,1.0D0,1.0D0,     0000029P    144
1.0D0,1.0D0,1.0D0,1.0D0,1.0D0,1.0D0,1.0D0,1.0D0,1.0D0,1.0D0,     0000029P    145
1.0D0,1.0D0,1.0D0,1.0D0,1.0D0,1.0D0,1.0D0,1.0D0,1.0D0,1.0D0,     0000029P    146
1.0D0,1.0D0,1.0D0,1.0D0,1.0D0,1.0D0,1.0D0,1.0D0,1.0D0,1.0D0,     0000029P    147
1.0D0,1.0D0,1.0D0,1.0D0,1.0D0,1.0D0,1.0D0,1.0D0,1.0D0,1.0D0,     0000029P    148
1.0D0,1.0D0,1.0D0,1.0D0,1.0D0,1.0D0,1.0D0,1.0D0,1.0D0,1.0D0,     0000029P    149
1.0D0,1.0D0,1.0D0,1.0D0,1.0D0,1.0D0,1.0D0,1.0D0,1.0D0,1.0D0,     0000029P    150
1.0D0,1.0D0,1.0D0,1.0D0,1.0D0,1.0D0,1.0D0,1.0D0,1.0D0,1.0D0,     0000029P    151
1.0D0,1.0D0,1.0D0,1.0D0,1.0D0,1.0D0,1.0D0,1.0D0,1.0D0,1.0D0,     0000029P    152
1.0D0,1.0D0,1.0D0,1.0D0,1.0D0,1.0D0,1.0D0,1.0D0,1.0D0,1.0D0,     0000029P    153
1.0D0,1.0D0,1.0D0,1.0D0,1.0D0,1.0D0,1.0D0,1.0D0,1.0D0,1.0D0,     0000029P    154
1.0D0,1.0D0,1.0D0,1.0D0,1.0D0,1.0D0,1.0D0,1.0D0,1.0D0,1.0D0,     0000029P    155
1.0D0,1.0D0,1.0D0,1.0D0,1.0D0,1.0D0,1.0D0,1.0D0,1.0D0,1.0D0,     0000029P    156
1.0D0,1.0D0,1.0D0,1.0D0,1.0D0,1.0D0,1.0D0,1.0D0,1.0D0,1.0D0,     0000029P    157
1.0D0,1.0D0,1.0D0,1.0D0,1.0D0,1.0D0,1.0D0,1.0D0,1.0D0,1.0D0,     0000029P    158
1.0D0,1.0D0,1.0D0,1.0D0,1.0D0,1.0D0,1864.0D0,0.0D0,318.1D0,      0000029P    159
1864.0D0,0.0D0,318.1D0,1864.0D0,0.0D0,318.1D0,1864.0D0,0.0D0,    0000029P    160
318.1000000000001D0,1864.0D0,0.0D0,318.1D0,1864.0D0,0.0D0,       0000029P    161
318.1D0,1864.0D0,0.0D0,318.1D0,1864.0D0,0.0D0,                   0000029P    162
318.1000000000001D0,1864.0D0,0.0D0,318.1D0,1864.0D0,0.0D0,       0000029P    163
318.1000000000001D0,1864.0D0,0.0D0,318.1D0,1864.0D0,0.0D0,       0000029P    164
318.1000000000001D0,1864.0D0,0.0D0,318.1D0,1864.0D0,0.0D0,       0000029P    165
318.1D0,1864.0D0,0.0D0,318.1000000000001D0,1864.0D0,0.0D0,       0000029P    166
318.1000000000001D0,1864.0D0,0.0D0,318.1D0,1864.0D0,0.0D0,       0000029P    167
318.1D0,1864.0D0,0.0D0,318.1000000000001D0,1864.0D0,0.0D0,       0000029P    168
318.1000000000001D0,1864.0D0,0.0D0,318.0999999999999D0,1864.0D0, 0000029P    169
0.0D0,318.1000000000001D0,1864.0D0,0.0D0,318.0999999999999D0,    0000029P    170
1864.0D0,0.0D0,318.1000000000001D0,1864.0D0,0.0D0,318.1D0,       0000029P    171
1864.0D0,0.0D0,318.1000000000001D0,1864.0D0,0.0D0,               0000029P    172
318.0999999999999D0,1864.0D0,0.0D0,318.1000000000001D0,1864.0D0, 0000029P    173
0.0D0,318.1D0,1864.0D0,0.0D0,318.1D0,1864.0D0,0.0D0,318.1D0,     0000029P    174
1864.0D0,0.0D0,318.1000000000001D0,1864.0D0,0.0D0,               0000029P    175
318.0999999999999D0,1864.0D0,0.0D0,318.1000000000001D0,1864.0D0, 0000029P    176
0.0D0,318.1D0,1864.0D0,0.0D0,318.1D0,1864.0D0,0.0D0,             0000029P    177
318.1000000000001D0,1864.0D0,0.0D0,318.1D0,1864.0D0,0.0D0,       0000029P    178
318.1D0,1864.0D0,0.0D0,318.1D0,1839.283492274992D0,              0000029P    179
-12.82565802465817D0,318.1D0,1839.297850484094D0,                0000029P    180
-12.69227645260801D0,317.8948158847039D0,1839.326559006682D0,    0000029P    181
-12.41654427408231D0,317.4664007059183D0,1839.369461635345D0,    0000029P    182
-12.02722181717486D0,316.8500488226358D0,1839.412615427373D0,    0000029P    183
-11.64798587812508D0,316.207553516013D0,1839.455447791276D0,     0000029P    184
-11.29020596683966D0,315.5694110465381D0,1839.498560044877D0,    0000029P    185
-10.91818517861474D0,314.9143416498905D0,1839.541124645167D0,    0000029P    186
-10.54180578020275D0,314.2943299657867D0,1839.584499756252D0,    0000029P    187
-10.15959401003102D0,313.6551071185622D0,1839.627214872133D0,    0000029P    188
-9.814645726258821D0,313.0212770429805D0,1839.670433109678D0,    0000029P    189
-9.476140388649867D0,312.3514791114898D0,1839.713313825463D0,    0000029P    190
-9.137145021118259D0,311.7091576892252D0,1839.756433836985D0,    0000029P    191
-8.767030486150466D0,311.0604432313622D0,1839.79919643343D0,     0000029P    192
-8.398528614410779D0,310.4141205616245D0,1839.842367384564D0,    0000029P    193
-8.042461075125127D0,309.7753051912014D0,1839.885278043004D0,    0000029P    194
-7.684358256420835D0,309.1321221089295D0,1839.928288388088D0,    0000029P    195
-7.330408210464678D0,308.4942296790069D0,1839.971041585258D0,    0000029P    196
-6.988529190097128D0,307.8396784779262D0,1840.014315391204D0,    0000029P    197
-6.657689887834149D0,307.1763366038634D0,1840.05704718096D0,     0000029P    198
-6.317700611354967D0,306.532781608786D0,1840.100246848906D0,     0000029P    199
-5.946522017152386D0,305.8867115091525D0,1840.143011908452D0,    0000029P    200
-5.579073407722968D0,305.2538727531043D0,1840.185946252281D0,    0000029P    201
-5.227352481924422D0,304.6121977172411D0,1840.229225969368D0,    0000029P    202
-4.883923712532556D0,303.9494029180228D0,1840.272006490958D0,    0000029P    203
-4.558447830993318D0,303.2920792341122D0,1840.314862316931D0,    0000029P    204
-4.232199360447308D0,302.6288624872497D0,1840.357988533398D0,    0000029P    205
-3.892685057581419D0,301.9707761997908D0,1840.400737741649D0,    0000029P    206
-3.538490689910935D0,301.333517195235D0,1840.444142917077D0,     0000029P    207
-3.165898743834587D0,300.6663405775641D0,1840.486636284212D0,    0000029P    208
-2.838960881918902D0,300.032707865238D0,1840.529999846299D0,     0000029P    209
-2.504536296622841D0,299.3501688985038D0,1840.572838562565D0,    0000029P    210
-2.176709578391652D0,298.7061007351372D0,1840.615935413944D0,    0000029P    211
-1.80840712778092D0,298.0478413220201D0,1840.658923400971D0,     0000029P    212
-1.453419273697775D0,297.404717521192D0,1840.702002740063D0,     0000029P    213
-1.13355739933066D0,296.7507972933161D0,1840.744798793063D0,     0000029P    214
-0.8202062848129971D0,296.0517353631981D0,1840.787854802472D0,   0000029P    215
-0.539385282842112D0,295.3707595521041D0,1840.830975094256D0,    0000029P    216
-0.2550044977577484D0,294.6549287123532D0,1840.859314502212D0,   0000029P    217
-0.08938169903354204D0,294.1986918888741D0,1840.873719023328D0,  0000029P    218
0.0D0,293.9499688597873D0,1791.026928694737D0,                   0000029P    219
-36.70747438529227D0,318.1000000000001D0,1791.039522857829D0,    0000029P    220
-36.3494302231813D0,317.4919739722392D0,1791.06470425845D0,      0000029P    221
-35.6102155426078D0,316.2353517556297D0,1791.102335880792D0,     0000029P    222
-34.56578467694552D0,314.3994903638506D0,1791.140187808631D0,    0000029P    223
-33.57082987491405D0,312.5128044058151D0,1791.177757798924D0,    0000029P    224
-32.62920954696861D0,310.6254269299225D0,1791.215573291737D0,    0000029P    225
-31.62588808372594D0,308.6977723976929D0,1791.252908415788D0,    0000029P    226
-30.58896915334992D0,306.8793466769877D0,1791.290954471479D0,    0000029P    227
-29.54774821566577D0,305.010760325338D0,1791.328421618814D0,     0000029P    228
-28.62518220385251D0,303.1365767797304D0,1791.366330074409D0,    0000029P    229
-27.71679743094473D0,301.1701127996122D0,1791.403942476084D0,    0000029P    230
-26.77974124476314D0,299.2987447081143D0,1791.441764773681D0,    0000029P    231
-25.7341928291954D0,297.4044416098465D0,1791.479273568129D0,     0000029P    232
-24.69805798775289D0,295.526002356266D0,1791.517140546911D0,     0000029P    233
-23.69861653871378D0,293.6678206319275D0,1791.554779212494D0,    0000029P    234
-22.68974006114162D0,291.796436280867D0,1791.592505317244D0,     0000029P    235
-21.69643250546205D0,289.9323520861922D0,1791.63000586721D0,     0000029P    236
-20.74266577528783D0,288.0312372712617D0,1791.667963064085D0,    0000029P    237
-19.80180416292281D0,286.0982668179402D0,1791.705444836747D0,    0000029P    238
-18.82495779062595D0,284.2336406462785D0,1791.7433370042D0,      0000029P    239
-17.76077040316259D0,282.3681697479374D0,1791.780847959132D0,    0000029P    240
-16.7099112944556D0,280.5303258514116D0,1791.818507400123D0,     0000029P    241
-15.70785652405159D0,278.6724315706867D0,1791.8564697819D0,      0000029P    242
-14.72227024603938D0,276.7552537727273D0,1791.893994299214D0,    0000029P    243
-13.77873590970235D0,274.8542688052353D0,1791.931584869034D0,    0000029P    244
-12.83881467273338D0,272.9515423618518D0,1791.969412609238D0,    0000029P    245
-11.84460008735188D0,271.0530619133077D0,1792.006909660362D0,    0000029P    246
-10.79738086105948D0,269.225211815173D0,1792.044982086698D0,     0000029P    247
-9.693529446421058D0,267.3279693608213D0,1792.082254729282D0,    0000029P    248
-8.716259184775566D0,265.5150782622102D0,1792.120290654883D0,    0000029P    249
-7.72817461394475D0,263.5662499086369D0,1792.157866217089D0,     0000029P    250
-6.756049376363544D0,261.7309739478944D0,1792.195668199993D0,    0000029P    251
-5.641851695718222D0,259.8464789224675D0,1792.233374693592D0,    0000029P    252
-4.579315461697918D0,258.0409989624474D0,1792.271161315764D0,    0000029P    253
-3.58868401357835D0,256.192211224356D0,1792.308699456303D0,      0000029P    254
-2.603725858764221D0,254.2184798259317D0,1792.346465615071D0,    0000029P    255
-1.735831101171462D0,252.3324782128074D0,1792.384288158497D0,    0000029P    256
-0.819257710012436D0,250.3186995738234D0,1792.409145793818D0,    0000029P    257
-0.2859866853172962D0,249.0490941459937D0,1792.421780579041D0,   0000029P    258
0.0D0,248.3589849428595D0,1716.768547865306D0,                   0000029P    259
-68.29323915084679D0,318.1000000000002D0,1716.770521156422D0,    0000029P    260
-67.80874348024085D0,316.9375561784431D0,1716.774466653537D0,    0000029P    261
-66.80132405080556D0,314.5599811003545D0,1716.780362888605D0,    0000029P    262
-65.26576481206344D0,311.1108050140795D0,1716.786293641796D0,    0000029P    263
-63.62763630857733D0,307.6023845020493D0,1716.792180220169D0,    0000029P    264
-61.97263569312044D0,304.1576384584878D0,1716.798105264611D0,    0000029P    265
-60.31546933288713D0,300.7117717059653D0,1716.803955043441D0,    0000029P    266
-58.66949834753014D0,297.3087776872135D0,1716.809916213164D0,    0000029P    267
-56.9220458694639D0,293.8342037243666D0,1716.815786677795D0,     0000029P    268
-55.17088975281121D0,290.4705109273323D0,1716.821726287924D0,    0000029P    269
-53.43241017887588D0,287.0421570759833D0,1716.82761951144D0,     0000029P    270
-51.77501219011748D0,283.5940543965234D0,1716.833545622076D0,    0000029P    271
-50.11828177985148D0,280.1454983403609D0,1716.839422612102D0,    0000029P    272
-48.41019099151931D0,276.737287621885D0,1716.84535572352D0,      0000029P    273
-46.66033438896729D0,273.314720973945D0,1716.851253062143D0,     0000029P    274
-44.95040407511144D0,269.8997590817152D0,1716.857164100997D0,    0000029P    275
-43.23631996343451D0,266.4569978081412D0,1716.863039799253D0,    0000029P    276
-41.49664483109621D0,263.0729254174545D0,1716.868987046311D0,    0000029P    277
-39.68146215123152D0,259.70724124475D0,1716.874859802483D0,      0000029P    278
-37.84635775572817D0,256.3745887000588D0,1716.880796860537D0,    0000029P    279
-35.98623414278974D0,252.998649319284D0,1716.886674189074D0,     0000029P    280
-34.13372582105792D0,249.6860773605125D0,1716.892574782851D0,    0000029P    281
-32.23553844356626D0,246.3722761311826D0,1716.898522842295D0,    0000029P    282
-30.28685658222679D0,243.0382175096772D0,1716.904402295826D0,    0000029P    283
-28.35588584728349D0,239.7677003675721D0,1716.910292098662D0,    0000029P    284
-26.39004511318998D0,236.4778677942756D0,1716.916219062062D0,    0000029P    285
-24.41941559535223D0,233.179603819803D0,1716.922094212109D0,     0000029P    286
-22.50857826486684D0,229.9181806233406D0,1716.928059513663D0,    0000029P    287
-20.54333740375187D0,226.5566367352228D0,1716.933899502709D0,    0000029P    288
-18.59214017911154D0,223.3333263158886D0,1716.93985908522D0,     0000029P    289
-16.52296188890927D0,220.0652085442367D0,1716.945746536618D0,    0000029P    290
-14.48529763265128D0,216.8329546832117D0,1716.951669464287D0,    0000029P    291
-12.51484964881236D0,213.5600829137234D0,1716.957577430407D0,    0000029P    292
-10.53489348572009D0,210.2577831035363D0,1716.963497951311D0,    0000029P    293
-8.522282320428406D0,206.9741698467038D0,1716.96937953937D0,     0000029P    294
-6.514687407118045D0,203.8010720481581D0,1716.975296854007D0,    0000029P    295
-4.35572915575001D0,200.5464288579637D0,1716.981223003161D0,     0000029P    296
-2.210486940208431D0,197.3987151412271D0,1716.985117771761D0,    0000029P    297
-0.7573550703255028D0,195.3525889652258D0,1716.987097427674D0,   0000029P    298
0.0D0,194.3029164565639D0,1641.048289178878D0,                   0000029P    299
-97.82418572350225D0,318.1D0,1641.051340511238D0,                0000029P    300
-97.24550532260233D0,316.4301464500619D0,1641.057441498022D0,    0000029P    301
-96.04095410421749D0,313.0639357921035D0,1641.066558942839D0,    0000029P    302
-94.16541421425076D0,308.0577928049759D0,1641.075729763596D0,    0000029P    303
-92.22902132213774D0,303.0873017957111D0,1641.08483227611D0,     0000029P    304
-90.22489419728235D0,298.1600851655361D0,1641.093994269334D0,    0000029P    305
-88.12003102199518D0,293.2644938068167D0,1641.103039878109D0,    0000029P    306
-85.93776965195252D0,288.469471373346D0,1641.112257732447D0,     0000029P    307
-83.66560307329638D0,283.5936396840546D0,1641.121335328018D0,    0000029P    308
-81.44295199549735D0,278.7776830709609D0,1641.130519844403D0,    0000029P    309
-79.22149823192143D0,273.9186926127998D0,1641.139632632408D0,    0000029P    310
-77.00383033171622D0,269.1238767513098D0,1641.148796274306D0,    0000029P    311
-74.68628222827101D0,264.2776936587511D0,1641.1578839602D0,      0000029P    312
-72.32442395100514D0,259.5581032971694D0,1641.167058427522D0,    0000029P    313
-69.90600613945695D0,254.7934150232864D0,1641.176177578785D0,    0000029P    314
-67.54532978969134D0,250.0280007893963D0,1641.185317914939D0,    0000029P    315
-65.20702933285287D0,245.1807535532409D0,1641.194403603348D0,    0000029P    316
-62.83970540826785D0,240.4733760489383D0,1641.203599928841D0,    0000029P    317
-60.24891603756696D0,235.7825938504262D0,1641.212681067857D0,    0000029P    318
-57.58174089685048D0,231.1950667063076D0,1641.221861637927D0,    0000029P    319
-54.91310346321486D0,226.5675163785427D0,1641.230949847266D0,    0000029P    320
-52.28194247658032D0,221.9575089446213D0,1641.240074032026D0,    0000029P    321
-49.60433599336069D0,217.3824828746342D0,1641.249271613726D0,    0000029P    322
-46.80550564664267D0,212.7974268218246D0,1641.258363108979D0,    0000029P    323
-43.96727471888024D0,208.2964520410082D0,1641.26747060753D0,     0000029P    324
-41.11354258879471D0,203.8544667817922D0,1641.276635568072D0,    0000029P    325
-38.17786718752844D0,199.3388816037481D0,1641.285720408775D0,    0000029P    326
-35.29853072989963D0,194.9202400114779D0,1641.294944652233D0,    0000029P    327
-32.33244984920272D0,190.4374959370817D0,1641.303975122905D0,    0000029P    328
-29.34692755312257D0,186.085495890885D0,1641.31319052291D0,      0000029P    329
-26.23682525608124D0,181.7127309876342D0,1641.322294385395D0,    0000029P    330
-23.1655793684334D0,177.3875467257298D0,1641.331453105419D0,     0000029P    331
-20.09820200386617D0,172.9511525055682D0,1641.340588690154D0,    0000029P    332
-17.08892439325192D0,168.6416331236597D0,1641.349743688557D0,    0000029P    333
-13.86066075378327D0,164.2968004911683D0,1641.358838484466D0,    0000029P    334
-10.56624797697345D0,160.1624519064861D0,1641.367988524965D0,    0000029P    335
-7.16935372725255D0,156.0760514336991D0,1641.377152226423D0,     0000029P    336
-3.598554055914581D0,151.9992556074D0,1641.383174770873D0,       0000029P    337
-1.229454344500424D0,149.4116280362663D0,1641.386235945223D0,    0000029P    338
0.0D0,148.104444127701D0,1565.103395093076D0,                    0000029P    339
-126.0814457436532D0,318.1D0,1565.106943669213D0,                0000029P    340
-125.4273783568745D0,315.9440086505293D0,1565.114038870113D0,    0000029P    341
-124.1156174412717D0,311.6816129077093D0,1565.124642089719D0,    0000029P    342
-122.0649592803493D0,305.2582218297604D0,1565.135307383383D0,    0000029P    343
-120.0144784713295D0,298.9232081674663D0,1565.145893237323D0,    0000029P    344
-117.8583145880123D0,292.5025366297536D0,1565.156548264925D0,    0000029P    345
-115.5591594467717D0,286.2226790486556D0,1565.167067942119D0,    0000029P    346
-113.0937627708478D0,280.0158561810178D0,1565.177787933938D0,    0000029P    347
-110.5392457613696D0,273.7818081173278D0,1565.18834481048D0,     0000029P    348
-107.9919824330184D0,267.5775688153498D0,1565.199026031606D0,    0000029P    349
-105.3853895101535D0,261.4321843555722D0,1565.209623835528D0,    0000029P    350
-102.6232995445188D0,255.2061273788347D0,1565.220280780471D0,    0000029P    351
-99.84219978581206D0,249.1585745978343D0,1565.230849391652D0,    0000029P    352
-96.94932596024353D0,243.0676958452565D0,1565.241518926124D0,    0000029P    353
-93.95750776785931D0,237.058967806227D0,1565.252124130258D0,     0000029P    354
-90.90361539032928D0,231.1251897941472D0,1565.262753971562D0,    0000029P    355
-87.77272587510572D0,225.1015510888948D0,1565.273320259749D0,    0000029P    356
-84.70568584663369D0,219.2770397227328D0,1565.284015214392D0,    0000029P    357
-81.49169558611293D0,213.3247987133073D0,1565.294576211819D0,    0000029P    358
-78.2070491704396D0,207.4633556553387D0,1565.30525284354D0,      0000029P    359
-74.78278154394164D0,201.6381714434103D0,1565.315822063467D0,    0000029P    360
-71.29194726502168D0,195.982312473553D0,1565.326433121354D0,     0000029P    361
-67.68975153306133D0,190.3150293179163D0,1565.337129536913D0,    0000029P    362
-63.99966526730307D0,184.5903975075521D0,1565.347702578225D0,    0000029P    363
-60.36975260716433D0,179.0334172932474D0,1565.358294230725D0,    0000029P    364
-56.66665914931854D0,173.4730572516709D0,1565.368952709196D0,    0000029P    365
-52.84061934847321D0,167.8972217513802D0,1565.379518011536D0,    0000029P    366
-48.93604563525861D0,162.4703867059435D0,1565.390245433641D0,    0000029P    367
-44.85945663790072D0,157.0479874761524D0,1565.400747505835D0,    0000029P    368
-40.81145306103486D0,151.7823813989971D0,1565.411464643362D0,    0000029P    369
-36.65294406849579D0,146.4489902315806D0,1565.422052067264D0,    0000029P    370
-32.467883752593D0,141.2398107749952D0,1565.432703288267D0,      0000029P    371
-28.0983537237198D0,136.0230638369964D0,1565.443327603864D0,     0000029P    372
-23.71538907046549D0,130.9716675634883D0,1565.453974496772D0,    0000029P    373
-19.21885026323194D0,125.9283672064681D0,1565.464551376612D0,    0000029P    374
-14.69619131989427D0,121.0212748154884D0,1565.475192503679D0,    0000029P    375
-9.958839711460911D0,116.2291971689489D0,1565.485849517886D0,    0000029P    376
-5.040928471159381D0,111.610790264972D0,1565.492853493527D0,     0000029P    377
-1.724844549822339D0,108.7084511934596D0,1565.496413515499D0,    0000029P    378
0.0D0,107.241285605152D0,1488.380342081353D0,                    0000029P    379
-152.6947375205778D0,318.0999999999999D0,1488.38284149404D0,     0000029P    380
-152.0254443823468D0,315.537532246669D0,1488.387838944979D0,     0000029P    381
-150.7130346663831D0,310.4347983180514D0,1488.395307242285D0,    0000029P    382
-148.6359347840785D0,302.8240711207894D0,1488.402819260984D0,    0000029P    383
-146.452178310458D0,295.1593031288203D0,1488.410275326915D0,     0000029P    384
-144.2561818298615D0,287.6346569932155D0,1488.417780114791D0,    0000029P    385
-141.9539415896604D0,280.0128055708392D0,1488.425189569632D0,    0000029P    386
-139.554114558897D0,272.583682238425D0,1488.432740114561D0,      0000029P    387
-136.8967075121352D0,265.0121529503471D0,1488.440175770483D0,    0000029P    388
-134.1340580670951D0,257.6970026670833D0,1488.447699007568D0,    0000029P    389
-131.1820498733499D0,250.2439863165688D0,1488.455163490379D0,    0000029P    390
-128.172923267911D0,243.0060205281417D0,1488.462669628718D0,     0000029P    391
-124.9860662273631D0,235.7481485428768D0,1488.470113549843D0,    0000029P    392
-121.6747885016554D0,228.5674302398032D0,1488.477628555522D0,    0000029P    393
-118.2587509031765D0,221.373991448263D0,1488.485098250616D0,     0000029P    394
-114.7834432595376D0,214.3503139610009D0,1488.492585298713D0,    0000029P    395
-111.0487231806068D0,207.3075531000723D0,1488.500027583655D0,    0000029P    396
-107.2180224615784D0,200.4916134056884D0,1488.507560493838D0,    0000029P    397
-103.2028398195626D0,193.5685980660644D0,1488.514999052273D0,    0000029P    398
-99.21046921318201D0,186.854091604229D0,1488.522519056845D0,     0000029P    399
-95.03926014693474D0,180.0715908122517D0,1488.529963406737D0,    0000029P    400
-90.79201255703316D0,173.4128887519846D0,1488.537437224876D0,    0000029P    401
-86.44776826438364D0,166.8458505479347D0,1488.544971164045D0,    0000029P    402
-81.90603082592982D0,160.2739615010743D0,1488.552418205499D0,    0000029P    403
-77.28272272812473D0,153.8837674240947D0,1488.559878355603D0,    0000029P    404
-72.55528474162075D0,147.5942444089589D0,1488.567385574072D0,    0000029P    405
-67.67778260707185D0,141.3360880102474D0,1488.57482716464D0,     0000029P    406
-62.7756447197487D0,135.2165160460175D0,1488.582382943034D0,     0000029P    407
-57.68941665317468D0,129.0541920708081D0,1488.589779997928D0,    0000029P    408
-52.55968911044634D0,123.0962805665787D0,1488.597328532459D0,    0000029P    409
-47.22570001045629D0,117.1801697155346D0,1488.604785704181D0,    0000029P    410
-41.78300040649058D0,111.4188079279534D0,1488.612287810907D0,    0000029P    411
-36.26687090964546D0,105.8479273432223D0,1488.619770967015D0,    0000029P    412
-30.45737408474374D0,100.2404268631629D0,1488.62727002528D0,     0000029P    413
-24.72591918000265D0,94.89738095803502D0,1488.634719770372D0,    0000029P    414
-18.85315978294269D0,89.66418493438839D0,1488.642214767511D0,    0000029P    415
-12.69515981438376D0,84.50770724363188D0,1488.649720954638D0,    0000029P    416
-6.43680278718008D0,79.69495048626514D0,1488.654654151756D0,     0000029P    417
-2.216597356684313D0,76.65905602360644D0,1488.65716162623D0,     0000029P    418
0.0D0,75.11986817776275D0,1411.00862664691D0,                    0000029P    419
-177.6864618673137D0,318.1000000000002D0,1411.00968204986D0,     0000029P    420
-177.0900742535739D0,315.2107195125094D0,1411.011792275389D0,    0000029P    421
-175.9022287591189D0,309.3199026545546D0,1411.014945841444D0,    0000029P    422
-174.0419230256663D0,300.6557671893586D0,1411.018117869311D0,    0000029P    423
-171.9865240931154D0,291.7773106535931D0,1411.021266270539D0,    0000029P    424
-169.8940648309144D0,283.3042772571207D0,1411.024435245117D0,    0000029P    425
-167.5480543717596D0,274.5163576946886D0,1411.027563964329D0,    0000029P    426
-165.1153393434428D0,266.1082556342018D0,1411.030752260296D0,    0000029P    427
-162.4251776003011D0,257.4301773852159D0,1411.033892043187D0,    0000029P    428
-159.6892923643598D0,249.0478733477894D0,1411.037068808134D0,    0000029P    429
-156.6815721775024D0,240.4565437100989D0,1411.040220763478D0,    0000029P    430
-153.5241138547713D0,232.2597987236525D0,1411.043390308301D0,    0000029P    431
-150.018253465253D0,223.9952409127082D0,1411.04653358126D0,      0000029P    432
-146.3550403662667D0,215.8747759854776D0,1411.04970687041D0,     0000029P    433
-142.5332987991046D0,207.7707775970519D0,1411.052861026695D0,    0000029P    434
-138.5383965441488D0,199.7528648453136D0,1411.056022510465D0,    0000029P    435
-134.414855004072D0,191.9205113465066D0,1411.059165092529D0,     0000029P    436
-129.9977155929197D0,184.0404593976048D0,1411.062345942042D0,    0000029P    437
-125.3500373806786D0,176.3956593078908D0,1411.065486950549D0,    0000029P    438
-120.5148123933985D0,169.0102442724677D0,1411.068662350534D0,    0000029P    439
-115.4490320665026D0,161.5219845256756D0,1411.071805804543D0,    0000029P    440
-110.4362833918959D0,154.1639232283605D0,1411.074961701827D0,    0000029P    441
-105.3196932351987D0,146.914627039791D0,1411.078142985839D0,     0000029P    442
-99.93179704853907D0,139.7204280931894D0,1411.08128757639D0,     0000029P    443
-94.38016772688928D0,132.7041565641136D0,1411.084437702203D0,    0000029P    444
-88.66268039745347D0,125.8585877933994D0,1411.087607703123D0,    0000029P    445
-82.77218316649837D0,119.1598280593123D0,1411.090749991979D0,    0000029P    446
-76.71798363549048D0,112.6082174385316D0,1411.093940497831D0,    0000029P    447
-70.41834071270255D0,106.1354657753589D0,1411.097063981037D0,    0000029P    448
-64.11215036099185D0,99.93743061559799D0,1411.100251428092D0,    0000029P    449
-57.55539821483406D0,93.77023503318326D0,1411.103400296253D0,    0000029P    450
-50.92008513427634D0,87.82291152816954D0,1411.106568138686D0,    0000029P    451
-44.04745540250653D0,82.00730693043323D0,1411.109727979023D0,    0000029P    452
-37.08823383869401D0,76.4600335490324D0,1411.112894534212D0,     0000029P    453
-29.89943571247778D0,71.07879183805274D0,1411.116040266401D0,    0000029P    454
-22.58824683494618D0,65.93006120774227D0,1411.119205106737D0,    0000029P    455
-15.16631592426561D0,60.97317893928601D0,1411.122374672161D0,    0000029P    456
-7.540559148948806D0,56.05311236301213D0,1411.124457765848D0,    0000029P    457
-2.585766917420942D0,53.01076769976623D0,1411.125516572971D0,    0000029P    458
0.0D0,51.45945348960937D0,1332.989003177338D0,                   0000029P    459
-200.4539784242973D0,318.1D0,1332.989112959948D0,                0000029P    460
-200.0167640582457D0,314.9094151288352D0,1332.9893324648D0,      0000029P    461
-199.1419093632912D0,308.3060432562857D0,1332.989660497531D0,    0000029P    462
-197.7645093250061D0,298.6884074428947D0,1332.989990450654D0,    0000029P    463
-196.0641641274848D0,288.98108340362D0,1332.990317946145D0,      0000029P    464
-194.0992826200157D0,279.3551139851148D0,1332.990647581664D0,    0000029P    465
-191.8901064666081D0,269.7594959605997D0,1332.990973029839D0,    0000029P    466
-189.5300091191548D0,260.3814500283095D0,1332.991304675162D0,    0000029P    467
-186.9027839849035D0,250.7708498785437D0,1332.991631274176D0,    0000029P    468
-184.1030795341883D0,241.4773557110199D0,1332.991961720048D0,    0000029P    469
-181.0673498473766D0,232.1784310351679D0,1332.992289585235D0,    0000029P    470
-177.7029396959846D0,222.7208308025419D0,1332.992619280072D0,    0000029P    471
-174.207164741317D0,213.7256868338041D0,1332.992946242121D0,     0000029P    472
-170.3215550611191D0,204.6906359082043D0,1332.993276326442D0,    0000029P    473
-166.0838828149615D0,195.8367837602617D0,1332.993604420571D0,    0000029P    474
-161.5522453804826D0,187.1332437254623D0,1332.993933276901D0,    0000029P    475
-156.8073203170562D0,178.5537193035554D0,1332.994260167083D0,    0000029P    476
-151.8670456834396D0,170.083699950698D0,1332.99459103783D0,      0000029P    477
-146.7174864623076D0,161.7323182579496D0,1332.994917764331D0,    0000029P    478
-141.3691217033759D0,153.5463012915475D0,1332.995248068221D0,    0000029P    479
-135.6974984517212D0,145.466261650627D0,1332.995575049102D0,     0000029P    480
-129.7917817409816D0,137.7369230549049D0,1332.995903324328D0,    0000029P    481
-123.5573441371123D0,130.0802611989844D0,1332.996234240272D0,    0000029P    482
-117.1772839629757D0,122.5957839772387D0,1332.996561339375D0,    0000029P    483
-110.6595808077417D0,115.2830770666372D0,1332.996889014255D0,    0000029P    484
-103.946023484509D0,108.0883471987117D0,1332.997218756536D0,     0000029P    485
-97.154643104255D0,101.1678807924191D0,1332.997545616219D0,      0000029P    486
-89.9554810029765D0,94.29371396797281D0,1332.997877491415D0,     0000029P    487
-82.61361831487852D0,87.76484536199278D0,1332.998202394941D0,    0000029P    488
-75.10837641646056D0,81.53655303482456D0,1332.998533951962D0,    0000029P    489
-67.34686556523207D0,75.503679789928D0,1332.998861496021D0,      0000029P    490
-59.35933897697542D0,69.70396317098792D0,1332.999191013777D0,    0000029P    491
-51.2032679630412D0,64.13143016695297D0,1332.999519699158D0,     0000029P    492
-43.06859474055067D0,58.86641757750186D0,1332.999849083016D0,    0000029P    493
-34.57533877215045D0,53.60937553210727D0,1333.000176300873D0,    0000029P    494
-26.21771810500534D0,48.69003386199479D0,1333.000505506351D0,    0000029P    495
-17.62009499418889D0,43.92313283264884D0,1333.000835203333D0,    0000029P    496
-8.794800249323897D0,39.38442672813048D0,1333.001051885939D0,    0000029P    497
-3.029256981635273D0,36.60868036605731D0,1333.001162022651D0,    0000029P    498
0.0D0,35.20034252967773D0,1254.096522182125D0,                   0000029P    499
-221.0257886553613D0,318.0999999999997D0,1254.096001761165D0,    0000029P    500
-220.7118118705178D0,314.6374894616312D0,1254.094961205424D0,    0000029P    501
-220.0670266717198D0,307.4888853776628D0,1254.093406176724D0,    0000029P    502
-219.1013880799728D0,297.0510724170572D0,1254.091842044476D0,    0000029P    503
-217.8224951985901D0,286.4996721044765D0,1254.09028956256D0,     0000029P    504
-216.3329518971777D0,276.0129225382192D0,1254.088726935893D0,    0000029P    505
-214.5765369381172D0,265.528446459748D0,1254.087184159211D0,     0000029P    506
-212.528569887912D0,255.2782445125076D0,1254.085612005134D0,     0000029P    507
-210.0903164363355D0,244.9332161876219D0,1254.084063772935D0,    0000029P    508
-207.3597791349909D0,234.7111968566253D0,1254.082497304824D0,    0000029P    509
-204.2836851845802D0,224.4409993888243D0,1254.080943070368D0,    0000029P    510
-200.9394810840488D0,214.5712438229783D0,1254.079380162511D0,    0000029P    511
-197.041821585992D0,204.5590729154467D0,1254.077830209354D0,     0000029P    512
-192.8852931095658D0,194.9863981289118D0,1254.076265455163D0,    0000029P    513
-188.3627626314189D0,185.3340412584623D0,1254.07471013542D0,     0000029P    514
-183.5782624825562D0,175.9239039261054D0,1254.073151202482D0,    0000029P    515
-178.3281472368401D0,166.6365796079729D0,1254.071601590006D0,    0000029P    516
-172.7775723531817D0,157.8082398507376D0,1254.070033107788D0,    0000029P    517
-166.7238487915822D0,148.8718726359139D0,1254.068484271236D0,    0000029P    518
-160.6451113031301D0,140.3772568293287D0,1254.066918476188D0,    0000029P    519
-154.242307946916D0,131.9372348734891D0,1254.065368433756D0,     0000029P    520
-147.5704955709086D0,123.6934762925238D0,1254.063812255524D0,    0000029P    521
-140.6441817447132D0,115.7293156213559D0,1254.062243559052D0,    0000029P    522
-133.3981755823958D0,107.9913486546056D0,1254.060692956189D0,    0000029P    523
-125.7743729396234D0,100.4370411043214D0,1254.059139623878D0,    0000029P    524
-118.1647930222904D0,93.41697778784985D0,1254.05757649112D0,     0000029P    525
-110.0421595851361D0,86.39795126718697D0,1254.056027023224D0,    0000029P    526
-101.8690937548697D0,79.76451663408761D0,1254.054453779449D0,    0000029P    527
-93.41713467728766D0,73.30648648611168D0,1254.052913584652D0,    0000029P    528
-84.8796311106704D0,67.2313923761549D0,1254.051341849175D0,      0000029P    529
-75.85705829671622D0,61.33039732456277D0,1254.049789137014D0,    0000029P    530
-66.8805847249302D0,55.89635509814105D0,1254.04822706861D0,      0000029P    531
-57.66118060390875D0,50.71059831169196D0,1254.04666894605D0,     0000029P    532
-48.21017657431969D0,45.70230168614454D0,1254.045107512387D0,    0000029P    533
-38.81928850303043D0,40.94135888870984D0,1254.043556346579D0,    0000029P    534
-29.19018741093779D0,36.25067365880717D0,1254.041995758513D0,    0000029P    535
-19.69660553103923D0,31.9218906588798D0,1254.040432840498D0,     0000029P    536
-9.810357078327458D0,27.76966468238025D0,1254.039405663513D0,    0000029P    537
-3.399163758718069D0,25.28400249623426D0,1254.038883563949D0,    0000029P    538
0.0D0,24.01092070735512D0,1174.468211529621D0,                   0000029P    539
-238.4806000868496D0,318.0999999999996D0,1174.467942267829D0,    0000029P    540
-238.4305898732734D0,314.3800069682816D0,1174.467403892313D0,    0000029P    541
-238.3281312493579D0,306.7594161929824D0,1174.466599332457D0,    0000029P    542
-238.1936152390719D0,295.5660265431586D0,1174.465790062493D0,    0000029P    543
-237.5971622684652D0,284.1899634536936D0,1174.464986820322D0,    0000029P    544
-236.6263125306302D0,273.0002688020844D0,1174.464178329336D0,    0000029P    545
-235.2754082658379D0,261.8627459607703D0,1174.463380108579D0,    0000029P    546
-233.5367275807775D0,250.7414726385775D0,1174.462566688183D0,    0000029P    547
-231.3572334322371D0,239.5522519452255D0,1174.461765644785D0,    0000029P    548
-228.7518283396337D0,228.6746353345502D0,1174.460955166264D0,    0000029P    549
-225.5858120063522D0,217.6877556906477D0,1174.460151017343D0,    0000029P    550
-222.0661211316799D0,207.1217052909621D0,1174.45934238087D0,     0000029P    551
-218.1407416375536D0,196.5305195862192D0,1174.45854044706D0,     0000029P    552
-213.7819628355935D0,186.076328920569D0,1174.457730855309D0,     0000029P    553
-208.9469148142389D0,175.9182702091086D0,1174.456926144868D0,    0000029P    554
-203.5140553699614D0,165.8725906244103D0,1174.456119564988D0,    0000029P    555
-197.8049908257468D0,156.3403094314763D0,1174.455317807445D0,    0000029P    556
-191.6254726810194D0,146.8572526763619D0,1174.45450628684D0,     0000029P    557
-185.1110542880591D0,137.7287304342632D0,1174.453704930753D0,    0000029P    558
-178.1364351607897D0,128.7912659811479D0,1174.452894800471D0,    0000029P    559
-170.7613645225443D0,120.0930452135734D0,1174.452092820471D0,    0000029P    560
-163.1932166790504D0,111.8292076913697D0,1174.451287665853D0,    0000029P    561
-155.3777779102944D0,103.8298647362438D0,1174.450476034398D0,    0000029P    562
-147.1336093098334D0,95.85828535415932D0,1174.449673764434D0,    0000029P    563
-138.9019527657913D0,88.37029724552822D0,1174.448870082275D0,    0000029P    564
-130.3066239246411D0,81.10939815748154D0,1174.448061329441D0,    0000029P    565
-121.2855050734076D0,74.15565410762739D0,1174.447259646701D0,    0000029P    566
-112.2037451503632D0,67.73088476860329D0,1174.446445662506D0,    0000029P    567
-102.4877345591214D0,61.41136397584674D0,1174.445648777595D0,    0000029P    568
-93.08187664771943D0,55.73964397126012D0,1174.44483557378D0,     0000029P    569
-83.07505273046346D0,50.05159214660128D0,1174.444032212484D0,    0000029P    570
-73.25440848904351D0,44.84642464841804D0,1174.443224010337D0,    0000029P    571
-63.05974858359662D0,39.82719673711711D0,1174.442417849741D0,    0000029P    572
-52.73995495399352D0,35.15153018846561D0,1174.441609976007D0,    0000029P    573
-42.32961945449477D0,30.77980921789081D0,1174.44080741478D0,     0000029P    574
-31.98373464564023D0,26.72033236091622D0,1174.439999978551D0,    0000029P    575
-21.21799608265665D0,22.69308870300725D0,1174.439191336822D0,    0000029P    576
-10.62519919860391D0,18.89873998797253D0,1174.438659883375D0,    0000029P    577
-3.591085254221333D0,16.49627850644273D0,1174.438389753086D0,    0000029P    578
0.0D0,15.30555147632851D0,1094.160414680483D0,                   0000029P    579
-253.7630437915009D0,318.1000000000001D0,1094.160009679084D0,    0000029P    580
-253.9319500567914D0,314.1801287803552D0,1094.159199898998D0,    0000029P    581
-254.250747888895D0,306.2541541015219D0,1094.157989746361D0,     0000029P    582
-254.8173329501073D0,294.1882375145588D0,1094.156772509169D0,    0000029P    583
-254.8698677174726D0,282.4379453161338D0,1094.155564338487D0,    0000029P    584
-254.4513963782976D0,270.5391068875429D0,1094.154348272969D0,    0000029P    585
-253.5303605407039D0,258.6474318313504D0,1094.153147655082D0,    0000029P    586
-252.1187668275403D0,246.9468873641837D0,1094.151924175154D0,    0000029P    587
-250.1246677695791D0,235.0467617018825D0,1094.15071931168D0,     0000029P    588
-247.7173515701971D0,223.612274940283D0,1094.149500256678D0,     0000029P    589
-244.7570370512594D0,211.9440061023316D0,1094.148290722134D0,    0000029P    590
-241.2600403925958D0,200.5835687154478D0,1094.147074437789D0,    0000029P    591
-237.1178959492657D0,189.4822733944997D0,1094.145868235033D0,    0000029P    592
-232.2949981196061D0,178.5011373351793D0,1094.144650513836D0,    0000029P    593
-226.9683534747279D0,167.8423912779501D0,1094.143440134702D0,    0000029P    594
-221.1985583420703D0,157.5215513003186D0,1094.142226943714D0,    0000029P    595
-214.9686746122027D0,147.4641913836512D0,1094.141021006083D0,    0000029P    596
-208.2124981017388D0,137.6048446928305D0,1094.139800383664D0,    0000029P    597
-201.0383056514372D0,128.1603481735724D0,1094.138595049873D0,    0000029P    598
-193.3093707271125D0,119.0183656311568D0,1094.13737651866D0,     0000029P    599
-185.2868770742338D0,110.3543922310598D0,1094.136170246429D0,    0000029P    600
-176.8373143574076D0,101.8935863609365D0,1094.134959199204D0,    0000029P    601
-168.19020582488D0,93.86849754554127D0,1094.133738410048D0,      0000029P    602
-159.133141299201D0,86.08222077183362D0,1094.13253170168D0,      0000029P    603
-149.8368146651762D0,78.67480079441911D0,1094.131322869205D0,    0000029P    604
-140.1574233884085D0,71.54649783911135D0,1094.130106409836D0,    0000029P    605
-130.4771842533357D0,64.94928279679751D0,1094.128900584721D0,    0000029P    606
-120.3710337741182D0,58.45926591579674D0,1094.127676256768D0,    0000029P    607
-110.161824349333D0,52.26583284234355D0,1094.126477648153D0,     0000029P    608
-99.85493208369007D0,46.52782483671868D0,1094.125254493987D0,    0000029P    609
-89.15957317023975D0,41.29346126368756D0,1094.124046144122D0,    0000029P    610
-78.22237727308615D0,36.42404024619273D0,1094.122830513054D0,    0000029P    611
-67.27879338870829D0,31.81143001507748D0,1094.121617952717D0,    0000029P    612
-56.25918968716788D0,27.36700940549148D0,1094.120402815615D0,    0000029P    613
-45.1006220044116D0,23.13904353388953D0,1094.119195669154D0,     0000029P    614
-33.97548716908232D0,19.18536572631739D0,1094.11798119011D0,     0000029P    615
-22.64732629454235D0,15.35208620689009D0,1094.11676489786D0,     0000029P    616
-11.30515148768363D0,11.66599285039659D0,1094.115965529373D0,    0000029P    617
-3.853057464924091D0,9.359538455922582D0,1094.115559221654D0,    0000029P    618
0.0D0,8.197604853664924D0,1013.215613780078D0,                   0000029P    619
-266.0299143077089D0,318.1D0,1013.21537532118D0,                 0000029P    620
-266.4188645711808D0,313.946464862804D0,1013.214898534511D0,     0000029P    621
-267.1530445303163D0,305.7552913942312D0,1013.214186014341D0,    0000029P    622
-268.3862579801076D0,293.4483895310946D0,1013.21346932289D0,     0000029P    623
-269.1121584346979D0,280.871162610594D0,1013.212757969665D0,     0000029P    624
-269.3006197044084D0,268.6533454899602D0,1013.212041968077D0,    0000029P    625
-269.0101394254171D0,256.0364786285344D0,1013.211335061829D0,    0000029P    626
-268.1282928605542D0,243.7338863145129D0,1013.210614694745D0,    0000029P    627
-266.5628694705272D0,231.5748131051094D0,1013.209905288758D0,    0000029P    628
-264.1899989070128D0,219.1368791909824D0,1013.209187527004D0,    0000029P    629
-261.1976925911593D0,207.2769915711374D0,1013.208475370761D0,    0000029P    630
-257.5071130692576D0,195.373684059337D0,1013.20775924033D0,      0000029P    631
-253.2321303687407D0,183.7056445201538D0,1013.207049045793D0,    0000029P    632
-248.3748943935157D0,172.3359804511719D0,1013.206332069367D0,    0000029P    633
-242.7558849643404D0,161.1288829600688D0,1013.205619415838D0,    0000029P    634
-236.5654267078657D0,150.4629083224912D0,1013.204905106731D0,    0000029P    635
-229.7332603161338D0,140.0932428041148D0,1013.204195068296D0,    0000029P    636
-222.3764664502191D0,130.1651116298792D0,1013.203476383671D0,    0000029P    637
-214.4259972436101D0,120.5274831520112D0,1013.202766700768D0,    0000029P    638
-206.1355705441044D0,111.3722197438906D0,1013.202049247415D0,    0000029P    639
-197.3688037031878D0,102.4963172921303D0,1013.201339011973D0,    0000029P    640
-188.3250918282287D0,94.11654787031488D0,1013.200625965081D0,    0000029P    641
-178.8822842485054D0,86.06239150489814D0,1013.199907182286D0,    0000029P    642
-169.027369329015D0,78.30077582531445D0,1013.199196690051D0,     0000029P    643
-159.0555420557748D0,71.0402453215896D0,1013.198484947172D0,     0000029P    644
-148.7212284350914D0,64.12001554026514D0,1013.197768713692D0,    0000029P    645
-138.143178532096D0,57.59425954508254D0,1013.197058741504D0,     0000029P    646
-127.4399800772443D0,51.50356002313976D0,1013.196337875115D0,    0000029P    647
-116.3644614259388D0,45.65767704859959D0,1013.195632151898D0,    0000029P    648
-105.3084525252212D0,40.2699836148602D0,1013.194911976616D0,     0000029P    649
-93.76284186181194D0,35.05869949787797D0,1013.194200517894D0,    0000029P    650
-82.56581879010378D0,30.38953823886617D0,1013.193484772103D0,    0000029P    651
-70.9002343032853D0,25.86321922267785D0,1013.192770834314D0,     0000029P    652
-59.17381002244055D0,21.61865700780236D0,1013.192055379367D0,    0000029P    653
-47.4475249198945D0,17.58178081622946D0,1013.191344629187D0,     0000029P    654
-35.65880710888695D0,13.6856540090173D0,1013.190629561695D0,     0000029P    655
-23.857517102431D0,9.978046549073307D0,1013.189913426609D0,      0000029P    656
-11.97464159538735D0,6.443527237979401D0,1013.18944277014D0,     0000029P    657
-4.10138760482716D0,4.22890549350966D0,1013.189203542098D0,      0000029P    658
0.0D0,3.106990361987045D0,931.8029109022048D0,                   0000029P    659
-275.0093447833047D0,318.1D0,931.8028621502029D0,                0000029P    660
-275.5976933931268D0,313.9563120315574D0,931.8027646730077D0,    0000029P    661
-276.7907452406008D0,305.2243501406601D0,931.8026190010068D0,    0000029P    662
-278.6382517584746D0,292.8097185994191D0,931.8024724762061D0,    0000029P    663
-280.0459263569231D0,279.8857987001514D0,931.8023270427831D0,    0000029P    664
-280.7508951947233D0,267.1594918459811D0,931.8021806590205D0,    0000029P    665
-280.85558142214D0,254.35703652448D0,931.8020361347657D0,        0000029P    666
-280.2954197142699D0,241.7186650729871D0,931.8018888584949D0,    0000029P    667
-278.8911182776045D0,228.5368779179084D0,931.8017438231761D0,    0000029P    668
-276.8791183310805D0,216.3132200847839D0,931.8015970795564D0,    0000029P    669
-274.0753456977867D0,203.5386508271326D0,931.8014514819591D0,    0000029P    670
-270.6082341948677D0,191.2810565509117D0,931.8013050718557D0,    0000029P    671
-266.2637444381286D0,179.1329935646368D0,931.8011598753216D0,    0000029P    672
-261.1578834369611D0,167.4945884387178D0,931.8010132922569D0,    0000029P    673
-255.2645694051305D0,156.0414733675304D0,931.8008675929925D0,    0000029P    674
-248.7149029526116D0,144.9936239620357D0,931.8007215552525D0,    0000029P    675
-241.5403740720262D0,134.3653638387301D0,931.800576390633D0,     0000029P    676
-233.7975154310277D0,124.2062313375503D0,931.8004294583338D0,    0000029P    677
-225.4116155601564D0,114.4250173146611D0,931.8002843664019D0,    0000029P    678
-216.5480687236889D0,105.2189981501949D0,931.8001376858325D0,    0000029P    679
-207.1347405513759D0,96.43411852630841D0,931.799992480936D0,     0000029P    680
-197.3495464453806D0,88.15996558011102D0,931.7998467012501D0,    0000029P    681
-187.2715998141377D0,80.35026694766687D0,931.7996997488808D0,    0000029P    682
-176.8132820556355D0,72.80954674750772D0,931.7995544914835D0,    0000029P    683
-166.2159399912261D0,65.66904409489406D0,931.7994089783982D0,    0000029P    684
-155.3967783240343D0,58.89879351172132D0,931.7992625472261D0,    0000029P    685
-144.1297100239591D0,52.42801768390513D0,931.7991173961517D0,    0000029P    686
-133.0469255934679D0,46.58765052589919D0,931.7989700177999D0,    0000029P    687
-121.129287605171D0,40.89560895779274D0,931.7988257354107D0,     0000029P    688
-109.6556497919965D0,35.84292507855135D0,931.7986784983525D0,    0000029P    689
-97.82642894907777D0,30.90954255342916D0,931.798533043363D0,     0000029P    690
-85.66614384107278D0,26.15313277661621D0,931.798386711896D0,     0000029P    691
-73.73428096442927D0,21.87585039253884D0,931.7982407500708D0,    0000029P    692
-61.57271374385636D0,17.85232166769901D0,931.7980944780644D0,    0000029P    693
-49.10023492065621D0,14.00380151073676D0,931.7979491679351D0,    0000029P    694
-37.08746893121579D0,10.5001817379225D0,931.7978029751437D0,     0000029P    695
-24.5487508059412D0,6.909872616232225D0,931.7976565640885D0,     0000029P    696
-12.2795573560886D0,3.388575998237736D0,931.7975603401894D0,     0000029P    697
-4.172456462305124D0,1.081752347383963D0,931.7975114309394D0,    0000029P    698
0.0D0,-0.09271047349796707D0,850.0272909497487D0,                0000029P    699
-282.2872265670362D0,318.0999999999999D0,850.02682883117D0,      0000029P    700
-282.9251066727068D0,313.8428084021202D0,850.0259048481328D0,    0000029P    701
-284.2067160615125D0,305.0982035849137D0,850.0245240281674D0,    0000029P    702
-286.2112755128032D0,292.2088386224418D0,850.0231351245166D0,    0000029P    703
-287.8444475414587D0,279.2508373478563D0,850.0217565660212D0,    0000029P    704
-288.7455112505742D0,266.0579321316914D0,850.0203689992854D0,    0000029P    705
-289.029630353702D0,253.044218144303D0,850.0189990587528D0,      0000029P    706
-288.6547215870808D0,240.0237890692056D0,850.017603031956D0,     0000029P    707
-287.4893199080312D0,226.8367207435088D0,850.0162282470842D0,    0000029P    708
-285.5707144700099D0,214.009994554437D0,850.0148372692565D0,     0000029P    709
-282.9362995122445D0,201.1031451546763D0,850.0134571545577D0,    0000029P    710
-279.6260565934379D0,188.4385752201367D0,850.0120693381305D0,    0000029P    711
-275.4846479654781D0,175.9759348690741D0,850.0106930251006D0,    0000029P    712
-270.4503364407963D0,163.9120743455153D0,850.0093035691848D0,    0000029P    713
-264.5460154739222D0,152.2143660893059D0,850.0079224907825D0,    0000029P    714
-257.8293670607433D0,140.922881463176D0,850.0065382039666D0,     0000029P    715
-250.4769546181583D0,130.2314357316722D0,850.0051621934517D0,    0000029P    716
-242.2053183062736D0,119.8050336161354D0,850.003769427155D0,     0000029P    717
-233.5425450723721D0,110.2095530668306D0,850.0023941056381D0,    0000029P    718
-224.2546455134197D0,100.9325469334037D0,850.0010037254713D0,    0000029P    719
-214.4879716117265D0,92.13516355631582D0,849.9996273331653D0,    0000029P    720
-204.3310973904475D0,83.96305972082357D0,849.9982454924495D0,    0000029P    721
-193.7071840060633D0,76.26655610905347D0,849.9968525359043D0,    0000029P    722
-182.829831194521D0,68.98809351281616D0,849.9954756459524D0,     0000029P    723
-171.6427311244802D0,61.97959255239547D0,849.9940963323309D0,    0000029P    724
-160.4653651353399D0,55.49620834481806D0,849.9927083161992D0,    0000029P    725
-148.8278573788452D0,49.2811722092721D0,849.9913324340671D0,     0000029P    726
-137.1307153129522D0,43.58411081908887D0,849.9899354396482D0,    0000029P    727
-124.97863313057D0,38.23155982292175D0,849.9885677917546D0,      0000029P    728
-112.9833913257598D0,33.38162772229676D0,849.9871721366612D0,    0000029P    729
-100.6724081844573D0,28.69807762351232D0,849.985793373716D0,     0000029P    730
-88.33290986796946D0,24.31180701901911D0,849.9844063026985D0,    0000029P    731
-75.75233668598754D0,20.21561098320666D0,849.9830227354785D0,    0000029P    732
-63.35867573004275D0,16.47705745694539D0,849.9816362280935D0,    0000029P    733
-50.85498835807956D0,12.80326312372702D0,849.9802588382638D0,    0000029P    734
-38.1434717404065D0,9.120317537832191D0,849.9788730817447D0,     0000029P    735
-25.60051093850372D0,5.744645609529563D0,849.9774852562996D0,    0000029P    736
-12.77367441339598D0,2.678511866059525D0,849.976573153207D0,     0000029P    737
-4.237690296896572D0,0.8483074197213367D0,849.976109544077D0,    0000029P    738
0.0D0,-0.01430178005614148D0,767.9023461633344D0,                0000029P    739
-286.7798998874679D0,318.1D0,767.9023565747493D0,                0000029P    740
-287.3925194521134D0,313.6808264629837D0,767.9023773918511D0,    0000029P    741
-288.5708085452685D0,305.0255548303055D0,767.9024085013734D0,    0000029P    742
-290.4451568310053D0,291.8157130936885D0,767.902439793018D0,     0000029P    743
-292.0711135337754D0,278.7017612933753D0,767.9024708515919D0,    0000029P    744
-293.0275281921346D0,265.503039047251D0,767.9025021131158D0,     0000029P    745
-293.4836539908545D0,252.2492861962036D0,767.9025329775282D0,    0000029P    746
-293.3001509170443D0,238.8659638221739D0,767.902564429656D0,     0000029P    747
-292.3740253882739D0,225.8157551446276D0,767.9025954032104D0,    0000029P    748
-290.6510031024846D0,212.5508399622743D0,767.9026267415875D0,    0000029P    749
-288.1920708476671D0,199.560921301292D0,767.9026578352191D0,     0000029P    750
-284.9232312731473D0,186.6878274204964D0,767.9026891023714D0,    0000029P    751
-280.8043119914006D0,174.1319304170428D0,767.9027201103527D0,    0000029P    752
-275.7801949553267D0,161.8208463540896D0,767.9027514144407D0,    0000029P    753
-269.9527976496286D0,149.9230988819704D0,767.902782529786D0,     0000029P    754
-263.3122353820714D0,138.4318389998664D0,767.902813717415D0,     0000029P    755
-255.7601515817068D0,127.4236435731791D0,767.9028447185833D0,    0000029P    756
-247.5081749340731D0,117.2633998066041D0,767.9028760972519D0,    0000029P    757
-238.3902126307329D0,107.4647194843491D0,767.902907082896D0,     0000029P    758
-228.8483863270066D0,98.27773906081988D0,767.9029384078071D0,    0000029P    759
-218.839137310791D0,89.61486710586416D0,767.9029694175763D0,     0000029P    760
-208.3229655446342D0,81.54025788537977D0,767.9030005500952D0,    0000029P    761
-197.3773429968942D0,74.02691277571759D0,767.9030319330525D0,    0000029P    762
-186.1758856689957D0,66.91084940466506D0,767.9030629540316D0,    0000029P    763
-174.8358291204085D0,60.12781607697139D0,767.9030940296157D0,    0000029P    764
-163.1951190766348D0,53.6783369341361D0,767.9031253012661D0,     0000029P    765
-151.3639705147952D0,47.70495527511575D0,767.9031562995385D0,    0000029P    766
-139.2913055110574D0,42.14945303525614D0,767.9031877734681D0,    0000029P    767
-127.1889531191977D0,37.08690488928277D0,767.9032185862266D0,    0000029P    768
-114.7136751232406D0,32.31771663530773D0,767.9032500299795D0,    0000029P    769
-102.2772929584302D0,27.93864628269821D0,767.9032810931562D0,    0000029P    770
-89.62139341545192D0,23.81356426284978D0,767.9033123435133D0,    0000029P    771
-77.08423456773512D0,20.05022485032268D0,767.9033435149293D0,    0000029P    772
-64.10352932873485D0,16.40821167689562D0,767.903374752588D0,     0000029P    773
-51.34466662579037D0,12.92762977971314D0,767.9034057848285D0,    0000029P    774
-38.61924943976677D0,9.491177316351617D0,767.9034370055706D0,    0000029P    775
-25.7310567597304D0,6.127825258669993D0,767.9034682729241D0,     0000029P    776
-12.89964808595713D0,2.962954121489574D0,767.9034888223723D0,    0000029P    777
-4.36669216264478D0,0.9632322349683725D0,767.9034992673687D0,    0000029P    778
0.0D0,-0.04290708685610405D0,685.6613673380657D0,                0000029P    779
-287.0511407657231D0,318.1D0,685.661201871912D0,                 0000029P    780
-287.7062850030106D0,313.7947936046313D0,685.6608710305918D0,    0000029P    781
-289.0638913040017D0,304.785706721942D0,685.6603766142666D0,     0000029P    782
-291.0434655338335D0,291.9344173944116D0,685.6598793034984D0,    0000029P    783
-292.9713815078088D0,278.574841584511D0,685.6593856969123D0,     0000029P    784
-294.0731633709232D0,265.3901835422303D0,685.6588888648412D0,    0000029P    785
-294.5255996680497D0,252.1464585051518D0,685.6583983440032D0,    0000029P    786
-294.3453431159834D0,238.8782723151173D0,685.6578984827199D0,    0000029P    787
-293.5424246064524D0,225.4661225611368D0,685.6574062273226D0,    0000029P    788
-292.0502366839533D0,212.4164406033965D0,685.6569081738717D0,    0000029P    789
-289.6679064985239D0,199.2424878489439D0,685.6564140100759D0,    0000029P    790
-286.4039738158068D0,186.3386737652427D0,685.6559170885967D0,    0000029P    791
-282.3424775390881D0,173.7430211413519D0,685.6554242860261D0,    0000029P    792
-277.4028395232805D0,161.3855259544105D0,685.6549267775124D0,    0000029P    793
-271.54259431641D0,149.3644491454228D0,685.6544322686511D0,      0000029P    794
-264.8766259955332D0,137.8507900415403D0,685.653936610986D0,     0000029P    795
-257.4033086098542D0,126.8477627827018D0,685.6534439167328D0,    0000029P    796
-249.1719407346725D0,116.5363369580832D0,685.6529452229042D0,    0000029P    797
-240.042100712968D0,106.7566083612326D0,685.6524527753538D0,     0000029P    798
-230.3354931058486D0,97.77355070004057D0,685.6519549359025D0,    0000029P    799
-220.0511768697415D0,89.33882119243494D0,685.6514621049446D0,    0000029P    800
-209.3029306537044D0,81.3698116604411D0,685.6509673231292D0,     0000029P    801
-198.3673019682461D0,73.95040864913521D0,685.6504685611806D0,    0000029P    802
-187.041284206517D0,66.87347980984518D0,685.6499755520351D0,     0000029P    803
-175.4689314259126D0,60.17981467061487D0,685.6494816750724D0,    0000029P    804
-163.9185455745974D0,54.02434459431877D0,685.6489846820857D0,    0000029P    805
-151.8264855177161D0,48.14466526733049D0,685.6484920338021D0,    0000029P    806
-139.8405215465806D0,42.81904968843877D0,685.6479918260516D0,    0000029P    807
-127.221624008354D0,37.64296745018418D0,685.6475021261181D0,     0000029P    808
-115.1936473369719D0,33.10487625060272D0,685.6470023979264D0,    0000029P    809
-102.350008528007D0,28.7232454458505D0,685.6465087181382D0,      0000029P    810
-89.77724844838141D0,24.81173375191861D0,685.6460120635616D0,    0000029P    811
-76.92160356805955D0,20.99459333219699D0,685.6455166635528D0,    0000029P    812
-64.04520477057466D0,17.30636950442503D0,685.645020210791D0,     0000029P    813
-51.29936633135792D0,13.85432257212802D0,685.6445270226586D0,    0000029P    814
-38.41570312546178D0,10.53825661344486D0,685.6440308387523D0,    0000029P    815
-25.58577603322351D0,7.201877690802073D0,685.643533914043D0,     0000029P    816
-12.68264740210103D0,3.651595820806076D0,685.6432073264598D0,    0000029P    817
-4.338008401043244D0,1.276234644772046D0,685.6430413265973D0,    0000029P    818
0.0D0,0.03619288816909931D0,603.4138267133558D0,                 0000029P    819
-284.582032645932D0,318.1D0,603.4141327160453D0,                 0000029P    820
-285.1992015583966D0,313.8359878832543D0,603.4147445531517D0,    0000029P    821
-286.4912009601483D0,304.9053086804411D0,603.4156588955768D0,    0000029P    822
-288.3586683672303D0,292.0638792745305D0,603.4165785908053D0,    0000029P    823
-290.2459492736884D0,278.8014767183018D0,603.4174914357486D0,    0000029P    824
-291.3926966528793D0,265.8020420502643D0,603.4184102457066D0,    0000029P    825
-292.0765557774208D0,252.4859380308336D0,603.4193173840592D0,    0000029P    826
-292.1771231271285D0,239.5624749264681D0,603.4202417960494D0,    0000029P    827
-291.447978769712D0,226.1093638886162D0,603.4211521421942D0,     0000029P    828
-289.799999404453D0,212.9929861594096D0,603.4220732108895D0,     0000029P    829
-287.4599672168669D0,200.1847769564304D0,603.4229870863067D0,    0000029P    830
-284.3381317883099D0,187.1392686575472D0,603.423906061603D0,     0000029P    831
-280.444902350307D0,174.6265453973728D0,603.4248174196584D0,     0000029P    832
-275.5986137758323D0,162.3518647499566D0,603.4257374805816D0,    0000029P    833
-269.7376384768466D0,150.4291623823085D0,603.4266519941393D0,    0000029P    834
-263.0435965542312D0,139.2849501516897D0,603.4275686322201D0,    0000029P    835
-255.3181520832145D0,128.4532696029457D0,603.4284797899582D0,    0000029P    836
-246.9855454026386D0,118.3351157576361D0,603.4294020429265D0,    0000029P    837
-237.8436113324181D0,108.5919051404553D0,603.4303127444264D0,    0000029P    838
-228.2242048135708D0,99.58998405260731D0,603.4312334173653D0,    0000029P    839
-218.0917030450643D0,91.22866279789309D0,603.4321448279131D0,    0000029P    840
-207.3533524610697D0,83.36981376155319D0,603.4330598462534D0,    0000029P    841
-196.5003119558204D0,76.18996921530834D0,603.4339822252027D0,    0000029P    842
-185.1260446980438D0,69.21137311107822D0,603.4348939652771D0,    0000029P    843
-173.7708963252606D0,62.67742174168145D0,603.4358073102428D0,    0000029P    844
-162.0676522892316D0,56.45576048606912D0,603.4367264177806D0,    0000029P    845
-150.1639124065631D0,50.66705513134646D0,603.4376374905039D0,    0000029P    846
-138.2819395972103D0,45.30477224655913D0,603.4385625432262D0,    0000029P    847
-125.889432546833D0,40.07542720808961D0,603.439468163454D0,      0000029P    848
-113.8515334100972D0,35.39424230443697D0,603.4403923293098D0,    0000029P    849
-101.059092151826D0,30.90262659844261D0,603.4413053096334D0,     0000029P    850
-88.78830345619927D0,26.94756877460518D0,603.4422237913404D0,    0000029P    851
-75.96304915005955D0,23.02684399814082D0,603.4431399529271D0,    0000029P    852
-63.47140455444188D0,19.33321277525996D0,603.444058061413D0,     0000029P    853
-50.70558180941148D0,15.60284174957597D0,603.4449701324945D0,    0000029P    854
-38.12647336347298D0,11.91529053138128D0,603.4458877437746D0,    0000029P    855
-25.42044492356184D0,8.22809857903091D0,603.4468067250484D0,     0000029P    856
-12.66922989590836D0,4.588993793135201D0,603.4474106955665D0,    0000029P    857
-4.141576767921023D0,2.194109376786743D0,603.4477176852604D0,    0000029P    858
0.0D0,1.035517413782597D0,521.4362256403081D0,                   0000029P    859
-277.6152649146338D0,318.1D0,521.4366078297016D0,                0000029P    860
-278.329723580017D0,313.8277809081261D0,521.437371998323D0,      0000029P    861
-279.7455538418724D0,305.4051276128216D0,521.4385139882154D0,    0000029P    862
-281.917898186548D0,292.3300298000847D0,521.4396626636199D0,     0000029P    863
-284.0716237318835D0,279.786745844538D0,521.4408027831898D0,     0000029P    864
-285.5006877676305D0,266.7961140056617D0,521.4419503529196D0,    0000029P    865
-286.2075388472043D0,253.7095230907925D0,521.4430833451099D0,    0000029P    866
-286.2199703858272D0,240.9098022782191D0,521.4442379116229D0,    0000029P    867
-285.5562391951945D0,227.8541174013782D0,521.4453749102681D0,    0000029P    868
-284.1508152350921D0,214.9944956475522D0,521.4465253010917D0,    0000029P    869
-281.9337807372984D0,202.2682956946867D0,521.4476667077033D0,    0000029P    870
-278.7657100280852D0,189.504400049352D0,521.4488144839327D0,     0000029P    871
-274.7741948125454D0,177.2586617000172D0,521.44995274642D0,      0000029P    872
-269.8607790006166D0,165.2521093258067D0,521.4511018785695D0,    0000029P    873
-264.0122021771531D0,153.5620221094664D0,521.4522440821984D0,    0000029P    874
-257.3404573869057D0,142.4562469886807D0,521.4533889393056D0,    0000029P    875
-249.8683796391807D0,131.9555581517468D0,521.4545269516034D0,    0000029P    876
-241.4055808512055D0,121.8734103220978D0,521.4556788215591D0,    0000029P    877
-232.4862181578076D0,112.6721572944622D0,521.4568162640296D0,    0000029P    878
-222.90962401209D0,103.9085716951873D0,521.4579661605683D0,      0000029P    879
-212.702828216249D0,95.55202802959998D0,521.4591044886206D0,     0000029P    880
-202.5212354158625D0,88.0127657800026D0,521.4602473227126D0,     0000029P    881
-191.6606320679423D0,80.68795404409659D0,521.4613993500095D0,    0000029P    882
-180.5859020619152D0,73.8072501301446D0,521.4625380896353D0,     0000029P    883
-169.4081153231109D0,67.30380422344399D0,521.4636788337241D0,    0000029P    884
-158.0624579494119D0,61.13561921367875D0,521.4648267751168D0,    0000029P    885
-146.4028648180561D0,55.23999563366127D0,521.4659646812345D0,    0000029P    886
-134.6225283840376D0,49.72210323642606D0,521.4671200480082D0,    0000029P    887
-122.7577222271889D0,44.60070351885493D0,521.4682511441001D0,    0000029P    888
-110.7825731103075D0,39.76264294779841D0,521.4694054032022D0,    0000029P    889
-98.64711350965574D0,35.0387252876993D0,521.4705456918623D0,     0000029P    890
-86.38416722482104D0,30.49460775953615D0,521.4716928516073D0,    0000029P    891
-74.19857260451768D0,26.32543633412916D0,521.4728371135848D0,    0000029P    892
-61.75961887151308D0,22.37897474870154D0,521.4739838071844D0,    0000029P    893
-49.36730276958446D0,18.49213254447506D0,521.4751229602248D0,    0000029P    894
-37.07655486466007D0,14.56590559158046D0,521.4762690328348D0,    0000029P    895
-24.60100294958658D0,10.5438456796074D0,521.4774168165209D0,     0000029P    896
-12.33286150954478D0,6.571316207263429D0,521.4781711599833D0,    0000029P    897
-4.077752870518433D0,3.87375679377741D0,521.4785545821189D0,     0000029P    898
0.0D0,2.537922890441921D0,439.8633679168459D0,                   0000029P    899
-267.2793172017641D0,318.1000000000003D0,439.8634095586021D0,    0000029P    900
-268.0512016108098D0,313.9023514249957D0,439.8634928192139D0,    0000029P    901
-269.5472839990159D0,305.8333280349592D0,439.8636172456504D0,    0000029P    902
-271.8556674347976D0,293.1488650092032D0,439.8637424005126D0,    0000029P    903
-274.2151657877544D0,280.9153542556608D0,439.8638666231677D0,    0000029P    904
-275.911647781071D0,268.2911146194446D0,439.8639916575571D0,     0000029P    905
-276.759433092941D0,255.7915166154716D0,439.8641151036413D0,     0000029P    906
-276.8465060110265D0,243.1390204323892D0,439.8642409003739D0,    0000029P    907
-276.2285690499484D0,230.5056765350518D0,439.8643647829827D0,    0000029P    908
-274.9472242782589D0,218.1090807804146D0,439.8644901247512D0,    0000029P    909
-272.7834461487133D0,205.5005936227409D0,439.8646144876343D0,    0000029P    910
-269.7285041894293D0,193.4396204771954D0,439.8647395445248D0,    0000029P    911
-265.6360821610566D0,181.2902036063827D0,439.8648635648383D0,    0000029P    912
-260.8221967635898D0,169.8392055131125D0,439.8649887694637D0,    0000029P    913
-255.0561495627601D0,158.4710079613437D0,439.8651132191862D0,    0000029P    914
-248.488379695208D0,147.6690692643009D0,439.865237958023D0,      0000029P    915
-241.0950886504336D0,137.441585718962D0,439.8653619510751D0,     0000029P    916
-232.924783301961D0,127.8920318654956D0,439.865487454003D0,      0000029P    917
-223.9701388757535D0,118.8561436821368D0,439.8656113849684D0,    0000029P    918
-214.679375802743D0,110.4656177319664D0,439.8657366728814D0,     0000029P    919
-204.8598229649624D0,102.3949132468617D0,439.8658607003381D0,    0000029P    920
-194.7650436801161D0,94.89279865447567D0,439.8659852187536D0,    0000029P    921
-184.339748628487D0,87.86681733138627D0,439.8661107388255D0,     0000029P    922
-173.603652612021D0,81.16695335310111D0,439.8662348111243D0,     0000029P    923
-162.7385436972528D0,74.75860439616602D0,439.8663591018249D0,    0000029P    924
-151.8073763788621D0,68.65145302087583D0,439.8664841767111D0,    0000029P    925
-140.6162974316175D0,62.72500235590229D0,439.8666081581964D0,    0000029P    926
-129.3021556153306D0,57.08284337532005D0,439.8667340421207D0,    0000029P    927
-117.8185979636209D0,51.70296825892606D0,439.8668572816166D0,    0000029P    928
-106.3336256629992D0,46.65138634594353D0,439.8669830448516D0,    0000029P    929
-94.64554277074993D0,41.84324874201586D0,439.8671072859297D0,    0000029P    930
-82.94056195687651D0,37.27558722953744D0,439.8672322756534D0,    0000029P    931
-71.04013635833418D0,32.76977186444022D0,439.8673569496446D0,    0000029P    932
-59.2155959171856D0,28.35922787698346D0,439.8674818885791D0,     0000029P    933
-47.43866784555404D0,24.05050714945736D0,439.8676060059245D0,    0000029P    934
-35.46282438209141D0,19.72108504918533D0,439.8677308771948D0,    0000029P    935
-23.69073488458073D0,15.45362795510635D0,439.8678559348994D0,    0000029P    936
-11.83733064172278D0,11.09443201871719D0,439.8679381250045D0,    0000029P    937
-3.981413793241897D0,8.181489718734861D0,439.8679799010743D0,    0000029P    938
0.0D0,6.703937439467284D0,358.8005571504868D0,                   0000029P    939
-254.395596994492D0,318.0999999999999D0,358.8002814262363D0,     0000029P    940
-255.1123290768527D0,314.1003983383066D0,358.7997301293549D0,    0000029P    941
-256.547040231533D0,306.1585339222432D0,358.7989062595329D0,     0000029P    942
-258.6364379723133D0,294.3509285864668D0,358.7980775665635D0,    0000029P    943
-260.8876763475405D0,282.4306056293673D0,358.7972550460529D0,    0000029P    944
-262.6296698200048D0,270.3820794900468D0,358.7964271507558D0,    0000029P    945
-263.5603517467046D0,258.4175542123621D0,358.7956097721783D0,    0000029P    946
-263.765219838469D0,246.3381492945949D0,358.794776829161D0,      0000029P    947
-263.2702238866952D0,234.2466254380028D0,358.7939565601982D0,    0000029P    948
-262.1131955019877D0,222.2038379646178D0,358.7931266296596D0,    0000029P    949
-260.1702731329865D0,210.2432852910478D0,358.7923031806408D0,    0000029P    950
-257.2188788776223D0,198.4605807767866D0,358.7914751363633D0,    0000029P    951
-253.2814229878514D0,186.9568988234532D0,358.7906539556186D0,    0000029P    952
-248.613532667527D0,175.9596924008502D0,358.789824933134D0,      0000029P    953
-243.0074123544789D0,165.1340694997721D0,358.7890009091188D0,    0000029P    954
-236.6213373325701D0,154.9951728048802D0,358.7881749707929D0,    0000029P    955
-229.3236772537874D0,145.2066311091263D0,358.787353970547D0,     0000029P    956
-221.5296979680538D0,136.0999422574984D0,358.7865229729121D0,    0000029P    957
-213.0249100148847D0,127.3594182510676D0,358.7857023837578D0,    0000029P    958
-204.0021874574192D0,119.2504785864686D0,358.7848728098174D0,    0000029P    959
-194.5898949774644D0,111.7543604586749D0,358.7840515817734D0,    0000029P    960
-184.7449383837943D0,104.6177397487284D0,358.783227102917D0,     0000029P    961
-174.8084480420812D0,97.93325214138511D0,358.7823959917762D0,    0000029P    962
-164.4882627332556D0,91.44207207361444D0,358.7815744668071D0,    0000029P    963
-154.1836344495336D0,85.34336017636666D0,358.7807514957492D0,    0000029P    964
-143.6281310501692D0,79.40104969292976D0,358.7799233323194D0,    0000029P    965
-132.9226241200867D0,73.55166381878384D0,358.7791024086662D0,    0000029P    966
-122.4053041992644D0,68.00254482506257D0,358.7782688883176D0,    0000029P    967
-111.4387449260835D0,62.57379925822268D0,358.7774528776442D0,    0000029P    968
-100.469577685426D0,57.46627339435376D0,358.7766201564079D0,     0000029P    969
-89.42317213492179D0,52.52752373243577D0,358.77579751391D0,      0000029P    970
-78.40775867431343D0,47.75885001115539D0,358.7749699143853D0,    0000029P    971
-67.17903158812126D0,43.01267566154456D0,358.7741444054041D0,    0000029P    972
-56.02827830139616D0,38.39310764741316D0,358.7733171421703D0,    0000029P    973
-44.82806670401645D0,33.84352570209848D0,358.7724953189472D0,    0000029P    974
-33.59691571447493D0,29.36628939328256D0,358.7716685037199D0,    0000029P    975
-22.42920008729024D0,24.9054567023839D0,358.770840454059D0,      0000029P    976
-11.05998191719176D0,20.28121084067345D0,358.7702962453791D0,    0000029P    977
-3.852731681832008D0,17.31235977315173D0,358.7700196317862D0,    0000029P    978
0.0D0,15.72310097938397D0,278.3716871514396D0,                   0000029P    979
-238.3188943471769D0,318.0999999999994D0,278.3709930647633D0,    0000029P    980
-238.9766538054571D0,314.3339512284579D0,278.3696052730902D0,    0000029P    981
-240.2945866642341D0,306.8134631097427D0,278.367531327606D0,     0000029P    982
-242.2318924353644D0,295.655047790622D0,278.3654452406925D0,     0000029P    983
-244.2523979262411D0,284.3654588220585D0,278.3633746918606D0,    0000029P    984
-246.0308344747106D0,273.2631824404958D0,278.3612906129467D0,    0000029P    985
-247.010634948526D0,261.7512636489017D0,278.3592330080085D0,     0000029P    986
-247.2866484745328D0,250.4305294543216D0,278.3571362223674D0,    0000029P    987
-246.859221651773D0,238.9578884027239D0,278.355071341389D0,      0000029P    988
-245.732098801183D0,227.6653247635108D0,278.3529821391323D0,     0000029P    989
-243.8809821922692D0,216.4328718072079D0,278.3509092529321D0,    0000029P    990
-241.2468084739091D0,205.2269304041281D0,278.3488247989956D0,    0000029P    991
-237.8508919551365D0,194.4682138889958D0,278.3467576227724D0,    0000029P    992
-233.519356499559D0,183.9504739449895D0,278.344670706377D0,      0000029P    993
-228.1895363529557D0,173.7248408793592D0,278.3425963727252D0,    0000029P    994
-222.1325564365054D0,164.1017311924568D0,278.3405172201478D0,    0000029P    995
-215.339334507245D0,154.91682038635D0,278.3384504982926D0,       0000029P    996
-207.886873820108D0,146.2928410095201D0,278.3363586098192D0,     0000029P    997
-199.7736117333231D0,138.2169604320869D0,278.3342929228149D0,    0000029P    998
-191.3375034681619D0,130.791424626865D0,278.3322046182261D0,     0000029P    999
-182.2810552242433D0,123.6198487882391D0,278.3301373229363D0,    0000029P   1000
-173.1354431756477D0,117.0336667436416D0,278.3280618443173D0,    0000029P   1001
-163.580679587019D0,110.715093969782D0,278.3259696700925D0,      0000029P   1002
-153.8649042718645D0,104.6874175952102D0,278.3239016273567D0,    0000029P   1003
-144.122532593548D0,98.80752375152784D0,278.3218299443495D0,     0000029P   1004
-134.2828102562944D0,93.07389738461238D0,278.3197451904605D0,    0000029P   1005
-124.2313295440502D0,87.60256773937682D0,278.3176786614363D0,    0000029P   1006
-114.1338857969266D0,82.4230512821933D0,278.3155804224598D0,     0000029P   1007
-103.8652826137605D0,77.25582204814397D0,278.3135262609887D0,    0000029P   1008
-93.76650937568594D0,72.24431433493128D0,278.3114300336335D0,    0000029P   1009
-83.39434782871081D0,67.24592122692062D0,278.3093591777233D0,    0000029P   1010
-73.06025673298676D0,62.40473249455686D0,278.3072758433639D0,    0000029P   1011
-62.79977298389689D0,57.71262345966863D0,278.3051977715938D0,    0000029P   1012
-52.3643053308295D0,53.05233949351165D0,278.3031152837932D0,     0000029P   1013
-41.86455835351944D0,48.46207041115831D0,278.3010464902566D0,    0000029P   1014
-31.45387924044917D0,43.9713015508726D0,278.2989651302296D0,     0000029P   1015
-20.948568289357D0,39.46405830043406D0,278.2968806627471D0,      0000029P   1016
-10.35290668054681D0,34.90347621201693D0,278.2955107143553D0,    0000029P   1017
-3.523320260438128D0,31.97161224483535D0,278.2948143889207D0,    0000029P   1018
0.0D0,30.46088884259605D0,198.4913132134293D0,                   0000029P   1019
-219.928803175052D0,318.1000000000001D0,198.4902051228603D0,     0000029P   1020
-220.5073245319676D0,314.5886244486784D0,198.4879895510662D0,    0000029P   1021
-221.6273721935393D0,307.7830016632544D0,198.4846785533027D0,    0000029P   1022
-223.3731755716802D0,297.2161445654035D0,198.4813481720848D0,    0000029P   1023
-225.0773012076432D0,286.7704491798272D0,198.478042596988D0,     0000029P   1024
-226.8349221138682D0,276.418299230363D0,198.4747154214829D0,     0000029P   1025
-227.8292558169706D0,265.8093147795079D0,198.4714305109635D0,    0000029P   1026
-228.1595136854424D0,255.3859702970021D0,198.4680830495115D0,    0000029P   1027
-227.8248463625599D0,244.6749748864175D0,198.4647865229949D0,    0000029P   1028
-226.9015019246293D0,234.2947157590397D0,198.4614511682105D0,    0000029P   1029
-225.3276545853583D0,223.6905004253433D0,198.4581418615701D0,    0000029P   1030
-223.0336041497168D0,213.4675821214145D0,198.4548140873537D0,    0000029P   1031
-219.8545867488297D0,203.3372524483827D0,198.4515138965376D0,    0000029P   1032
-215.9002453683801D0,193.5522604618557D0,198.4481821910692D0,    0000029P   1033
-211.1752974723937D0,184.0865904340936D0,198.4448705736136D0,    0000029P   1034
-205.6143537296926D0,175.0351257976649D0,198.4415512628725D0,    0000029P   1035
-199.2197486216275D0,166.4971309618635D0,198.4382517974434D0,    0000029P   1036
-192.4887670996925D0,158.7441560409318D0,198.4349121541829D0,    0000029P   1037
-184.8806022319776D0,151.0316903034768D0,198.4316143408664D0,    0000029P   1038
-177.1014114899345D0,144.1346976392981D0,198.428280419186D0,     0000029P   1039
-168.6703671274611D0,137.5858776523778D0,198.4249800382841D0,    0000029P   1040
-160.0521118389355D0,131.5575286245256D0,198.4216665929121D0,    0000029P   1041
-151.222042407087D0,125.7939364261364D0,198.418326493465D0,      0000029P   1042
-142.1800024957375D0,120.2044377850475D0,198.4150249192824D0,    0000029P   1043
-133.0537706195742D0,114.8279271255012D0,198.4117175335023D0,    0000029P   1044
-123.9130684338429D0,109.7138589077606D0,198.4083892804219D0,    0000029P   1045
-114.5681904758233D0,104.740175989851D0,198.4050901228354D0,     0000029P   1046
-105.2174245433064D0,99.9071919948148D0,198.401740341177D0,      0000029P   1047
-95.7101863485254D0,94.99517940500468D0,198.3984609280533D0,     0000029P   1048
-86.52137674723485D0,90.26210747331875D0,198.3951143578913D0,    0000029P   1049
-76.80686788452974D0,85.45974289568682D0,198.3918082925504D0,    0000029P   1050
-67.39235222633845D0,81.01857905113309D0,198.3884823057115D0,    0000029P   1051
-57.75598112409419D0,76.47936343826862D0,198.3851647204415D0,    0000029P   1052
-48.2550013929019D0,71.93731385808839D0,198.3818400851076D0,     0000029P   1053
-38.6358187992761D0,67.46319805296716D0,198.3785373122908D0,     0000029P   1054
-29.02539911623202D0,63.22565587061668D0,198.3752144774178D0,    0000029P   1055
-19.33358893709457D0,59.01488394332417D0,198.3718866815693D0,    0000029P   1056
-9.545797988696485D0,54.69160357659468D0,198.3696995960847D0,    0000029P   1057
-3.252244223767215D0,51.89752984460973D0,198.3685879314023D0,    0000029P   1058
0.0D0,50.45974777758407D0,119.2107955695196D0,                   0000029P   1059
-199.6383648621939D0,318.1000000000001D0,119.2093604815429D0,    0000029P   1060
-200.1199260239476D0,314.9079516478653D0,119.2064910947438D0,    0000029P   1061
-201.0737972217547D0,308.566753618279D0,119.2022030218996D0,     0000029P   1062
-202.4978008451509D0,299.1636867034726D0,119.1978898455359D0,    0000029P   1063
-203.9091936234605D0,289.6230721395594D0,119.193608795576D0,     0000029P   1064
-205.4347023519613D0,280.1881166519074D0,119.1892997709367D0,    0000029P   1065
-206.5093289924174D0,270.5717959009962D0,119.1850454836683D0,    0000029P   1066
-206.9425114149765D0,261.165297151537D0,119.1807101866993D0,     0000029P   1067
-206.7554315329305D0,251.4716167337762D0,119.1764408555559D0,    0000029P   1068
-206.0135001883194D0,241.9231193318379D0,119.1721212379316D0,    0000029P   1069
-204.7490834981933D0,232.4369394657694D0,119.1678353552518D0,    0000029P   1070
-202.7974189260621D0,222.9969288739829D0,119.1635255552114D0,    0000029P   1071
-200.0078594184813D0,213.740228232439D0,119.1592514784379D0,     0000029P   1072
-196.5162955633813D0,204.8540456437115D0,119.1549365870392D0,    0000029P   1073
-192.3136394528833D0,196.1506063955107D0,119.1506477116234D0,    0000029P   1074
-187.4807304801928D0,187.949047484795D0,119.1463488726292D0,     0000029P   1075
-181.8257878726521D0,180.1501899387192D0,119.1420757353023D0,    0000029P   1076
-175.5453081930357D0,172.8954886394371D0,119.1377505636726D0,    0000029P   1077
-168.781689585506D0,166.048446828623D0,119.1334795659964D0,      0000029P   1078
-161.7051113164141D0,159.7052807825654D0,119.1291618043806D0,    0000029P   1079
-154.0649810088158D0,153.7258127776918D0,119.1248874814244D0,    0000029P   1080
-146.2341324894968D0,148.2732723749236D0,119.1205962386787D0,    0000029P   1081
-138.1102163891036D0,143.0910373921766D0,119.116270476236D0,     0000029P   1082
-129.8525033619822D0,138.2261654756574D0,119.1119946078609D0,    0000029P   1083
-121.4781824442457D0,133.5896466661203D0,119.107711212896D0,     0000029P   1084
-113.0452351880177D0,129.0685093557864D0,119.1034007926796D0,    0000029P   1085
-104.5142465335931D0,124.5946029628258D0,119.0991280540397D0,    0000029P   1086
-95.98833337396809D0,120.2512624449867D0,119.0947897521689D0,    0000029P   1087
-87.33144048679795D0,115.9510424821953D0,119.0905425845817D0,    0000029P   1088
-78.89180569879552D0,111.7928354825694D0,119.0862084419205D0,    0000029P   1089
-70.08117579317697D0,107.5310498374168D0,119.08192675705D0,      0000029P   1090
-61.5507513758707D0,103.4906837668218D0,119.0776192718449D0,     0000029P   1091
-52.72963430548855D0,99.39339001245753D0,119.0733226675193D0,    0000029P   1092
-44.01049427128265D0,95.43034146336026D0,119.0690169326467D0,    0000029P   1093
-35.25077261660314D0,91.50722643319557D0,119.064739511924D0,     0000029P   1094
-26.52570286929117D0,87.65415445729917D0,119.0604361088326D0,    0000029P   1095
-17.66374763614174D0,83.81087085569864D0,119.0561262807839D0,    0000029P   1096
-8.888366196598538D0,80.09309175152512D0,119.0532937866108D0,    0000029P   1097
-3.03377678154473D0,77.67021258578289D0,119.0518540697947D0,     0000029P   1098
0.0D0,76.42696899967518D0,40.39653586945883D0,                   0000029P   1099
-177.1706646090422D0,318.0999999999999D0,40.39632152143577D0,    0000029P   1100
-177.5776761290119D0,315.3200746911168D0,40.3958929432556D0,     0000029P   1101
-178.417739066814D0,309.5909913735013D0,40.39525246688481D0,     0000029P   1102
-179.6335839332312D0,301.2826978060738D0,40.39460824099274D0,    0000029P   1103
-180.8750835450433D0,292.8159653609516D0,40.39396881357607D0,    0000029P   1104
-182.104241939782D0,284.3982739178375D0,40.3933252077934D0,      0000029P   1105
-183.3647963355001D0,276.0207250052728D0,40.3926897777153D0,     0000029P   1106
-183.9042107711812D0,267.4854930185259D0,40.39204224783725D0,    0000029P   1107
-184.0294424924655D0,258.9466741033793D0,40.39140457077019D0,    0000029P   1108
-183.6176980033908D0,250.4511050037118D0,40.39075938279666D0,    0000029P   1109
-182.6461433216981D0,241.9823055916551D0,40.39011923355452D0,    0000029P   1110
-181.0736700156546D0,233.6429546655742D0,40.38947551195906D0,    0000029P   1111
-178.8238446833389D0,225.3974673232506D0,40.38883712607435D0,    0000029P   1112
-175.912758110346D0,217.4374271134898D0,40.38819264402127D0,     0000029P   1113
-172.3098718632691D0,209.7490136836462D0,40.38755204777453D0,    0000029P   1114
-167.9380803980177D0,202.3169085497286D0,40.38690996334981D0,    0000029P   1115
-163.0406628986758D0,195.3984045236793D0,40.38627171778103D0,    0000029P   1116
-157.6285106445154D0,188.8251168253042D0,40.3856257002476D0,     0000029P   1117
-151.6757182068162D0,182.6320806871026D0,40.38498777426435D0,    0000029P   1118
-145.4187652208047D0,177.0277309778942D0,40.38434286350912D0,    0000029P   1119
-138.6773918781445D0,171.7394300343139D0,40.38370444085263D0,    0000029P   1120
-131.7464028543596D0,166.9525738233389D0,40.38306349101708D0,    0000029P   1121
-124.4490786385934D0,162.4486311080349D0,40.3824173852413D0,     0000029P   1122
-117.0246267219356D0,158.2332221449744D0,40.38177873175755D0,    0000029P   1123
-109.5510039126414D0,154.224070139876D0,40.38113895408287D0,     0000029P   1124
-101.9864781680542D0,150.4008820866855D0,40.38049513985902D0,    0000029P   1125
-94.29010735075237D0,146.6656179376401D0,40.37985695383691D0,    0000029P   1126
-86.59179564624367D0,142.9368382440272D0,40.37920897514596D0,    0000029P   1127
-78.91397323415868D0,139.3239317440543D0,40.37857460847681D0,    0000029P   1128
-71.11592632891869D0,135.8837487291877D0,40.37792725101144D0,    0000029P   1129
-63.32797795925523D0,132.522675747109D0,40.37728772876403D0,     0000029P   1130
-55.48142468180152D0,129.1028015127493D0,40.37664435291595D0,    0000029P   1131
-47.66255415525991D0,125.8043900173904D0,40.37600260226418D0,    0000029P   1132
-39.74844421012077D0,122.6440893187916D0,40.37535948785262D0,    0000029P   1133
-31.80239591021109D0,119.5080812136496D0,40.37472060250798D0,    0000029P   1134
-23.96558289532131D0,116.3113254220275D0,40.37407783637423D0,    0000029P   1135
-16.01637119453207D0,113.1463418712668D0,40.37343411059624D0,    0000029P   1136
-8.017380342300859D0,110.1806658376954D0,40.37301104278345D0,    0000029P   1137
-2.691975191925851D0,108.307972810536D0,40.37279600338729D0,     0000029P   1138
0.0D0,107.3813341809778D0,-38.13855705429774D0,                  0000029P   1139
-152.1138905468856D0,318.0999999999996D0,-38.13541532090494D0,   0000029P   1140
-152.5250470600365D0,315.6866231351435D0,-38.12913358176775D0,   0000029P   1141
-153.3498953536904D0,310.850819430873D0,-38.11974601677889D0,    0000029P   1142
-154.5918188196312D0,303.5544311852545D0,-38.11030349449288D0,   0000029P   1143
-155.839136769161D0,296.266771011837D0,-38.1009313042041D0,      0000029P   1144
-157.0621322536684D0,288.95129836004D0,-38.09149787097886D0,     0000029P   1145
-158.3673387526781D0,281.7440154210231D0,-38.08218427030397D0,   0000029P   1146
-159.4486220414726D0,274.4620793809897D0,-38.07269332098053D0,   0000029P   1147
-159.8491980987513D0,267.0128434251471D0,-38.06334678584312D0,   0000029P   1148
-159.7780438663171D0,259.7076182366678D0,-38.05389016217396D0,   0000029P   1149
-159.1261012443979D0,252.240379038809D0,-38.04450739196068D0,    0000029P   1150
-157.9434200142334D0,245.0487291563757D0,-38.03507226122065D0,   0000029P   1151
-156.2020959874558D0,237.7966616833097D0,-38.02571533681476D0,   0000029P   1152
-153.8655349660802D0,230.8351878114386D0,-38.01626905992976D0,   0000029P   1153
-150.8284500173307D0,224.069754014691D0,-38.00687973793674D0,    0000029P   1154
-147.1957384285323D0,217.6503441352009D0,-37.99746860341406D0,   0000029P   1155
-143.1166288457526D0,211.5069233026989D0,-37.98811373567264D0,   0000029P   1156
-138.63680101513D0,205.6972870228803D0,-37.97864495302838D0,     0000029P   1157
-133.5936163401203D0,200.1958132121797D0,-37.96929476946093D0,   0000029P   1158
-128.1978330122778D0,195.2639926274301D0,-37.95984220902301D0,   0000029P   1159
-122.4015486309543D0,190.6632442527024D0,-37.95048474566215D0,   0000029P   1160
-116.3550147140471D0,186.3796173078285D0,-37.94109024104637D0,   0000029P   1161
-110.175488779616D0,182.4733695644392D0,-37.93162016497945D0,    0000029P   1162
-103.6140704595197D0,178.8665927933021D0,-37.92225931835446D0,   0000029P   1163
-97.04694070161401D0,175.6445858951351D0,-37.91288199430574D0,   0000029P   1164
-90.39162363050785D0,172.5570100695049D0,-37.90344550585701D0,   0000029P   1165
-83.63864436655024D0,169.5640732690337D0,-37.89409151092991D0,   0000029P   1166
-76.81484168741999D0,166.7129966768633D0,-37.88459398320674D0,   0000029P   1167
-69.94702616794289D0,163.9797248509031D0,-37.87529596912009D0,   0000029P   1168
-63.11397084299713D0,161.2862635492355D0,-37.86580754684769D0,   0000029P   1169
-56.13299035775994D0,158.6792351967031D0,-37.8564339665927D0,    0000029P   1170
-49.21163742959955D0,156.3503455724881D0,-37.84700390354146D0,   0000029P   1171
-42.09221648938375D0,154.0204718561031D0,-37.83759766120852D0,   0000029P   1172
-35.20300790467518D0,151.693659019351D0,-37.82817143003945D0,    0000029P   1173
-28.16081092350864D0,149.2931843758172D0,-37.81880718497246D0,   0000029P   1174
-21.1377350084362D0,146.9935287823788D0,-37.80938605859296D0,    0000029P   1175
-14.15576054722076D0,144.7856794477189D0,-37.79995086652752D0,   0000029P   1176
-6.991053698773487D0,142.5939259943069D0,-37.79374989371331D0,   0000029P   1177
-2.40801760140336D0,141.2509621430433D0,-37.7905980267451D0,     0000029P   1178
0.0D0,140.5552361583697D0,-115.9846494934943D0,                  0000029P   1179
-125.5991793026664D0,318.1000000000001D0,-115.9833193735503D0,   0000029P   1180
-126.021046821526D0,316.0218751519476D0,-115.980659865101D0,     0000029P   1181
-126.8386562571156D0,312.0021506245591D0,-115.9766854389338D0,   0000029P   1182
-128.1017856016045D0,305.7855007187724D0,-115.9726877454191D0,   0000029P   1183
-129.3478638599914D0,299.64206143156D0,-115.9687198284585D0,     0000029P   1184
-130.5990850321369D0,293.550028953029D0,-115.9647259829931D0,    0000029P   1185
-131.8097998731796D0,287.3882932147438D0,-115.9607828711939D0,   0000029P   1186
-133.1591468745222D0,281.2979981378769D0,-115.9567646750616D0,   0000029P   1187
-134.0450449585963D0,275.0509711576311D0,-115.9528076197564D0,   0000029P   1188
-134.3291983462246D0,268.8186431610151D0,-115.9488039561204D0,   0000029P   1189
-134.106971777085D0,262.5510980662637D0,-115.9448315599236D0,    0000029P   1190
-133.4209688033225D0,256.2884655634811D0,-115.9408369957775D0,   0000029P   1191
-132.1751755579411D0,250.0775192832765D0,-115.9368755419537D0,   0000029P   1192
-130.3638592007058D0,244.1484948058843D0,-115.9328762588502D0,   0000029P   1193
-127.9192022613181D0,238.236361490405D0,-115.9289010888167D0,    0000029P   1194
-125.085467949332D0,232.7683993357804D0,-115.9249166839827D0,    0000029P   1195
-121.6815919816156D0,227.4753361123062D0,-115.9209561008906D0,   0000029P   1196
-117.8267385071615D0,222.5303043799246D0,-115.9169472894921D0,   0000029P   1197
-113.5529613810864D0,217.8290538092403D0,-115.9129886895501D0,   0000029P   1198
-109.1319191154741D0,213.5497442905354D0,-115.9089867461685D0,   0000029P   1199
-104.3209332136571D0,209.426389146812D0,-115.9050250641672D0,    0000029P   1200
-99.29965973951497D0,205.6535086211209D0,-115.9010476999602D0,   0000029P   1201
-94.09061094312959D0,202.2828434711376D0,-115.8970383409637D0,   0000029P   1202
-88.53624795713107D0,199.2072219098273D0,-115.8930752265849D0,   0000029P   1203
-82.97674889813887D0,196.3967987878412D0,-115.8891051361388D0,   0000029P   1204
-77.42666458934554D0,193.6288456592146D0,-115.8851099971748D0,   0000029P   1205
-71.67745586824725D0,190.9714182137432D0,-115.8811497836125D0,   0000029P   1206
-65.88829104780992D0,188.7458510122939D0,-115.8771288023677D0,   0000029P   1207
-59.86096543343356D0,186.6408734620367D0,-115.8731922894899D0,   0000029P   1208
-54.13274212494984D0,184.5812277749562D0,-115.8691751632373D0,   0000029P   1209
-48.07157832599371D0,182.4319838041944D0,-115.865206657802D0,    0000029P   1210
-42.20588365942455D0,180.5393654984075D0,-115.8612142391719D0,   0000029P   1211
-36.20256225155509D0,178.7212490551306D0,-115.8572319055518D0,   0000029P   1212
-30.16704077648753D0,176.8837046264117D0,-115.8532411092276D0,   0000029P   1213
-24.1935476239297D0,175.1327628692314D0,-115.8492765560463D0,    0000029P   1214
-18.09133738373271D0,173.4344013437706D0,-115.8452879209488D0,   0000029P   1215
-12.06271703615513D0,171.7973650920156D0,-115.841293330838D0,    0000029P   1216
-6.017152590410568D0,170.1459589635425D0,-115.8386680165384D0,   0000029P   1217
-2.059876012251458D0,169.0606207780149D0,-115.8373336063276D0,   0000029P   1218
0.0D0,168.5018509179226D0,-193.8373569250898D0,                  0000029P   1219
-99.3155915682699D0,318.1000000000003D0,-193.8365351446596D0,    0000029P   1220
-99.65246739814931D0,316.364909934863D0,-193.834892035708D0,     0000029P   1221
-100.296516581901D0,313.0433278657392D0,-193.832436538622D0,     0000029P   1222
-101.2775055119885D0,307.987083700674D0,-193.8299666664084D0,    0000029P   1223
-102.2894482448421D0,302.7771500033062D0,-193.8275151908724D0,   0000029P   1224
-103.2489223081163D0,297.8044512037448D0,-193.825047696077D0,    0000029P   1225
-104.2641081694845D0,292.6543476850482D0,-193.8226115457746D0,   0000029P   1226
-105.1898210878455D0,287.6585096910617D0,-193.8201290065472D0,   0000029P   1227
-106.4218002899212D0,282.5298936530447D0,-193.8176842416019D0,   0000029P   1228
-107.1480774358164D0,277.4444132324966D0,-193.8152106809043D0,   0000029P   1229
-107.5999514365018D0,272.2060897764337D0,-193.8127564379861D0,   0000029P   1230
-107.5603569077997D0,267.0131806270566D0,-193.8102884991736D0,   0000029P   1231
-106.8421042873705D0,261.8806683715306D0,-193.8078410167232D0,   0000029P   1232
-105.5644348692266D0,256.8287135685745D0,-193.8053701624181D0,   0000029P   1233
-103.9162651152047D0,252.0112718383569D0,-193.8029142057631D0,   0000029P   1234
-101.6143783176357D0,247.2130626066297D0,-193.8004525436127D0,   0000029P   1235
-98.85076360098368D0,242.9072463156459D0,-193.7980055991252D0,   0000029P   1236
-95.80553745425765D0,238.8168404076907D0,-193.795528858012D0,    0000029P   1237
-92.47504202746066D0,234.7694719104616D0,-193.7930831387566D0,   0000029P   1238
-88.97479196172314D0,230.9775075183759D0,-193.7906106408696D0,   0000029P   1239
-85.19737708904165D0,227.3737982451988D0,-193.7881630174456D0,   0000029P   1240
-81.19916606396259D0,224.1581569039945D0,-193.7857057051697D0,   0000029P   1241
-76.89847146099879D0,221.2040352889139D0,-193.7832286257385D0,   0000029P   1242
-72.52765878238286D0,218.3754798451183D0,-193.7807801173567D0,   0000029P   1243
-68.12299009552871D0,215.7241478642097D0,-193.7783272989823D0,   0000029P   1244
-63.52749607488544D0,213.314250692964D0,-193.7758590050416D0,    0000029P   1245
-58.88041196110591D0,211.0822130261794D0,-193.7734122888483D0,   0000029P   1246
-54.18221620771722D0,208.8925175691473D0,-193.7709280289123D0,   0000029P   1247
-49.38680301237604D0,206.836193517548D0,-193.7684959555827D0,    0000029P   1248
-44.54515550883298D0,205.0867591044824D0,-193.7660140773469D0,   0000029P   1249
-39.58081312640469D0,203.4695064558649D0,-193.7635622382436D0,   0000029P   1250
-34.70192742705675D0,201.8272003400852D0,-193.7610956249846D0,   0000029P   1251
-29.76376881194251D0,200.1373434874305D0,-193.7586352424842D0,   0000029P   1252
-24.87538754146644D0,198.5082569736873D0,-193.756169631527D0,    0000029P   1253
-19.88352169710424D0,197.0834000526325D0,-193.7537202342169D0,   0000029P   1254
-14.91445286795006D0,195.844854162542D0,-193.7512559585148D0,    0000029P   1255
-9.82043587935266D0,194.5313754541399D0,-193.7487880036651D0,    0000029P   1256
-4.887692890986143D0,193.0449948221451D0,-193.7471660206857D0,   0000029P   1257
-1.644665965629391D0,191.9460316050535D0,-193.7463415896277D0,   0000029P   1258
0.0D0,191.3777223777004D0,-246.0040559921758D0,                  0000029P   1259
-81.02805290614283D0,318.0999999999999D0,-246.0027151490776D0,   0000029P   1260
-81.32048104137485D0,316.6321356218402D0,-246.0000342002049D0,   0000029P   1261
-81.90067984958625D0,313.7197768235102D0,-245.9960277330206D0,   0000029P   1262
-82.76659741072238D0,309.3752530152028D0,-245.9919978109078D0,   0000029P   1263
-83.64824386590462D0,304.9492203598679D0,-245.9879979054063D0,   0000029P   1264
-84.51058160149984D0,300.6279734728883D0,-245.9839718623666D0,   0000029P   1265
-85.38946747845762D0,296.2008639670378D0,-245.9799969620012D0,   0000029P   1266
-86.25800092115563D0,291.8938276632919D0,-245.9759463719806D0,   0000029P   1267
-87.23289100068062D0,287.4914009151751D0,-245.9719574157011D0,   0000029P   1268
-87.99615186735898D0,283.1306232532193D0,-245.9679214753392D0,   0000029P   1269
-88.69846205378198D0,278.6825185991764D0,-245.9639170544842D0,   0000029P   1270
-89.00145897517277D0,274.2480365631046D0,-245.9598902869757D0,   0000029P   1271
-88.86229446009207D0,269.7564021381332D0,-245.9558968967099D0,   0000029P   1272
-88.29655449376809D0,265.3820454273624D0,-245.9518653721989D0,   0000029P   1273
-87.2801217786833D0,261.056681454963D0,-245.947858155148D0,      0000029P   1274
-85.76534968315932D0,256.8327456851338D0,-245.9438416288508D0,   0000029P   1275
-83.82472756933331D0,252.8384278046794D0,-245.9398491163379D0,   0000029P   1276
-81.52919077820363D0,249.1017306395651D0,-245.9358079867156D0,   0000029P   1277
-78.84784165589103D0,245.4708085836166D0,-245.9318174733398D0,   0000029P   1278
-76.0021611298455D0,242.1054434654855D0,-245.9277832671028D0,    0000029P   1279
-72.87221729790169D0,238.8462090608238D0,-245.9237896468239D0,   0000029P   1280
-69.59509046170432D0,235.9061209514132D0,-245.9197802179142D0,   0000029P   1281
-66.03936159354956D0,233.1733908608544D0,-245.9157385362742D0,   0000029P   1282
-62.32820761978337D0,230.6794700674531D0,-245.9117434720697D0,   0000029P   1283
-58.5243175599359D0,228.3675121899445D0,-245.9077413755622D0,    0000029P   1284
-54.64061141874335D0,226.2300480359326D0,-245.9037140285932D0,   0000029P   1285
-50.65794106754802D0,224.2334944041904D0,-245.899721888592D0,    0000029P   1286
-46.63084031215826D0,222.371815367418D0,-245.8956684910113D0,    0000029P   1287
-42.47874406663511D0,220.6312977390563D0,-245.8917002427611D0,   0000029P   1288
-38.36391262769418D0,219.0924117904782D0,-245.8876507312502D0,   0000029P   1289
-34.09784317186376D0,217.6326730082717D0,-245.8836502325271D0,   0000029P   1290
-29.8904173203834D0,216.2270103451465D0,-245.8796256278256D0,    0000029P   1291
-25.66043207378227D0,214.8298809225298D0,-245.8756111894381D0,   0000029P   1292
-21.40440597795945D0,213.4463252012543D0,-245.8715882201204D0,   0000029P   1293
-17.13318878510885D0,212.1930248239105D0,-245.8675917055157D0,   0000029P   1294
-12.84811468167093D0,211.0911469175887D0,-245.863570914848D0,    0000029P   1295
-8.506633084839443D0,209.9724999937247D0,-245.8595441211605D0,   0000029P   1296
-4.220939834864661D0,208.7342939314499D0,-245.8568976421061D0,   0000029P   1297
-1.428208131210461D0,207.8433643099376D0,-245.855552474151D0,    0000029P   1298
0.0D0,207.3830964475114D0,-272.0D0,-71.87143457799617D0,318.1D0, 0000029P   1299
-272.0D0,-72.13183740615918D0,316.7695557900972D0,-272.0D0,      0000029P   1300
-72.66522640838666D0,314.0447706718077D0,-272.0000000000005D0,   0000029P   1301
-73.44491900023093D0,310.062143430528D0,-272.0000000000005D0,    0000029P   1302
-74.23675913100453D0,306.0183152127308D0,-271.9999999999991D0,   0000029P   1303
-75.02226880099543D0,302.0070482240876D0,-272.0000000000005D0,   0000029P   1304
-75.81885817567493D0,297.9413176696984D0,-272.0000000000009D0,   0000029P   1305
-76.59684758131317D0,293.9655377304354D0,-272.0D0,               0000029P   1306
-77.39286882548416D0,289.9182856958598D0,-272.0D0,               0000029P   1307
-78.16367268721511D0,285.9246882164239D0,-272.0D0,               0000029P   1308
-79.00266728017196D0,281.8645901432937D0,-272.0000000000005D0,   0000029P   1309
-79.48655881354384D0,277.8265939358734D0,-272.0000000000009D0,   0000029P   1310
-79.65625997542102D0,273.6552844010171D0,-271.9999999999996D0,   0000029P   1311
-79.47253945882591D0,269.6114757788346D0,-272.0D0,               0000029P   1312
-78.80080362983188D0,265.540696170778D0,-272.0000000000009D0,    0000029P   1313
-77.68287884192985D0,261.5834855584046D0,-272.0000000000005D0,   0000029P   1314
-76.17715926925318D0,257.7356188745522D0,-272.0000000000009D0,   0000029P   1315
-74.28775745316321D0,254.1606395366361D0,-272.0D0,               0000029P   1316
-71.94874026699895D0,250.7229312836437D0,-272.0D0,               0000029P   1317
-69.42804280024778D0,247.5614989034058D0,-272.0D0,               0000029P   1318
-66.62355832560908D0,244.4774893241575D0,-271.9999999999996D0,   0000029P   1319
-63.71047406332811D0,241.6740416912726D0,-272.0D0,               0000029P   1320
-60.52846146183616D0,239.0352413297631D0,-271.9999999999996D0,   0000029P   1321
-57.15722219964155D0,236.6908759439723D0,-272.0D0,               0000029P   1322
-53.65724287784199D0,234.5355678847459D0,-272.0D0,               0000029P   1323
-50.12029199189348D0,232.5372174067272D0,-271.9999999999996D0,   0000029P   1324
-46.47497891307727D0,230.660840607559D0,-272.0000000000009D0,    0000029P   1325
-42.78625930950925D0,228.9205643423939D0,-272.0D0,               0000029P   1326
-38.98418202748466D0,227.2949257325276D0,-272.0D0,               0000029P   1327
-35.22009714943407D0,225.8264715089229D0,-272.0D0,               0000029P   1328
-31.32028844176232D0,224.4364295661949D0,-272.0000000000009D0,   0000029P   1329
-27.4427547307434D0,223.1277665122656D0,-272.0D0,                0000029P   1330
-23.56524444865114D0,221.847098597D0,-272.0000000000009D0,       0000029P   1331
-19.64422998196994D0,220.5611941104639D0,-272.0D0,               0000029P   1332
-15.7299510822411D0,219.3554881559766D0,-272.0D0,                0000029P   1333
-11.80477889767045D0,218.2915674095681D0,-272.0000000000009D0,   0000029P   1334
-7.846292883912454D0,217.238729325066D0,-271.9999999999996D0,    0000029P   1335
-3.878697311428013D0,216.0929283315665D0,-271.9999999999996D0,   0000029P   1336
-1.31679567548504D0,215.2906974958D0,-272.0D0,0.0D0,             0000029P   1337
214.8765691531236D0,0.0D0,122.756555850919D0,0.0D0,              0000029P   1338
2229.526250067383D0,0,1,27;                                      0000029P   1339
128,1,39,1,3,0,0,1,0,0,-71.87143457799611D0,                     0000031P   1340
-71.87143457799611D0,0.0D0,0.0D0,-122.756555850919D0,            0000031P   1341
-122.756555850919D0,-122.756555850919D0,-122.756555850919D0,     0000031P   1342
-119.4388110981915D0,-116.1210663454639D0,-112.8033215927364D0,  0000031P   1343
-109.4855768400088D0,-106.1678320872813D0,-102.8500873345538D0,  0000031P   1344
-99.53234258182621D0,-96.21459782909868D0,-92.89685307637113D0,  0000031P   1345
-89.5791083236436D0,-86.26136357091606D0,-82.94361881818851D0,   0000031P   1346
-79.62587406546098D0,-76.30812931273343D0,-72.99038456000589D0,  0000031P   1347
-69.67263980727836D0,-66.35489505455081D0,-63.03715030182327D0,  0000031P   1348
-59.71940554909573D0,-56.40166079636819D0,-53.08391604364065D0,  0000031P   1349
-49.76617129091311D0,-46.44842653818557D0,-43.13068178545803D0,  0000031P   1350
-39.81293703273049D0,-36.49519228000295D0,-33.17744752727541D0,  0000031P   1351
-29.85970277454787D0,-26.54195802182032D0,-23.22421326909278D0,  0000031P   1352
-19.90646851636524D0,-16.5887237636377D0,-13.27097901091016D0,   0000031P   1353
-9.953234258182622D0,-6.635489505455081D0,-3.317744752727541D0,  0000031P   1354
0.0D0,0.0D0,0.0D0,0.0D0,1.0D0,1.0D0,1.0D0,1.0D0,1.0D0,1.0D0,     0000031P   1355
1.0D0,1.0D0,1.0D0,1.0D0,1.0D0,1.0D0,1.0D0,1.0D0,1.0D0,1.0D0,     0000031P   1356
1.0D0,1.0D0,1.0D0,1.0D0,1.0D0,1.0D0,1.0D0,1.0D0,1.0D0,1.0D0,     0000031P   1357
1.0D0,1.0D0,1.0D0,1.0D0,1.0D0,1.0D0,1.0D0,1.0D0,1.0D0,1.0D0,     0000031P   1358
1.0D0,1.0D0,1.0D0,1.0D0,1.0D0,1.0D0,1.0D0,1.0D0,1.0D0,1.0D0,     0000031P   1359
1.0D0,1.0D0,1.0D0,1.0D0,1.0D0,1.0D0,1.0D0,1.0D0,1.0D0,1.0D0,     0000031P   1360
1.0D0,1.0D0,1.0D0,1.0D0,1.0D0,1.0D0,1.0D0,1.0D0,1.0D0,1.0D0,     0000031P   1361
1.0D0,1.0D0,1.0D0,1.0D0,1.0D0,1.0D0,1.0D0,1.0D0,1.0D0,1.0D0,     0000031P   1362
1.0D0,1.0D0,1.0D0,1.0D0,-272.0D0,0.0D0,215.0648537296854D0,      0000031P   1363
-272.0D0,0.0D0,215.0648537296854D0,-272.0000000000005D0,         0000031P   1364
-1.315532237432222D0,215.4773469873466D0,-272.0D0,0.0D0,         0000031P   1365
215.9930982906792D0,-272.0000000000005D0,-3.874972805711051D0,   0000031P   1366
216.2764009459821D0,-272.0D0,0.0D0,217.8495874126669D0,          0000031P   1367
-271.9999999999991D0,-7.838674309490382D0,217.4174006171946D0,   0000031P   1368
-272.0D0,0.0D0,220.6343210956483D0,-272.0D0,                     0000031P   1369
-11.79319792881577D0,218.465559375102D0,-272.0D0,0.0D0,          0000031P   1370
223.4190547786298D0,-272.0D0,-15.71445812422673D0,               0000031P   1371
219.5248156753063D0,-272.0D0,0.0D0,226.2037884616113D0,          0000031P   1372
-271.9999999999991D0,-19.62495969437643D0,220.7256923199486D0,   0000031P   1373
-272.0D0,0.0D0,228.9885221445927D0,-272.0D0,                     0000031P   1374
-23.54225715549392D0,222.0066632124376D0,-272.0D0,0.0D0,         0000031P   1375
231.7732558275742D0,-271.9999999999991D0,-27.41609939720617D0,   0000031P   1376
223.282441178433D0,-272.0D0,0.0D0,234.5579895105557D0,-272.0D0,  0000031P   1377
-31.2899889849697D0,224.586179871382D0,-272.0D0,0.0D0,           0000031P   1378
237.3427231935372D0,-272.0D0,-35.18619581304012D0,               0000031P   1379
225.9711784270762D0,-272.0D0,0.0D0,240.1274568765186D0,-272.0D0, 0000031P   1380
-38.94691261716503D0,227.4346090278247D0,-272.0D0,0.0D0,         0000031P   1381
242.9121905595001D0,-271.9999999999991D0,-42.74570960123367D0,   0000031P   1382
229.0549984186639D0,-272.0D0,0.0D0,245.6969242424815D0,          0000031P   1383
-272.0000000000005D0,-46.43138622170748D0,230.7899815954712D0,   0000031P   1384
-272.0D0,0.0D0,248.481657925463D0,-272.0D0,-50.07382605666977D0, 0000031P   1385
232.6609352366977D0,-272.0D0,0.0D0,251.2663916084445D0,-272.0D0, 0000031P   1386
-53.60814115167311D0,234.6538054022969D0,-272.0D0,0.0D0,         0000031P   1387
254.051125291426D0,-272.0000000000005D0,-57.10566435677365D0,    0000031P   1388
236.8034719526996D0,-272.0D0,0.0D0,256.8358589744075D0,-272.0D0, 0000031P   1389
-60.47476736975959D0,239.1420736941867D0,-272.0D0,0.0D0,         0000031P   1390
259.620592657389D0,-272.0000000000005D0,-63.65512803231859D0,    0000031P   1391
241.7749105586045D0,-272.0D0,0.0D0,262.4053263403706D0,-272.0D0, 0000031P   1392
-66.56703156329417D0,244.57242245773D0,-272.0D0,0.0D0,           0000031P   1393
265.190060023352D0,-272.0D0,-69.37070870139368D0,                0000031P   1394
247.6502445283114D0,-272.0D0,0.0D0,267.9747937063335D0,-272.0D0, 0000031P   1395
-71.89101368464156D0,250.8056370268639D0,-272.0D0,0.0D0,         0000031P   1396
270.7595273893149D0,-271.9999999999991D0,-74.23009789438623D0,   0000031P   1397
254.2371213987412D0,-272.0D0,0.0D0,273.5442610722965D0,          0000031P   1398
-271.9999999999996D0,-76.12023649691102D0,257.8060928025311D0,   0000031P   1399
-272.0D0,0.0D0,276.3289947552779D0,-271.9999999999991D0,         0000031P   1400
-77.62739762152606D0,261.6479444998798D0,-272.0D0,0.0D0,         0000031P   1401
279.1137284382593D0,-272.0D0,-78.74733389066483D0,               0000031P   1402
265.5993375020703D0,-272.0D0,0.0D0,281.8984621212409D0,          0000031P   1403
-272.0000000000005D0,-79.42172648064138D0,269.6645416338333D0,   0000031P   1404
-272.0D0,0.0D0,284.6831958042223D0,-271.9999999999991D0,         0000031P   1405
-79.60868020890209D0,273.703225341749D0,-272.0D0,0.0D0,          0000031P   1406
287.4679294872038D0,-271.9999999999996D0,-79.44275549181552D0,   0000031P   1407
277.8695556316745D0,-272.0D0,0.0D0,290.2526631701853D0,-272.0D0, 0000031P   1408
-78.96291235127194D0,281.9030051135896D0,-272.0D0,0.0D0,         0000031P   1409
293.0373968531667D0,-272.0D0,-78.12842129575142D0,               0000031P   1410
285.9588330501176D0,-272.0D0,0.0D0,295.8221305361482D0,-272.0D0, 0000031P   1411
-77.36198031810331D0,289.9481837604929D0,-272.0D0,0.0D0,         0000031P   1412
298.6068642191297D0,-271.9999999999991D0,-76.57039883117852D0,   0000031P   1413
293.9911446819998D0,-272.0D0,0.0D0,301.3915979021112D0,          0000031P   1414
-271.9999999999996D0,-75.79676589657035D0,297.9627058870455D0,   0000031P   1415
-272.0D0,0.0D0,304.1763315850926D0,-272.0000000000009D0,         0000031P   1416
-75.0046327828549D0,302.0241231136965D0,-272.0D0,0.0D0,          0000031P   1417
306.9610652680741D0,-271.9999999999996D0,-74.22351917662616D0,   0000031P   1418
306.0311342052653D0,-272.0D0,0.0D0,309.7457989510556D0,          0000031P   1419
-271.9999999999996D0,-73.43611073806032D0,310.0706719397539D0,   0000031P   1420
-272.0D0,0.0D0,312.5305326340371D0,-272.0D0,                     0000031P   1421
-72.66078256649317D0,314.0490734918299D0,-272.0000000000001D0,   0000031P   1422
0.0D0,315.3152663170185D0,-272.0D0,-72.13037949656975D0,         0000031P   1423
316.7709674857736D0,-272.0D0,0.0D0,317.1717554390062D0,-272.0D0, 0000031P   1424
-71.87143457799614D0,318.1D0,-272.0D0,0.0D0,318.1000000000001D0, 0000031P   1425
-71.87143457799611D0,0.0D0,-122.756555850919D0,0.0D0;            0000031P   1426
S0000001G0000012D0000032P0001426                                        T      1
